customer_id,contract,internet_service,tech_support,payment_method,paperless_billing,churn
7590-VHVEG,Month-to-month,DSL,No,Electronic check,Yes,No
5575-GNVDE,One year,DSL,No,Mailed check,No,No
3668-QPYBK,Month-to-month,DSL,No,Mailed check,Yes,Yes
7795-CFOCW,One year,DSL,Yes,Bank transfer (automatic),No,No
9237-HQITU,Month-to-month,Fiber optic,No,Electronic check,Yes,Yes
9305-CDSKC,Month-to-month,Fiber optic,No,Electronic check,Yes,Yes
1452-KIOVK,Month-to-month,Fiber optic,No,Credit card (automatic),Yes,No
6713-OKOMC,Month-to-month,DSL,No,Mailed check,No,No
7892-POOKP,Month-to-month,Fiber optic,Yes,Electronic check,Yes,Yes
6388-TABGU,One year,DSL,No,Bank transfer (automatic),No,No
9763-GRSKD,Month-to-month,DSL,No,Mailed check,Yes,No
7469-LKBCI,Two year,No,No internet service,Credit card (automatic),No,No
8091-TTVAX,One year,Fiber optic,No,Credit card (automatic),No,No
0280-XJGEX,Month-to-month,Fiber optic,No,Bank transfer (automatic),Yes,Yes
5129-JLPIS,Month-to-month,Fiber optic,Yes,Electronic check,Yes,No
3655-SNQYZ,Two year,Fiber optic,Yes,Credit card (automatic),No,No
8191-XWSZG,One year,No,No internet service,Mailed check,No,No
9959-WOFKT,Two year,Fiber optic,No,Bank transfer (automatic),No,No
4190-MFLUW,Month-to-month,DSL,Yes,Credit card (automatic),No,Yes
4183-MYFRB,Month-to-month,Fiber optic,No,Electronic check,Yes,No
8779-QRDMV,Month-to-month,DSL,No,Electronic check,Yes,Yes
1680-VDCWW,One year,No,No internet service,Bank transfer (automatic),No,No
1066-JKSGK,Month-to-month,No,No internet service,Mailed check,No,Yes
3638-WEABW,Two year,DSL,Yes,Credit card (automatic),Yes,No
6322-HRPFA,Month-to-month,DSL,Yes,Credit card (automatic),No,No
6865-JZNKO,Month-to-month,DSL,No,Bank transfer (automatic),Yes,No
6467-CHFZW,Month-to-month,Fiber optic,No,Electronic check,Yes,Yes
8665-UTDHZ,Month-to-month,DSL,No,Electronic check,No,Yes
5248-YGIJN,Two year,DSL,Yes,Credit card (automatic),Yes,No
8773-HHUOZ,Month-to-month,DSL,No,Mailed check,Yes,Yes
3841-NFECX,Two year,Fiber optic,Yes,Credit card (automatic),Yes,No
4929-XIHVW,Month-to-month,Fiber optic,No,Credit card (automatic),Yes,No
6827-IEAUQ,One year,DSL,Yes,Mailed check,No,No
7310-EGVHZ,Month-to-month,No,No internet service,Bank transfer (automatic),No,No
3413-BMNZE,Month-to-month,DSL,No,Bank transfer (automatic),No,No
6234-RAAPL,Two year,Fiber optic,Yes,Bank transfer (automatic),No,No
6047-YHPVI,Month-to-month,Fiber optic,No,Electronic check,Yes,Yes
6572-ADKRS,Month-to-month,Fiber optic,No,Credit card (automatic),Yes,No
5380-WJKOV,Month-to-month,Fiber optic,No,Electronic check,Yes,Yes
8168-UQWWF,Month-to-month,Fiber optic,No,Bank transfer (automatic),Yes,Yes
8865-TNMNX,One year,DSL,No,Mailed check,No,No
9489-DEDVP,Two year,DSL,No,Credit card (automatic),Yes,No
9867-JCZSP,One year,No,No internet service,Mailed check,No,No
4671-VJLCL,Two year,DSL,Yes,Credit card (automatic),Yes,No
4080-IIARD,Month-to-month,DSL,Yes,Electronic check,Yes,No
3714-NTNFO,Month-to-month,Fiber optic,No,Electronic check,Yes,No
5948-UJZLF,Month-to-month,DSL,No,Mailed check,No,No
7760-OYPDY,Month-to-month,Fiber optic,No,Electronic check,Yes,Yes
7639-LIAYI,Two year,DSL,Yes,Credit card (automatic),Yes,No
2954-PIBKO,Two year,DSL,Yes,Credit card (automatic),Yes,No
8012-SOUDQ,Month-to-month,Fiber optic,No,Electronic check,Yes,No
9420-LOJKX,Month-to-month,Fiber optic,No,Credit card (automatic),Yes,Yes
6575-SUVOI,Month-to-month,DSL,Yes,Credit card (automatic),Yes,No
7495-OOKFY,Month-to-month,Fiber optic,No,Credit card (automatic),Yes,Yes
4667-QONEA,One year,DSL,Yes,Credit card (automatic),Yes,No
1658-BYGOY,Month-to-month,Fiber optic,No,Electronic check,Yes,Yes
8769-KKTPH,One year,Fiber optic,No,Credit card (automatic),Yes,No
5067-XJQFU,One year,Fiber optic,Yes,Electronic check,Yes,No
3957-SQXML,Two year,No,No internet service,Credit card (automatic),No,No
5954-BDFSG,Two year,Fiber optic,Yes,Credit card (automatic),Yes,No
0434-CSFON,Month-to-month,Fiber optic,No,Electronic check,Yes,No
1215-FIGMP,Month-to-month,Fiber optic,No,Bank transfer (automatic),Yes,No
0526-SXDJP,Two year,DSL,No,Bank transfer (automatic),No,No
0557-ASKVU,One year,DSL,Yes,Credit card (automatic),Yes,No
5698-BQJOH,Month-to-month,Fiber optic,No,Electronic check,No,Yes
5122-CYFXA,Month-to-month,DSL,Yes,Electronic check,Yes,No
8627-ZYGSZ,One year,Fiber optic,No,Electronic check,Yes,No
3410-YOQBQ,Two year,DSL,Yes,Mailed check,No,No
3170-NMYVV,Two year,No,No internet service,Bank transfer (automatic),No,No
7410-OIEDU,Month-to-month,Fiber optic,No,Mailed check,Yes,No
2273-QCKXA,Month-to-month,DSL,Yes,Mailed check,No,No
0731-EBJQB,One year,No,No internet service,Electronic check,Yes,No
1891-QRQSA,Two year,Fiber optic,Yes,Bank transfer (automatic),Yes,No
8028-PNXHQ,Two year,No,No internet service,Bank transfer (automatic),Yes,No
5630-AHZIL,Month-to-month,DSL,Yes,Bank transfer (automatic),Yes,No
2673-CXQEU,One year,Fiber optic,No,Electronic check,No,No
6416-JNVRK,One year,DSL,No,Credit card (automatic),No,No
5590-ZSKRV,Month-to-month,DSL,No,Mailed check,No,No
0191-ZHSKZ,Month-to-month,DSL,No,Electronic check,Yes,No
3887-PBQAO,One year,No,No internet service,Credit card (automatic),Yes,No
5919-TMRGD,Month-to-month,Fiber optic,No,Electronic check,Yes,Yes
8108-UXRQN,Month-to-month,DSL,No,Electronic check,No,No
9191-MYQKX,Month-to-month,Fiber optic,No,Bank transfer (automatic),Yes,Yes
9919-YLNNG,Month-to-month,Fiber optic,Yes,Bank transfer (automatic),Yes,No
0318-ZOPWS,Two year,No,No internet service,Bank transfer (automatic),Yes,No
4445-ZJNMU,Month-to-month,Fiber optic,No,Credit card (automatic),Yes,No
4808-YNLEU,One year,DSL,No,Bank transfer (automatic),Yes,No
1862-QRWPE,Two year,No,No internet service,Bank transfer (automatic),No,No
2796-NNUFI,Two year,No,No internet service,Mailed check,Yes,No
3016-KSVCP,Month-to-month,DSL,No,Mailed check,No,No
4767-HZZHQ,Month-to-month,Fiber optic,No,Bank transfer (automatic),No,No
2424-WVHPL,Month-to-month,Fiber optic,Yes,Electronic check,No,No
7233-PAHHL,Two year,DSL,Yes,Mailed check,Yes,No
6067-NGCEU,Month-to-month,Fiber optic,No,Credit card (automatic),Yes,No
9848-JQJTX,Two year,Fiber optic,No,Bank transfer (automatic),Yes,No
8637-XJIVR,Month-to-month,Fiber optic,No,Electronic check,Yes,Yes
9803-FTJCG,One year,DSL,Yes,Credit card (automatic),Yes,No
0278-YXOOG,Month-to-month,No,No internet service,Mailed check,No,Yes
3212-KXOCR,Two year,No,No internet service,Bank transfer (automatic),No,No
4598-XLKNJ,Month-to-month,Fiber optic,No,Electronic check,Yes,Yes
6380-ARCEH,Month-to-month,No,No internet service,Mailed check,No,No
3679-XASPY,Month-to-month,No,No internet service,Electronic check,No,No
7123-WQUHX,One year,Fiber optic,Yes,Bank transfer (automatic),No,No
5386-THSLQ,One year,DSL,No,Bank transfer (automatic),No,No
3192-NQECA,Two year,Fiber optic,Yes,Bank transfer (automatic),Yes,Yes
6180-YBIQI,Month-to-month,DSL,No,Mailed check,No,No
6728-DKUCO,One year,Fiber optic,No,Electronic check,Yes,No
9750-BOOHV,One year,DSL,No,Mailed check,No,No
8597-CWYHH,One year,Fiber optic,No,Mailed check,No,No
2848-YXSMW,Two year,No,No internet service,Credit card (automatic),No,No
0486-HECZI,Month-to-month,Fiber optic,No,Electronic check,Yes,Yes
4549-ZDQYY,One year,DSL,Yes,Credit card (automatic),No,No
5712-AHQNN,Month-to-month,Fiber optic,No,Electronic check,Yes,No
4846-WHAFZ,Month-to-month,Fiber optic,No,Electronic check,Yes,Yes
5256-SKJGO,Two year,DSL,Yes,Electronic check,Yes,No
3071-VBYPO,Month-to-month,Fiber optic,No,Electronic check,No,No
9560-BBZXK,Two year,DSL,No,Bank transfer (automatic),No,No
5299-RULOA,Month-to-month,Fiber optic,No,Electronic check,Yes,Yes
8402-OOOHJ,Two year,No,No internet service,Mailed check,No,No
9445-ZUEQE,Month-to-month,Fiber optic,Yes,Credit card (automatic),Yes,No
1091-SOZGA,One year,Fiber optic,No,Credit card (automatic),Yes,No
2928-HLDBA,Month-to-month,No,No internet service,Mailed check,No,No
0404-SWRVG,Month-to-month,Fiber optic,No,Electronic check,Yes,Yes
6497-TILVL,Month-to-month,DSL,No,Mailed check,No,No
7219-TLZHO,Month-to-month,No,No internet service,Mailed check,No,No
4622-YNKIJ,Two year,Fiber optic,Yes,Electronic check,Yes,No
4412-YLTKF,Month-to-month,Fiber optic,No,Electronic check,Yes,Yes
6734-PSBAW,Two year,No,No internet service,Bank transfer (automatic),Yes,No
3930-ZGWVE,Month-to-month,No,No internet service,Mailed check,No,No
2639-UGMAZ,One year,DSL,No,Electronic check,Yes,No
2876-GZYZC,Month-to-month,Fiber optic,No,Electronic check,Yes,No
6207-WIOLX,Month-to-month,DSL,No,Credit card (automatic),Yes,Yes
8587-XYZSF,Two year,DSL,Yes,Bank transfer (automatic),No,No
3091-FYHKI,Month-to-month,DSL,No,Electronic check,Yes,Yes
2372-HWUHI,Month-to-month,DSL,No,Electronic check,No,Yes
7799-LGRDP,Two year,No,No internet service,Credit card (automatic),Yes,No
7850-VWJUU,Month-to-month,Fiber optic,No,Bank transfer (automatic),Yes,No
3774-VBNXY,Two year,No,No internet service,Mailed check,No,No
6217-KDYWC,Two year,No,No internet service,Mailed check,Yes,No
0390-DCFDQ,Month-to-month,Fiber optic,No,Mailed check,Yes,Yes
3146-MSEGF,Two year,DSL,Yes,Credit card (automatic),Yes,No
4080-OGPJL,Month-to-month,DSL,Yes,Electronic check,No,Yes
1095-WGNGG,Two year,Fiber optic,No,Bank transfer (automatic),Yes,No
2636-SJDOU,One year,Fiber optic,No,Credit card (automatic),Yes,No
1131-QQZEB,Two year,No,No internet service,Bank transfer (automatic),No,No
5716-EZXZN,Two year,Fiber optic,Yes,Credit card (automatic),Yes,No
6837-BJYDQ,One year,No,No internet service,Mailed check,No,No
2135-RXIHG,Month-to-month,DSL,No,Electronic check,Yes,Yes
6440-DKQGE,One year,DSL,No,Credit card (automatic),No,No
3466-BYAVD,Month-to-month,DSL,Yes,Mailed check,Yes,No
3780-YVMFA,Month-to-month,DSL,Yes,Electronic check,Yes,No
3874-EQOEP,Month-to-month,Fiber optic,No,Mailed check,No,Yes
1679-JRFBR,One year,Fiber optic,No,Credit card (automatic),Yes,No
9073-ZZIAY,Two year,DSL,Yes,Electronic check,No,No
3077-RSNTJ,Month-to-month,No,No internet service,Mailed check,No,No
6551-GNYDG,Month-to-month,Fiber optic,No,Bank transfer (automatic),Yes,No
9167-APMXZ,Month-to-month,Fiber optic,No,Bank transfer (automatic),Yes,No
2749-CTKAJ,One year,No,No internet service,Mailed check,No,No
6371-NZYEG,Two year,DSL,No,Mailed check,No,No
7554-NEWDD,Two year,No,No internet service,Bank transfer (automatic),No,No
8992-VONJD,Month-to-month,DSL,No,Electronic check,Yes,No
0867-MKZVY,Month-to-month,Fiber optic,No,Electronic check,No,Yes
4482-EWFMI,Month-to-month,Fiber optic,No,Electronic check,Yes,No
4648-YPBTM,Two year,DSL,Yes,Bank transfer (automatic),Yes,No
2907-ILJBN,One year,No,No internet service,Mailed check,No,No
6345-FZOQH,Two year,No,No internet service,Mailed check,No,No
3376-BMGFE,Month-to-month,Fiber optic,No,Bank transfer (automatic),Yes,Yes
5997-OPVFA,Two year,DSL,Yes,Bank transfer (automatic),Yes,No
3445-HXXGF,Month-to-month,DSL,No,Electronic check,Yes,Yes
1159-WFSGR,Month-to-month,No,No internet service,Electronic check,No,No
7654-YWJUF,One year,Fiber optic,Yes,Bank transfer (automatic),Yes,No
1875-QIVME,Month-to-month,Fiber optic,Yes,Electronic check,Yes,Yes
6727-IOTLZ,Two year,DSL,Yes,Mailed check,No,No
0691-JVSYA,One year,Fiber optic,No,Bank transfer (automatic),Yes,Yes
5918-VUKWP,One year,No,No internet service,Bank transfer (automatic),No,No
1744-JHKYS,Month-to-month,No,No internet service,Electronic check,No,No
2656-FMOKZ,Month-to-month,Fiber optic,No,Mailed check,Yes,Yes
2070-FNEXE,Month-to-month,Fiber optic,No,Bank transfer (automatic),No,Yes
5947-SGKCL,Month-to-month,Fiber optic,No,Bank transfer (automatic),Yes,No
3712-PKXZA,One year,No,No internet service,Credit card (automatic),Yes,No
6317-YPKDH,Month-to-month,DSL,No,Bank transfer (automatic),No,Yes
6582-OIVSP,Month-to-month,DSL,No,Mailed check,No,No
9367-WXLCH,Month-to-month,Fiber optic,No,Bank transfer (automatic),No,Yes
5524-KHNJP,One year,DSL,No,Credit card (automatic),No,No
1918-ZBFQJ,Month-to-month,Fiber optic,No,Electronic check,Yes,Yes
1024-GUALD,Month-to-month,DSL,No,Electronic check,Yes,Yes
4827-USJHP,Month-to-month,DSL,No,Mailed check,Yes,No
8167-GJLRN,Month-to-month,DSL,Yes,Electronic check,No,No
0956-SYCWG,One year,No,No internet service,Electronic check,No,No
8017-UVSZU,Month-to-month,DSL,No,Credit card (automatic),No,No
7100-FQPRV,One year,DSL,Yes,Credit card (automatic),Yes,No
2472-OVKUP,Month-to-month,Fiber optic,No,Electronic check,Yes,Yes
2984-RGEYA,Two year,No,No internet service,Bank transfer (automatic),No,No
9680-NIAUV,Two year,Fiber optic,No,Credit card (automatic),No,No
2146-EGVDT,Two year,No,No internet service,Credit card (automatic),No,No
2604-IJPDU,Month-to-month,Fiber optic,Yes,Electronic check,Yes,No
9178-JHUVJ,Two year,No,No internet service,Bank transfer (automatic),Yes,No
6168-YBYNP,Month-to-month,Fiber optic,Yes,Electronic check,Yes,No
7255-SSFBC,Two year,Fiber optic,Yes,Bank transfer (automatic),Yes,No
3645-DEYGF,Month-to-month,No,No internet service,Mailed check,No,No
9323-HGFWY,One year,Fiber optic,Yes,Credit card (automatic),Yes,No
8544-GOQSH,Month-to-month,Fiber optic,Yes,Credit card (automatic),Yes,No
3363-DTIVD,Two year,Fiber optic,No,Electronic check,No,No
7018-WBJNK,Month-to-month,Fiber optic,No,Credit card (automatic),Yes,No
9142-KZXOP,Month-to-month,Fiber optic,No,Credit card (automatic),No,No
7674-YTAFD,One year,Fiber optic,Yes,Bank transfer (automatic),Yes,No
6348-SNFUS,Two year,DSL,Yes,Credit card (automatic),Yes,No
1285-OKIPP,Month-to-month,Fiber optic,No,Electronic check,No,Yes
7825-ECJRF,Month-to-month,Fiber optic,Yes,Electronic check,Yes,Yes
1347-KTTTA,One year,Fiber optic,Yes,Credit card (automatic),Yes,No
7841-TZDMQ,Month-to-month,DSL,No,Credit card (automatic),Yes,Yes
4195-NZGTA,Month-to-month,DSL,No,Electronic check,No,No
7157-SMCFK,Two year,No,No internet service,Mailed check,No,No
4709-LKHYG,One year,No,No internet service,Electronic check,No,No
2504-DSHIH,Month-to-month,Fiber optic,No,Electronic check,No,No
0699-NDKJM,Month-to-month,DSL,No,Bank transfer (automatic),Yes,No
9286-BHDQG,Two year,DSL,Yes,Credit card (automatic),No,No
0230-WEQUW,Two year,DSL,Yes,Bank transfer (automatic),Yes,No
2040-LDIWQ,Two year,DSL,Yes,Bank transfer (automatic),Yes,No
6496-JDSSB,Month-to-month,Fiber optic,No,Bank transfer (automatic),Yes,No
9408-SSNVZ,Month-to-month,Fiber optic,No,Electronic check,Yes,Yes
4443-EMBNA,Two year,No,No internet service,Bank transfer (automatic),No,No
6469-MRVET,One year,No,No internet service,Electronic check,Yes,No
0742-MOABM,Month-to-month,DSL,Yes,Mailed check,No,Yes
5961-VUSRV,One year,No,No internet service,Bank transfer (automatic),Yes,No
6778-JFCMK,One year,DSL,No,Mailed check,Yes,No
6341-JVQGF,One year,DSL,Yes,Mailed check,Yes,No
2232-DMLXU,Month-to-month,DSL,No,Mailed check,No,Yes
4811-JBUVU,Month-to-month,Fiber optic,Yes,Credit card (automatic),Yes,No
0945-TSONX,Two year,DSL,Yes,Credit card (automatic),Yes,No
2651-ZCBXV,Two year,Fiber optic,Yes,Credit card (automatic),Yes,No
3316-UWXUY,Month-to-month,Fiber optic,Yes,Credit card (automatic),Yes,No
8937-RDTHP,Month-to-month,Fiber optic,No,Mailed check,Yes,Yes
7083-MIOPC,Two year,No,No internet service,Credit card (automatic),No,No
1984-GPTEH,Month-to-month,No,No internet service,Electronic check,No,No
1251-KRREG,Month-to-month,DSL,No,Mailed check,Yes,Yes
0621-JFHOL,Two year,DSL,Yes,Mailed check,Yes,No
9903-LYSAB,Month-to-month,Fiber optic,No,Electronic check,Yes,No
0094-OIFMO,Month-to-month,Fiber optic,No,Electronic check,Yes,Yes
9227-UAQFT,Two year,No,No internet service,Mailed check,No,No
7301-ABVAD,Two year,DSL,Yes,Bank transfer (automatic),No,No
6614-FHDBO,Two year,Fiber optic,Yes,Bank transfer (automatic),No,No
7576-ASEJU,One year,DSL,Yes,Credit card (automatic),Yes,No
9058-HRZSV,Month-to-month,Fiber optic,No,Electronic check,No,No
4522-AKYLR,Month-to-month,DSL,No,Electronic check,Yes,No
0221-WMXNQ,Month-to-month,Fiber optic,No,Electronic check,No,No
0303-UNCIP,One year,DSL,No,Mailed check,No,No
9947-OTFQU,Month-to-month,Fiber optic,No,Electronic check,Yes,Yes
0322-YINQP,Month-to-month,DSL,No,Mailed check,Yes,Yes
0959-WHOKV,One year,Fiber optic,No,Electronic check,Yes,No
4075-JFPGR,One year,Fiber optic,No,Electronic check,Yes,No
4629-NRXKX,Month-to-month,Fiber optic,No,Electronic check,No,Yes
9514-JDSKI,Month-to-month,DSL,No,Electronic check,No,Yes
3282-ZISZV,One year,DSL,Yes,Credit card (automatic),No,No
3675-YDUPJ,Month-to-month,No,No internet service,Mailed check,Yes,No
4111-BNXIF,Two year,DSL,Yes,Electronic check,Yes,No
7017-VFHAY,Two year,Fiber optic,Yes,Credit card (automatic),No,No
6655-LHBYW,One year,Fiber optic,Yes,Credit card (automatic),No,No
4959-JOSRX,Month-to-month,DSL,No,Credit card (automatic),Yes,Yes
5046-NUHWD,Month-to-month,DSL,No,Electronic check,Yes,No
7273-TEFQD,Month-to-month,DSL,No,Electronic check,Yes,Yes
3606-TWKGI,Month-to-month,Fiber optic,No,Electronic check,Yes,Yes
7529-ZDFXI,Month-to-month,Fiber optic,No,Electronic check,Yes,No
7605-BDWDC,Two year,DSL,Yes,Bank transfer (automatic),Yes,No
1950-KSVVJ,One year,Fiber optic,Yes,Mailed check,No,No
0123-CRBRT,Two year,DSL,Yes,Mailed check,No,No
6292-TOSSS,Two year,No,No internet service,Bank transfer (automatic),No,No
3197-ARFOY,Month-to-month,Fiber optic,Yes,Mailed check,Yes,No
6323-AYBRX,Two year,No,No internet service,Mailed check,No,Yes
7014-ZZXAW,Two year,No,No internet service,Credit card (automatic),Yes,No
4385-GZQXV,Month-to-month,Fiber optic,Yes,Electronic check,Yes,Yes
7633-MVPUY,Two year,DSL,Yes,Electronic check,Yes,No
6366-ZGQGL,Month-to-month,DSL,No,Bank transfer (automatic),No,Yes
4716-HHKQH,Month-to-month,Fiber optic,Yes,Electronic check,No,No
5940-AHUHD,Month-to-month,Fiber optic,No,Mailed check,No,Yes
6432-TWQLB,Month-to-month,Fiber optic,Yes,Electronic check,Yes,Yes
4484-GLZOU,Month-to-month,Fiber optic,No,Electronic check,Yes,Yes
3179-GBRWV,Month-to-month,DSL,No,Bank transfer (automatic),Yes,No
8645-KWHJO,Month-to-month,DSL,Yes,Electronic check,Yes,No
4130-MZLCC,Month-to-month,DSL,No,Bank transfer (automatic),No,No
0314-TKOSI,Month-to-month,DSL,No,Mailed check,No,No
8229-MYEJZ,Month-to-month,DSL,No,Electronic check,No,No
2080-SRCDE,Month-to-month,No,No internet service,Mailed check,No,No
9577-WJVCQ,Month-to-month,DSL,No,Mailed check,No,No
9512-UIBFX,Month-to-month,Fiber optic,No,Mailed check,No,Yes
6202-DYYFX,One year,Fiber optic,No,Credit card (automatic),Yes,No
3808-HFKDE,Month-to-month,DSL,No,Electronic check,Yes,No
5583-SXDAG,Month-to-month,Fiber optic,No,Electronic check,No,Yes
3488-PGMQJ,Month-to-month,Fiber optic,No,Electronic check,Yes,Yes
3580-REOAC,Month-to-month,DSL,No,Credit card (automatic),Yes,Yes
7534-BFESC,Month-to-month,Fiber optic,No,Electronic check,Yes,Yes
3727-OWVYD,One year,DSL,No,Mailed check,No,No
2294-SALNE,One year,Fiber optic,Yes,Mailed check,No,No
4847-TAJYI,Month-to-month,Fiber optic,No,Electronic check,Yes,No
1563-IWQEX,Month-to-month,No,No internet service,Mailed check,No,No
8203-XJZRC,Month-to-month,No,No internet service,Mailed check,No,No
6556-DBKZF,Two year,Fiber optic,No,Electronic check,No,No
6851-WEFYX,Month-to-month,Fiber optic,No,Electronic check,Yes,No
2985-JUUBZ,Month-to-month,DSL,No,Electronic check,Yes,No
6390-DSAZX,Month-to-month,Fiber optic,No,Mailed check,Yes,Yes
0895-LMRSF,One year,DSL,No,Bank transfer (automatic),Yes,No
8098-LLAZX,Month-to-month,Fiber optic,No,Electronic check,Yes,Yes
8266-VBFQL,Month-to-month,Fiber optic,Yes,Electronic check,Yes,No
8181-YHCMF,Two year,DSL,Yes,Credit card (automatic),No,No
2240-HSJQD,Month-to-month,Fiber optic,No,Mailed check,Yes,No
1248-DYXUB,Two year,No,No internet service,Mailed check,No,No
0265-EDXBD,Month-to-month,Fiber optic,No,Electronic check,Yes,Yes
4115-BNPJY,Two year,DSL,Yes,Mailed check,No,No
3167-SNQPL,Month-to-month,Fiber optic,No,Electronic check,No,No
4091-TVOCN,One year,DSL,No,Credit card (automatic),Yes,No
1098-TDVUQ,Month-to-month,No,No internet service,Bank transfer (automatic),Yes,No
7277-OZCGZ,Month-to-month,Fiber optic,Yes,Electronic check,Yes,No
1557-EMYVT,Two year,Fiber optic,Yes,Credit card (automatic),No,No
2799-ARNLO,Month-to-month,Fiber optic,No,Electronic check,Yes,No
7563-BIUPC,Month-to-month,Fiber optic,No,Electronic check,Yes,Yes
5027-YOCXN,One year,Fiber optic,Yes,Credit card (automatic),No,No
3973-SKMLN,Two year,No,No internet service,Credit card (automatic),Yes,No
2321-OMBXY,One year,DSL,Yes,Credit card (automatic),No,Yes
2840-XANRC,Month-to-month,Fiber optic,No,Electronic check,Yes,Yes
6745-JEFZB,Month-to-month,Fiber optic,Yes,Credit card (automatic),Yes,No
5020-ZSTTY,One year,DSL,Yes,Bank transfer (automatic),No,Yes
9880-TDQAC,Two year,DSL,Yes,Electronic check,Yes,No
8705-WZCYL,Month-to-month,DSL,No,Electronic check,Yes,No
7102-JJVTX,One year,DSL,No,Mailed check,No,No
8626-PTQGE,Two year,DSL,Yes,Bank transfer (automatic),Yes,No
4983-CLMLV,Month-to-month,Fiber optic,Yes,Credit card (automatic),Yes,No
5701-YVSVF,Month-to-month,Fiber optic,Yes,Electronic check,Yes,No
5804-LEPIM,Month-to-month,Fiber optic,No,Electronic check,Yes,Yes
5697-GOMBF,Month-to-month,DSL,No,Electronic check,Yes,No
2739-CACDQ,Month-to-month,Fiber optic,No,Credit card (automatic),Yes,No
9385-EHGDO,Two year,No,No internet service,Mailed check,Yes,No
9498-FIMXL,One year,No,No internet service,Mailed check,Yes,No
2379-GYFLQ,One year,Fiber optic,No,Credit card (automatic),Yes,No
0122-OAHPZ,Month-to-month,Fiber optic,No,Electronic check,Yes,Yes
2868-SNELZ,Month-to-month,Fiber optic,No,Mailed check,No,Yes
4322-RCYMT,One year,DSL,Yes,Bank transfer (automatic),Yes,Yes
6680-NENYN,Two year,Fiber optic,No,Electronic check,Yes,Yes
2088-IEBAU,Two year,DSL,Yes,Electronic check,Yes,No
7982-VCELR,Month-to-month,Fiber optic,No,Credit card (automatic),Yes,No
1343-EHPYB,Month-to-month,Fiber optic,No,Electronic check,Yes,Yes
6035-BXTTY,Month-to-month,DSL,Yes,Bank transfer (automatic),No,No
6885-PKOAM,Two year,DSL,Yes,Credit card (automatic),No,No
7520-HQWJU,Month-to-month,DSL,No,Bank transfer (automatic),Yes,No
9639-BUJXT,One year,No,No internet service,Mailed check,No,No
5924-SNGKP,One year,No,No internet service,Credit card (automatic),Yes,No
0021-IKXGC,Month-to-month,Fiber optic,No,Electronic check,Yes,No
2034-GDRCN,Month-to-month,Fiber optic,No,Electronic check,Yes,Yes
8966-SNIZF,Two year,No,No internet service,Bank transfer (automatic),No,No
6243-OZGFH,Month-to-month,DSL,No,Electronic check,Yes,No
4654-DLAMQ,One year,Fiber optic,No,Bank transfer (automatic),No,No
0513-RBGPE,Two year,DSL,Yes,Credit card (automatic),Yes,No
5160-UXJED,One year,DSL,No,Mailed check,No,No
4115-NZRKS,Month-to-month,Fiber optic,No,Electronic check,Yes,No
0219-YTZUE,Month-to-month,Fiber optic,No,Bank transfer (automatic),Yes,Yes
0623-IIHUG,Month-to-month,DSL,No,Electronic check,Yes,Yes
4572-DVCGN,Month-to-month,Fiber optic,No,Bank transfer (automatic),Yes,Yes
3351-NGXYI,Month-to-month,DSL,No,Electronic check,Yes,No
8984-EYLLL,Two year,Fiber optic,Yes,Electronic check,Yes,No
9057-MSWCO,Month-to-month,DSL,No,Credit card (automatic),No,Yes
9833-TGFHX,One year,Fiber optic,No,Electronic check,No,No
9294-TDIPC,Month-to-month,No,No internet service,Mailed check,No,No
5229-DTFYB,Two year,Fiber optic,Yes,Bank transfer (automatic),Yes,No
0104-PPXDV,One year,DSL,No,Credit card (automatic),No,No
5176-LMJXE,Two year,No,No internet service,Mailed check,Yes,No
3583-KRKMD,Month-to-month,Fiber optic,Yes,Bank transfer (automatic),Yes,No
1010-DIAUQ,Month-to-month,Fiber optic,No,Bank transfer (automatic),No,Yes
9069-LGEUL,Month-to-month,DSL,No,Bank transfer (automatic),Yes,No
7302-ZHMHP,Month-to-month,No,No internet service,Mailed check,No,No
9571-EDEBV,One year,Fiber optic,No,Credit card (automatic),Yes,No
3520-FJGCV,Two year,Fiber optic,Yes,Credit card (automatic),Yes,No
6563-VRERX,One year,No,No internet service,Mailed check,No,No
0259-GBZSH,Month-to-month,Fiber optic,No,Electronic check,Yes,Yes
6122-EFVKN,Two year,DSL,Yes,Mailed check,No,No
2805-EDJPQ,One year,Fiber optic,Yes,Credit card (automatic),Yes,No
6862-CQUMB,Month-to-month,Fiber optic,No,Credit card (automatic),Yes,No
7156-MXBJE,One year,DSL,Yes,Credit card (automatic),No,No
6158-HDPXZ,Month-to-month,DSL,No,Mailed check,No,No
9601-BRXPO,Month-to-month,Fiber optic,Yes,Bank transfer (automatic),Yes,Yes
2863-IMQDR,Two year,DSL,Yes,Electronic check,No,No
5686-CMAWK,One year,Fiber optic,Yes,Electronic check,No,No
5651-CRHKQ,One year,Fiber optic,Yes,Bank transfer (automatic),Yes,No
6905-NIQIN,Month-to-month,DSL,No,Mailed check,No,Yes
8204-YJCLA,Two year,DSL,Yes,Bank transfer (automatic),Yes,No
5167-ZFFMM,Month-to-month,Fiber optic,No,Credit card (automatic),Yes,Yes
6583-SZVGP,Two year,Fiber optic,No,Bank transfer (automatic),Yes,No
4895-TMWIR,Month-to-month,No,No internet service,Mailed check,No,Yes
0533-BNWKF,Month-to-month,Fiber optic,No,Electronic check,Yes,Yes
1708-PBBOA,One year,DSL,Yes,Electronic check,Yes,No
8782-LKFPK,Month-to-month,Fiber optic,No,Mailed check,Yes,No
5522-JBWMO,Month-to-month,DSL,No,Electronic check,No,No
3597-MVHJT,Month-to-month,Fiber optic,No,Bank transfer (automatic),Yes,No
9774-NRNAU,Month-to-month,DSL,Yes,Bank transfer (automatic),Yes,No
0224-RLWWD,Month-to-month,DSL,No,Electronic check,Yes,No
9967-ATRFS,Month-to-month,No,No internet service,Mailed check,No,No
3951-NJCVI,Month-to-month,Fiber optic,No,Electronic check,Yes,No
2977-CEBSX,Two year,DSL,Yes,Credit card (automatic),Yes,No
0177-PXBAT,Month-to-month,Fiber optic,Yes,Bank transfer (automatic),Yes,No
6599-CEBNN,Month-to-month,Fiber optic,No,Credit card (automatic),Yes,Yes
2519-ERQOJ,Month-to-month,DSL,Yes,Electronic check,Yes,No
5876-QMYLD,One year,No,No internet service,Mailed check,No,No
2277-AXSDC,One year,No,No internet service,Bank transfer (automatic),No,No
9442-JTWDL,One year,No,No internet service,Credit card (automatic),No,No
0979-PHULV,Month-to-month,Fiber optic,No,Credit card (automatic),Yes,Yes
3067-SVMTC,One year,DSL,Yes,Bank transfer (automatic),No,No
5495-GPSRW,Two year,No,No internet service,Mailed check,Yes,No
7606-BPHHN,Two year,No,No internet service,Credit card (automatic),Yes,No
4742-DRORA,One year,Fiber optic,No,Bank transfer (automatic),Yes,No
0111-KLBQG,Month-to-month,Fiber optic,No,Mailed check,Yes,No
4800-VHZKI,Month-to-month,No,No internet service,Mailed check,Yes,Yes
7989-CHGTL,Month-to-month,No,No internet service,Mailed check,Yes,Yes
0334-GDDSO,Month-to-month,Fiber optic,No,Electronic check,Yes,Yes
4163-NCJAK,One year,No,No internet service,Bank transfer (automatic),Yes,No
5233-AOZUF,Month-to-month,Fiber optic,No,Electronic check,Yes,No
5973-EJGDP,Month-to-month,Fiber optic,Yes,Electronic check,Yes,No
1996-DBMUS,Month-to-month,Fiber optic,No,Bank transfer (automatic),Yes,No
7916-VCCPB,Month-to-month,Fiber optic,No,Bank transfer (automatic),No,No
4686-GEFRM,Two year,Fiber optic,Yes,Bank transfer (automatic),Yes,No
5249-QYHEX,Two year,No,No internet service,Mailed check,Yes,No
0578-SKVMF,Month-to-month,Fiber optic,No,Electronic check,No,Yes
5564-NEMQO,Month-to-month,Fiber optic,No,Bank transfer (automatic),Yes,Yes
2233-FAGXV,Month-to-month,No,No internet service,Mailed check,Yes,No
5605-IYGFG,Month-to-month,Fiber optic,No,Bank transfer (automatic),Yes,No
7663-ZTEGJ,One year,Fiber optic,Yes,Credit card (automatic),No,No
3935-TBRZZ,One year,No,No internet service,Mailed check,No,No
8111-BKVDS,Month-to-month,DSL,No,Bank transfer (automatic),No,No
2055-SIFSS,Month-to-month,DSL,No,Bank transfer (automatic),No,No
2806-MLNTI,One year,Fiber optic,No,Bank transfer (automatic),Yes,No
8734-DKSTZ,Month-to-month,Fiber optic,No,Electronic check,No,No
4360-PNRQB,Month-to-month,Fiber optic,No,Bank transfer (automatic),Yes,No
6152-ONASV,One year,DSL,Yes,Bank transfer (automatic),No,No
9063-ZGTUY,Month-to-month,No,No internet service,Mailed check,Yes,Yes
7781-HVGMK,Two year,DSL,Yes,Credit card (automatic),Yes,No
2181-UAESM,Month-to-month,DSL,No,Electronic check,No,No
2957-LOLHO,Month-to-month,DSL,No,Bank transfer (automatic),Yes,Yes
6048-NJXHX,Two year,No,No internet service,Electronic check,Yes,No
2320-SLKMB,Month-to-month,DSL,Yes,Credit card (automatic),Yes,No
4980-URKXC,One year,No,No internet service,Bank transfer (automatic),No,No
4376-KFVRS,Two year,Fiber optic,Yes,Credit card (automatic),Yes,No
5886-VLQVU,Month-to-month,Fiber optic,Yes,Bank transfer (automatic),Yes,No
3577-AMVUX,Month-to-month,DSL,Yes,Mailed check,No,No
0771-WLCLA,Month-to-month,Fiber optic,Yes,Electronic check,Yes,No
5628-RKIFK,Month-to-month,Fiber optic,No,Credit card (automatic),No,No
0206-TBWLC,One year,Fiber optic,Yes,Mailed check,Yes,No
2937-FTHUR,Month-to-month,DSL,No,Electronic check,No,No
1910-FMXJM,Month-to-month,Fiber optic,No,Electronic check,No,No
7752-XUSCI,Month-to-month,Fiber optic,No,Electronic check,Yes,Yes
4110-PFEUZ,Month-to-month,Fiber optic,No,Mailed check,No,Yes
0732-OCQOC,Two year,No,No internet service,Bank transfer (automatic),Yes,No
5168-MSWXT,Month-to-month,Fiber optic,No,Electronic check,Yes,No
1090-ESELR,Two year,Fiber optic,Yes,Bank transfer (automatic),No,No
8592-PLTMQ,One year,No,No internet service,Mailed check,No,No
5760-WRAHC,Month-to-month,DSL,Yes,Mailed check,Yes,No
8847-GEOOQ,Month-to-month,DSL,Yes,Bank transfer (automatic),Yes,No
0256-LTHVJ,Month-to-month,Fiber optic,No,Electronic check,Yes,Yes
4785-FCIFB,Two year,No,No internet service,Mailed check,No,No
8313-NDOIA,Month-to-month,Fiber optic,No,Electronic check,Yes,No
5149-CUZUJ,One year,Fiber optic,Yes,Bank transfer (automatic),No,No
0942-KOWSM,Two year,DSL,Yes,Bank transfer (automatic),No,No
4237-CLSMM,Month-to-month,No,No internet service,Mailed check,No,No
1452-VOQCH,Month-to-month,Fiber optic,No,Electronic check,Yes,No
4719-UMSIY,Month-to-month,No,No internet service,Mailed check,No,No
6614-VBEGU,Month-to-month,DSL,No,Bank transfer (automatic),Yes,No
0880-TKATG,Month-to-month,Fiber optic,No,Electronic check,No,Yes
3811-VBYBZ,Month-to-month,Fiber optic,No,Electronic check,Yes,Yes
1480-BKXGA,Two year,Fiber optic,Yes,Bank transfer (automatic),Yes,No
2996-XAUVF,Two year,DSL,Yes,Mailed check,Yes,No
9076-AXYIK,Two year,Fiber optic,Yes,Electronic check,No,No
5968-XQIVE,One year,Fiber optic,No,Electronic check,Yes,No
8896-RAZCR,Two year,No,No internet service,Mailed check,No,No
4640-UHDOS,Month-to-month,DSL,No,Electronic check,No,Yes
4933-IKULF,One year,No,No internet service,Mailed check,No,No
3583-EKAPL,Month-to-month,DSL,No,Electronic check,Yes,Yes
1304-BCCFO,Month-to-month,DSL,No,Mailed check,Yes,No
4104-PVRPS,Month-to-month,DSL,Yes,Mailed check,No,No
9399-APLBT,Month-to-month,Fiber optic,No,Electronic check,Yes,Yes
2359-KMGLI,Month-to-month,Fiber optic,No,Electronic check,Yes,Yes
3780-DDGSE,Month-to-month,DSL,Yes,Electronic check,Yes,No
4431-EDMIQ,Month-to-month,DSL,Yes,Electronic check,Yes,No
0306-JAELE,Month-to-month,Fiber optic,Yes,Electronic check,Yes,Yes
6227-HWPWX,Month-to-month,Fiber optic,No,Bank transfer (automatic),No,Yes
0486-LGCCH,Two year,No,No internet service,Mailed check,No,No
0447-BEMNG,Month-to-month,DSL,No,Bank transfer (automatic),Yes,Yes
4612-SSVHJ,Month-to-month,Fiber optic,No,Electronic check,Yes,No
5168-MQQCA,One year,Fiber optic,Yes,Bank transfer (automatic),Yes,No
5949-XIKAE,Month-to-month,Fiber optic,No,Electronic check,Yes,Yes
7971-HLVXI,Two year,Fiber optic,No,Credit card (automatic),Yes,No
9094-AZPHK,Month-to-month,Fiber optic,No,Electronic check,Yes,No
3649-JPUGY,Two year,DSL,Yes,Bank transfer (automatic),Yes,No
4472-LVYGI,Two year,DSL,Yes,Bank transfer (automatic),Yes,No
8372-JUXUI,Month-to-month,Fiber optic,No,Electronic check,Yes,Yes
3552-CTCYF,Two year,Fiber optic,No,Bank transfer (automatic),Yes,No
6778-YSNIH,Month-to-month,DSL,No,Electronic check,Yes,No
0388-EOPEX,Month-to-month,Fiber optic,No,Electronic check,Yes,Yes
5756-OZRIO,One year,DSL,No,Bank transfer (automatic),No,No
6579-JPICP,Month-to-month,No,No internet service,Mailed check,No,No
8205-OTCHB,One year,DSL,No,Bank transfer (automatic),Yes,Yes
4134-BSXLX,Month-to-month,DSL,Yes,Mailed check,No,No
0505-SPOOW,Two year,No,No internet service,Bank transfer (automatic),No,No
6235-VDHOM,Month-to-month,DSL,No,Electronic check,No,Yes
7783-YKGDV,Month-to-month,Fiber optic,No,Bank transfer (automatic),Yes,Yes
4374-YMUSQ,One year,Fiber optic,Yes,Credit card (automatic),No,No
4513-CXYIX,Two year,Fiber optic,No,Credit card (automatic),Yes,No
3957-HHLMR,One year,DSL,No,Bank transfer (automatic),No,No
7803-XOCCZ,Month-to-month,Fiber optic,Yes,Bank transfer (automatic),Yes,No
5736-YEJAX,Two year,DSL,Yes,Credit card (automatic),Yes,No
5609-CEBID,Month-to-month,Fiber optic,No,Electronic check,Yes,Yes
8981-FJGLA,Month-to-month,Fiber optic,No,Mailed check,Yes,No
7218-HKQFK,Month-to-month,Fiber optic,Yes,Electronic check,Yes,Yes
4636-QRJKY,Month-to-month,Fiber optic,Yes,Electronic check,Yes,Yes
1135-LMECX,Month-to-month,No,No internet service,Mailed check,No,No
4332-MUOEZ,One year,Fiber optic,Yes,Credit card (automatic),No,No
8535-SFUTN,Month-to-month,Fiber optic,No,Electronic check,Yes,No
5956-VKDTT,Month-to-month,Fiber optic,No,Electronic check,Yes,Yes
8677-HDZEE,Month-to-month,Fiber optic,Yes,Bank transfer (automatic),Yes,No
2475-MROZF,Month-to-month,Fiber optic,Yes,Credit card (automatic),Yes,No
9412-GHEEC,Month-to-month,Fiber optic,Yes,Bank transfer (automatic),No,Yes
3482-ABPKK,One year,DSL,Yes,Mailed check,No,No
6705-LXORM,Month-to-month,Fiber optic,No,Electronic check,No,No
0257-ZESQC,Month-to-month,Fiber optic,No,Bank transfer (automatic),Yes,Yes
7531-GQHME,Month-to-month,No,No internet service,Credit card (automatic),No,No
5174-ITUMV,One year,Fiber optic,No,Electronic check,Yes,No
4109-CYRBD,Month-to-month,DSL,No,Electronic check,Yes,No
0913-XWSCN,Month-to-month,Fiber optic,No,Bank transfer (automatic),No,No
6825-UYPFK,Month-to-month,Fiber optic,No,Bank transfer (automatic),No,Yes
8397-MVTAZ,Month-to-month,Fiber optic,No,Electronic check,Yes,Yes
0750-EBAIU,One year,Fiber optic,No,Electronic check,No,No
8606-CIQUL,Two year,Fiber optic,Yes,Credit card (automatic),Yes,No
3571-DPYUH,One year,Fiber optic,Yes,Credit card (automatic),Yes,No
7601-GNDYK,Two year,No,No internet service,Mailed check,No,No
0356-OBMAC,Two year,Fiber optic,Yes,Bank transfer (automatic),Yes,No
8067-NIOYM,Two year,No,No internet service,Credit card (automatic),Yes,No
1403-GYAFU,Two year,No,No internet service,Credit card (automatic),No,No
4234-XTNEA,Month-to-month,Fiber optic,No,Electronic check,Yes,No
1297-VQDRP,One year,Fiber optic,Yes,Credit card (automatic),Yes,No
9282-IZGQK,Month-to-month,Fiber optic,No,Electronic check,Yes,Yes
5348-CAGXB,Month-to-month,Fiber optic,No,Electronic check,Yes,No
0621-HJWXJ,Month-to-month,Fiber optic,No,Bank transfer (automatic),Yes,No
5844-QVTAT,One year,DSL,No,Mailed check,Yes,No
8905-IAZPF,One year,Fiber optic,No,Credit card (automatic),Yes,No
5394-MEITZ,Two year,DSL,Yes,Bank transfer (automatic),Yes,No
6859-QNXIQ,Two year,Fiber optic,Yes,Bank transfer (automatic),Yes,No
2782-LFZVW,Month-to-month,DSL,No,Mailed check,Yes,No
2866-IKBTM,Month-to-month,No,No internet service,Mailed check,No,No
1342-JPNKI,Month-to-month,Fiber optic,No,Bank transfer (automatic),Yes,Yes
2817-NTQDO,Month-to-month,DSL,Yes,Credit card (automatic),Yes,Yes
7129-AZJDE,One year,Fiber optic,No,Bank transfer (automatic),Yes,No
6986-IJDHX,Month-to-month,Fiber optic,No,Mailed check,Yes,Yes
2560-PPCHE,One year,Fiber optic,Yes,Bank transfer (automatic),Yes,No
4676-MQUEA,One year,Fiber optic,No,Bank transfer (automatic),Yes,No
8138-EALND,Month-to-month,No,No internet service,Mailed check,No,No
3580-HYCSP,Two year,Fiber optic,No,Bank transfer (automatic),Yes,No
1352-HNSAW,Two year,Fiber optic,Yes,Bank transfer (automatic),Yes,No
2075-PUEPR,Two year,No,No internet service,Bank transfer (automatic),No,No
1982-FEBTD,Two year,No,No internet service,Credit card (automatic),Yes,No
5301-GAUUY,Month-to-month,Fiber optic,No,Bank transfer (automatic),Yes,Yes
5791-KAJFD,One year,DSL,No,Bank transfer (automatic),Yes,No
2654-VBVPB,Month-to-month,No,No internet service,Bank transfer (automatic),No,No
1154-HYWWO,One year,DSL,Yes,Mailed check,No,No
2501-XWWTZ,Month-to-month,Fiber optic,No,Electronic check,No,No
3716-UVSPD,Month-to-month,DSL,Yes,Electronic check,Yes,No
6815-ABQFQ,One year,Fiber optic,Yes,Electronic check,Yes,No
7343-EOBEU,Month-to-month,No,No internet service,Mailed check,Yes,No
3701-SFMUH,Month-to-month,DSL,No,Credit card (automatic),No,No
6103-LIANB,Two year,Fiber optic,No,Credit card (automatic),Yes,No
7319-VENRZ,Month-to-month,DSL,Yes,Bank transfer (automatic),No,No
5846-NEQVZ,Two year,DSL,Yes,Credit card (automatic),Yes,No
6967-QIQRV,One year,Fiber optic,Yes,Electronic check,No,No
5781-RFZRP,Two year,DSL,Yes,Credit card (automatic),No,No
0939-YAPAF,Month-to-month,Fiber optic,No,Electronic check,Yes,Yes
0308-IVGOK,One year,DSL,Yes,Credit card (automatic),Yes,No
7293-LSCDV,Two year,No,No internet service,Credit card (automatic),Yes,No
7025-WCBNE,Two year,DSL,Yes,Bank transfer (automatic),No,No
5756-JYOJT,One year,DSL,Yes,Credit card (automatic),No,No
4710-FDUIZ,One year,Fiber optic,No,Credit card (automatic),No,Yes
6030-REHUX,Month-to-month,Fiber optic,Yes,Electronic check,Yes,No
9548-LIGTA,Two year,DSL,Yes,Mailed check,Yes,No
5150-LJNSR,One year,Fiber optic,No,Bank transfer (automatic),No,No
8270-RKSAP,Month-to-month,Fiber optic,No,Electronic check,Yes,No
6522-YRBXD,Month-to-month,Fiber optic,No,Electronic check,Yes,No
2640-LYMOV,Month-to-month,No,No internet service,Mailed check,Yes,No
1218-VKFPE,Month-to-month,No,No internet service,Mailed check,No,Yes
3627-FHKBK,Month-to-month,Fiber optic,No,Mailed check,No,Yes
2865-TCHJW,Month-to-month,Fiber optic,No,Electronic check,Yes,Yes
1423-BMPBQ,Month-to-month,No,No internet service,Mailed check,Yes,No
2393-DIVAI,Month-to-month,No,No internet service,Mailed check,Yes,No
5192-EBGOV,Month-to-month,Fiber optic,No,Electronic check,Yes,Yes
4568-KNYWR,Two year,DSL,No,Credit card (automatic),Yes,No
8752-IMQOS,One year,No,No internet service,Mailed check,No,No
0742-LAFQK,Two year,Fiber optic,No,Electronic check,Yes,No
0795-LAFGP,Two year,DSL,Yes,Electronic check,No,No
0619-OLYUR,Two year,Fiber optic,Yes,Credit card (automatic),Yes,No
5512-IDZEI,One year,No,No internet service,Electronic check,No,No
0459-SPZHJ,Two year,DSL,No,Credit card (automatic),No,No
0215-BQKGS,Month-to-month,Fiber optic,No,Credit card (automatic),Yes,No
9244-ZVAPM,Month-to-month,DSL,No,Mailed check,No,No
0719-SYFRB,Month-to-month,DSL,Yes,Mailed check,Yes,Yes
8208-EUMTE,Two year,DSL,Yes,Mailed check,No,No
5172-MIGPM,Month-to-month,DSL,Yes,Mailed check,No,No
1710-RCXUS,One year,Fiber optic,No,Credit card (automatic),Yes,No
0374-FIUCA,Two year,No,No internet service,Credit card (automatic),Yes,No
5839-SUYVZ,Month-to-month,Fiber optic,Yes,Credit card (automatic),Yes,No
5173-ZXXXL,One year,No,No internet service,Mailed check,No,No
1096-ADRUX,One year,Fiber optic,No,Bank transfer (automatic),Yes,No
2001-MCUUW,Two year,Fiber optic,Yes,Electronic check,No,No
2731-GJRDG,One year,Fiber optic,Yes,Bank transfer (automatic),Yes,No
4723-BEGSG,Two year,DSL,Yes,Credit card (automatic),No,No
6516-NKQBO,Two year,DSL,Yes,Credit card (automatic),No,No
8672-OAUPW,One year,DSL,Yes,Credit card (automatic),No,No
8207-DMRVL,Two year,Fiber optic,Yes,Bank transfer (automatic),No,No
3419-SNJJD,Month-to-month,Fiber optic,No,Bank transfer (automatic),No,Yes
6543-CPZMK,Month-to-month,DSL,No,Electronic check,Yes,Yes
4765-OXPPD,Month-to-month,DSL,Yes,Mailed check,No,Yes
2804-ETQDK,Two year,No,No internet service,Mailed check,No,No
6689-VRRTK,One year,Fiber optic,No,Credit card (automatic),Yes,No
7138-GIRSH,Two year,DSL,Yes,Bank transfer (automatic),No,No
9396-ZSFLL,Month-to-month,DSL,No,Mailed check,No,No
6464-KEXXH,Month-to-month,DSL,No,Credit card (automatic),Yes,No
7134-MJPDY,One year,Fiber optic,Yes,Credit card (automatic),Yes,No
5240-CAOYT,Month-to-month,Fiber optic,Yes,Bank transfer (automatic),Yes,No
4059-IIEBK,Month-to-month,Fiber optic,No,Bank transfer (automatic),Yes,No
4881-JVQOD,Month-to-month,DSL,No,Bank transfer (automatic),Yes,No
0516-UXRMT,One year,Fiber optic,No,Electronic check,Yes,No
4851-BQDNX,One year,Fiber optic,No,Electronic check,Yes,No
5148-HKFIR,Two year,No,No internet service,Mailed check,No,No
1009-IRMNA,Month-to-month,No,No internet service,Bank transfer (automatic),No,Yes
3003-CMDUU,Month-to-month,Fiber optic,Yes,Electronic check,Yes,No
5016-IBERQ,Month-to-month,Fiber optic,No,Electronic check,No,No
6797-UCJHZ,One year,Fiber optic,No,Credit card (automatic),No,No
2469-DTSGX,Two year,Fiber optic,Yes,Electronic check,No,No
4554-YGZIH,Month-to-month,Fiber optic,No,Credit card (automatic),No,Yes
5099-BAILX,Month-to-month,Fiber optic,Yes,Bank transfer (automatic),Yes,Yes
9931-KGHOA,Month-to-month,DSL,No,Bank transfer (automatic),No,No
1775-KWJKQ,Two year,DSL,Yes,Credit card (automatic),No,No
7665-VIGUD,One year,No,No internet service,Mailed check,No,No
9411-TPQQV,One year,DSL,Yes,Bank transfer (automatic),Yes,No
7207-RMRDB,Month-to-month,Fiber optic,No,Electronic check,Yes,Yes
7954-MLBUN,Two year,Fiber optic,Yes,Bank transfer (automatic),No,No
2077-DDHJK,Two year,DSL,Yes,Credit card (automatic),No,No
4913-EHYUI,One year,Fiber optic,No,Bank transfer (automatic),Yes,Yes
0195-IESCP,Month-to-month,Fiber optic,No,Electronic check,Yes,Yes
9574-BOSMD,Two year,No,No internet service,Bank transfer (automatic),No,No
4580-TMHJU,Month-to-month,DSL,No,Electronic check,No,Yes
0970-ETWGE,Month-to-month,Fiber optic,No,Electronic check,Yes,Yes
4908-XAXAY,One year,Fiber optic,No,Bank transfer (automatic),Yes,No
8404-VLQFB,Month-to-month,No,No internet service,Electronic check,Yes,No
1626-ERCMM,Month-to-month,Fiber optic,No,Electronic check,Yes,Yes
0887-HJGAR,Month-to-month,DSL,No,Mailed check,Yes,Yes
2391-IPLOP,One year,DSL,Yes,Electronic check,Yes,No
5644-PDMZC,Month-to-month,Fiber optic,No,Electronic check,No,Yes
3509-GWQGF,Month-to-month,Fiber optic,No,Credit card (automatic),No,No
9576-ANLXO,Month-to-month,Fiber optic,No,Bank transfer (automatic),Yes,Yes
2024-BASKD,Month-to-month,Fiber optic,No,Mailed check,Yes,Yes
5845-BZZIB,Two year,No,No internet service,Mailed check,No,No
1140-UKVZG,Month-to-month,No,No internet service,Mailed check,No,No
4160-AMJTL,Month-to-month,No,No internet service,Electronic check,No,Yes
5183-SNMJQ,Month-to-month,Fiber optic,Yes,Credit card (automatic),Yes,No
8100-PNJMH,Two year,DSL,Yes,Credit card (automatic),Yes,No
7838-LAZFO,One year,DSL,No,Bank transfer (automatic),No,No
4464-JCOLN,One year,No,No internet service,Mailed check,No,Yes
2085-JVGAD,Month-to-month,No,No internet service,Bank transfer (automatic),No,No
5650-VDUDS,Month-to-month,DSL,No,Mailed check,Yes,Yes
8095-WANWK,Month-to-month,DSL,No,Mailed check,No,No
3030-ZKIWL,Month-to-month,No,No internet service,Mailed check,No,No
9565-FLVCG,Two year,DSL,No,Mailed check,Yes,No
8755-OGKNA,Two year,No,No internet service,Bank transfer (automatic),No,No
2800-VEQXM,Month-to-month,Fiber optic,No,Mailed check,Yes,No
7538-GWHML,Month-to-month,Fiber optic,No,Electronic check,No,Yes
5533-RJFTJ,Month-to-month,DSL,No,Bank transfer (automatic),Yes,No
3859-CVCET,Month-to-month,DSL,No,Mailed check,No,Yes
0214-JHPFW,Two year,DSL,Yes,Bank transfer (automatic),No,No
5642-MHDQT,One year,No,No internet service,Bank transfer (automatic),Yes,No
3088-FVYWK,Two year,No,No internet service,Credit card (automatic),No,No
3276-HDUEG,Month-to-month,Fiber optic,No,Mailed check,Yes,Yes
9092-GDZKO,Month-to-month,No,No internet service,Credit card (automatic),Yes,No
0823-HSCDJ,Month-to-month,DSL,No,Electronic check,Yes,Yes
3729-OWRVL,Two year,Fiber optic,Yes,Electronic check,Yes,No
2324-AALNO,One year,No,No internet service,Bank transfer (automatic),No,No
0822-GAVAP,Month-to-month,DSL,No,Electronic check,Yes,Yes
5760-IFJOZ,Month-to-month,Fiber optic,No,Mailed check,No,No
2826-UWHIS,Month-to-month,Fiber optic,No,Bank transfer (automatic),No,No
1448-PWKYE,Month-to-month,Fiber optic,No,Electronic check,No,Yes
7501-IWUNG,Two year,DSL,Yes,Bank transfer (automatic),Yes,No
4957-TREIR,Month-to-month,DSL,Yes,Credit card (automatic),Yes,No
7251-LJBQN,One year,Fiber optic,Yes,Credit card (automatic),Yes,No
8040-MNRTF,Month-to-month,Fiber optic,No,Mailed check,No,No
1536-HBSWP,Month-to-month,DSL,Yes,Electronic check,Yes,No
5313-FPXWG,One year,No,No internet service,Bank transfer (automatic),Yes,No
0067-DKWBL,Month-to-month,DSL,No,Electronic check,Yes,Yes
0946-FKYTX,One year,DSL,No,Mailed check,No,No
5076-YVXCM,Month-to-month,Fiber optic,No,Bank transfer (automatic),No,No
8262-COGGB,Month-to-month,No,No internet service,Mailed check,Yes,No
6663-JOCQO,One year,DSL,Yes,Bank transfer (automatic),Yes,No
9620-QJREV,One year,No,No internet service,Credit card (automatic),No,No
2276-YDAVZ,Month-to-month,Fiber optic,No,Credit card (automatic),Yes,Yes
2682-KEVRP,One year,No,No internet service,Mailed check,Yes,No
2480-JZOSN,Month-to-month,No,No internet service,Mailed check,Yes,No
0078-XZMHT,Two year,DSL,Yes,Bank transfer (automatic),Yes,No
5896-NPFWW,Month-to-month,DSL,No,Electronic check,Yes,Yes
9978-HYCIN,One year,Fiber optic,No,Bank transfer (automatic),Yes,No
8338-QIUNR,Two year,DSL,Yes,Credit card (automatic),Yes,No
1525-LNLOJ,Two year,DSL,No,Bank transfer (automatic),Yes,No
9450-TRJUU,Month-to-month,Fiber optic,No,Electronic check,No,No
1766-GKNMI,Month-to-month,Fiber optic,No,Electronic check,Yes,No
6942-LBFDP,Month-to-month,No,No internet service,Mailed check,Yes,No
1456-TWCGB,Month-to-month,DSL,No,Mailed check,No,No
7133-VBDCG,Month-to-month,Fiber optic,No,Bank transfer (automatic),Yes,Yes
7596-ZYWBB,Two year,DSL,Yes,Mailed check,Yes,No
8329-UTMVM,One year,Fiber optic,Yes,Bank transfer (automatic),Yes,No
3014-WJKSM,Month-to-month,Fiber optic,No,Credit card (automatic),Yes,No
3347-YJZZE,Month-to-month,DSL,No,Credit card (automatic),No,No
1029-QFBEN,Month-to-month,No,No internet service,Mailed check,No,Yes
7929-DMBCV,Month-to-month,Fiber optic,Yes,Mailed check,Yes,No
9661-JALZV,Two year,No,No internet service,Credit card (automatic),Yes,No
5433-KYGHE,Month-to-month,Fiber optic,Yes,Mailed check,Yes,No
4312-KFRXN,Two year,No,No internet service,Mailed check,No,No
5575-TPIZQ,Month-to-month,Fiber optic,No,Credit card (automatic),Yes,No
0114-IGABW,Two year,DSL,Yes,Bank transfer (automatic),No,No
9944-AEXBM,Month-to-month,Fiber optic,No,Bank transfer (automatic),Yes,No
1853-ARAAQ,Month-to-month,DSL,No,Credit card (automatic),Yes,No
6952-OMNWB,Month-to-month,Fiber optic,No,Credit card (automatic),Yes,No
4697-LUPSU,One year,No,No internet service,Mailed check,No,No
8434-VGEQQ,Two year,No,No internet service,Credit card (automatic),No,No
4952-YSOGZ,Month-to-month,Fiber optic,No,Electronic check,Yes,Yes
1589-AGTLK,Month-to-month,DSL,No,Electronic check,Yes,Yes
5244-IRFIH,Month-to-month,Fiber optic,No,Electronic check,Yes,Yes
6549-YMFAW,Month-to-month,No,No internet service,Mailed check,Yes,No
4950-HKQTE,Two year,No,No internet service,Mailed check,No,No
6786-OBWQR,Month-to-month,Fiber optic,No,Electronic check,Yes,No
2684-EIWEO,Month-to-month,Fiber optic,No,Credit card (automatic),No,Yes
2753-JMMCV,Two year,DSL,Yes,Credit card (automatic),Yes,No
6439-GTPCA,Month-to-month,Fiber optic,Yes,Electronic check,Yes,Yes
6621-YOBKI,Month-to-month,No,No internet service,Mailed check,No,No
1216-JWVUX,Month-to-month,Fiber optic,No,Electronic check,Yes,No
7564-GHCVB,Two year,Fiber optic,No,Bank transfer (automatic),No,No
1173-NOEYG,Month-to-month,Fiber optic,No,Bank transfer (automatic),No,No
7595-EHCDL,Month-to-month,DSL,No,Credit card (automatic),No,No
6647-ZEDXT,One year,Fiber optic,Yes,Credit card (automatic),No,No
2521-NPUZR,Two year,Fiber optic,Yes,Credit card (automatic),No,No
1307-TVUFB,Month-to-month,Fiber optic,No,Bank transfer (automatic),Yes,No
7503-MIOGA,Two year,DSL,Yes,Bank transfer (automatic),Yes,No
4381-MHQDC,Two year,DSL,Yes,Mailed check,Yes,No
6923-JHPMP,Month-to-month,Fiber optic,No,Electronic check,Yes,No
5138-WVKYJ,Month-to-month,Fiber optic,No,Electronic check,No,Yes
4018-PPNDW,Two year,No,No internet service,Mailed check,Yes,No
1635-FJFCC,Month-to-month,DSL,No,Credit card (automatic),Yes,No
2499-AJYUA,Two year,Fiber optic,Yes,Credit card (automatic),Yes,No
6919-ELBGL,Two year,Fiber optic,Yes,Bank transfer (automatic),Yes,No
3966-HRMZA,Month-to-month,Fiber optic,No,Mailed check,No,No
6425-JWTDV,Two year,No,No internet service,Mailed check,No,No
8405-IGQFX,One year,Fiber optic,Yes,Credit card (automatic),Yes,No
8224-IVVPA,Month-to-month,DSL,No,Mailed check,Yes,No
9477-LGWQI,Two year,DSL,No,Credit card (automatic),Yes,No
1410-RSCMR,Month-to-month,DSL,Yes,Credit card (automatic),Yes,No
3115-CZMZD,Two year,No,No internet service,Mailed check,No,No
0139-IVFJG,Month-to-month,Fiber optic,No,Electronic check,No,No
6683-VLCTZ,Month-to-month,Fiber optic,No,Electronic check,Yes,Yes
5730-DBDSI,Two year,No,No internet service,Bank transfer (automatic),No,No
0030-FNXPP,Month-to-month,No,No internet service,Mailed check,No,No
2189-WWOEW,Month-to-month,Fiber optic,No,Bank transfer (automatic),Yes,Yes
5684-FJVYR,Two year,Fiber optic,Yes,Bank transfer (automatic),Yes,No
4013-GUXND,Month-to-month,No,No internet service,Mailed check,No,No
1894-IGFSG,Month-to-month,Fiber optic,No,Electronic check,No,Yes
7379-POKDZ,Month-to-month,Fiber optic,No,Electronic check,Yes,Yes
1266-NZYUI,Two year,DSL,Yes,Bank transfer (automatic),No,No
7969-FFOWG,Two year,No,No internet service,Mailed check,No,No
4718-DHSMV,Month-to-month,DSL,No,Mailed check,Yes,No
5175-WLYXL,Month-to-month,Fiber optic,No,Mailed check,Yes,No
7817-OMJNA,One year,No,No internet service,Bank transfer (automatic),No,No
8728-SKJLR,Month-to-month,Fiber optic,Yes,Electronic check,Yes,No
3137-NYQQI,One year,DSL,No,Mailed check,No,No
7706-DZNKK,Month-to-month,No,No internet service,Credit card (automatic),Yes,No
0236-HFWSV,Month-to-month,Fiber optic,No,Electronic check,Yes,Yes
3900-AQPHZ,Month-to-month,No,No internet service,Mailed check,No,Yes
5842-POCOP,Month-to-month,Fiber optic,No,Mailed check,Yes,Yes
2037-XJFUP,One year,Fiber optic,No,Electronic check,Yes,Yes
8823-RLPWL,Two year,Fiber optic,No,Credit card (automatic),Yes,No
9505-SQFSW,Month-to-month,DSL,No,Mailed check,No,No
7314-OXENN,Month-to-month,Fiber optic,No,Electronic check,Yes,Yes
3758-CKOQL,One year,Fiber optic,Yes,Credit card (automatic),Yes,No
0322-CHQRU,Month-to-month,DSL,No,Electronic check,No,Yes
5676-CFLYY,Two year,DSL,Yes,Credit card (automatic),Yes,No
7521-AFHAB,Month-to-month,DSL,No,Mailed check,No,No
0285-INHLN,Month-to-month,DSL,No,Credit card (automatic),Yes,No
4678-DVQEO,Month-to-month,DSL,Yes,Electronic check,Yes,Yes
5125-CNDSP,One year,DSL,Yes,Bank transfer (automatic),Yes,No
0691-IFBQW,One year,Fiber optic,No,Electronic check,Yes,Yes
4992-LTJNE,Two year,DSL,No,Bank transfer (automatic),No,No
2202-OUTMO,Month-to-month,DSL,Yes,Bank transfer (automatic),Yes,No
0810-BDHAW,One year,DSL,No,Electronic check,No,No
0229-LFJAF,Two year,DSL,Yes,Bank transfer (automatic),No,No
7131-ZQZNK,Two year,DSL,Yes,Credit card (automatic),No,No
3442-ZHHCC,One year,DSL,No,Credit card (automatic),Yes,No
5726-CVNYA,Two year,No,No internet service,Mailed check,Yes,No
9871-ELEYA,Two year,DSL,Yes,Credit card (automatic),No,No
4257-GAESD,Month-to-month,DSL,No,Credit card (automatic),No,No
5173-WXOQV,Month-to-month,DSL,Yes,Mailed check,Yes,No
2040-OBMLJ,One year,Fiber optic,Yes,Credit card (automatic),No,No
6286-ZHAOK,Month-to-month,No,No internet service,Bank transfer (automatic),Yes,No
3807-XHCJH,Month-to-month,No,No internet service,Electronic check,No,No
3009-JWMPU,One year,Fiber optic,No,Electronic check,Yes,Yes
5671-RQRLP,Two year,Fiber optic,No,Credit card (automatic),Yes,No
1450-GALXR,Month-to-month,Fiber optic,Yes,Electronic check,Yes,Yes
8859-AXJZP,Two year,No,No internet service,Mailed check,Yes,No
3174-AKMAS,Two year,DSL,Yes,Credit card (automatic),Yes,No
3138-BKYAV,Month-to-month,Fiber optic,No,Electronic check,Yes,Yes
9926-PJHDQ,Two year,DSL,No,Bank transfer (automatic),Yes,No
7382-DFJTU,Month-to-month,DSL,Yes,Credit card (automatic),No,No
2798-NYLMZ,Two year,Fiber optic,Yes,Credit card (automatic),Yes,No
4289-DTDKW,Month-to-month,Fiber optic,No,Electronic check,Yes,Yes
1820-TQVEV,Month-to-month,Fiber optic,No,Electronic check,Yes,Yes
2239-JALAW,One year,Fiber optic,No,Bank transfer (automatic),Yes,Yes
4853-RULSV,Two year,Fiber optic,Yes,Credit card (automatic),Yes,Yes
8098-TDCBU,Two year,No,No internet service,Electronic check,No,No
3551-GAEGL,One year,DSL,No,Bank transfer (automatic),No,No
4785-NKHCX,Month-to-month,No,No internet service,Bank transfer (automatic),No,No
3196-NVXLZ,Month-to-month,Fiber optic,No,Mailed check,Yes,No
6275-YDUVO,Month-to-month,Fiber optic,No,Mailed check,Yes,Yes
0036-IHMOT,One year,Fiber optic,Yes,Bank transfer (automatic),Yes,No
0115-TFERT,Month-to-month,Fiber optic,Yes,Electronic check,Yes,Yes
4178-EGMON,Two year,Fiber optic,Yes,Credit card (automatic),Yes,No
4220-TINQT,Month-to-month,Fiber optic,Yes,Electronic check,Yes,No
5318-YKDPV,Two year,DSL,Yes,Credit card (automatic),Yes,No
7975-TZMLR,One year,Fiber optic,No,Electronic check,Yes,No
0295-QVKPB,Month-to-month,DSL,Yes,Credit card (automatic),Yes,No
4335-BSMJS,Two year,No,No internet service,Credit card (automatic),Yes,No
2311-QYMUQ,Month-to-month,Fiber optic,No,Credit card (automatic),Yes,Yes
3643-AHCFP,Month-to-month,Fiber optic,No,Bank transfer (automatic),Yes,Yes
9146-JRIOX,Month-to-month,No,No internet service,Mailed check,No,No
3104-OWCGK,One year,Fiber optic,No,Electronic check,No,Yes
5337-IIWKZ,Month-to-month,DSL,Yes,Electronic check,Yes,No
9101-BWFSS,One year,Fiber optic,Yes,Electronic check,No,Yes
9650-VBUOG,Two year,No,No internet service,Credit card (automatic),No,No
3487-EARAT,One year,DSL,Yes,Credit card (automatic),No,No
2672-TGEFF,Month-to-month,Fiber optic,No,Electronic check,Yes,No
9231-ZJYAM,Month-to-month,Fiber optic,No,Electronic check,Yes,Yes
4250-WAROZ,Month-to-month,Fiber optic,No,Electronic check,Yes,No
8184-WMOFI,One year,DSL,Yes,Credit card (automatic),No,No
6982-SSHFK,Month-to-month,DSL,No,Mailed check,No,Yes
6092-QZVPP,Month-to-month,DSL,Yes,Credit card (automatic),Yes,No
4625-LAMOB,Two year,No,No internet service,Credit card (automatic),No,No
0727-BMPLR,One year,Fiber optic,No,Electronic check,Yes,Yes
0392-BZIUW,Two year,Fiber optic,No,Credit card (automatic),Yes,No
1038-ZAGBI,One year,No,No internet service,Bank transfer (automatic),No,Yes
6549-NNDYT,Month-to-month,DSL,No,Bank transfer (automatic),Yes,No
3027-ZTDHO,Month-to-month,Fiber optic,No,Electronic check,Yes,Yes
0422-OHQHQ,One year,No,No internet service,Mailed check,No,No
6916-HIJSE,Two year,DSL,Yes,Bank transfer (automatic),Yes,No
2316-ESMLS,One year,DSL,Yes,Credit card (automatic),No,No
9778-OGKQZ,Two year,DSL,Yes,Credit card (automatic),Yes,No
7408-OFWXJ,Two year,DSL,Yes,Credit card (automatic),No,No
6007-TCTST,Two year,Fiber optic,Yes,Bank transfer (automatic),Yes,No
2252-NKNSI,Two year,DSL,Yes,Mailed check,Yes,No
8713-IGZSO,Month-to-month,No,No internet service,Mailed check,No,No
7905-TVXTA,Month-to-month,DSL,Yes,Electronic check,Yes,No
7695-PKLCZ,Two year,No,No internet service,Credit card (automatic),No,No
2382-BCKQJ,One year,Fiber optic,No,Electronic check,Yes,Yes
8374-UULRV,Two year,DSL,Yes,Credit card (automatic),No,No
2207-NHRJK,Month-to-month,DSL,No,Electronic check,No,Yes
3224-DFQNQ,One year,Fiber optic,Yes,Electronic check,No,No
5275-PMFUT,Two year,DSL,Yes,Credit card (automatic),Yes,No
4795-UXVCJ,One year,No,No internet service,Credit card (automatic),No,No
9777-IQHWP,Two year,Fiber optic,No,Bank transfer (automatic),No,No
0947-MUGVO,Month-to-month,Fiber optic,No,Electronic check,Yes,Yes
9944-HKVVB,Month-to-month,Fiber optic,No,Electronic check,Yes,Yes
4124-MMETB,Month-to-month,Fiber optic,No,Credit card (automatic),Yes,Yes
3671-SHRSP,Month-to-month,Fiber optic,Yes,Mailed check,Yes,Yes
0979-MOZQI,Two year,DSL,Yes,Bank transfer (automatic),Yes,No
2732-ISEZX,Month-to-month,No,No internet service,Mailed check,Yes,No
3313-QKNKB,One year,Fiber optic,No,Electronic check,No,Yes
0323-XWWTN,Two year,No,No internet service,Mailed check,Yes,No
1937-OTUKY,Two year,Fiber optic,Yes,Bank transfer (automatic),Yes,No
1573-LGXBA,One year,Fiber optic,No,Credit card (automatic),Yes,No
1764-VUUMT,Two year,No,No internet service,Credit card (automatic),No,No
5073-WXOYN,Month-to-month,DSL,No,Electronic check,Yes,Yes
4713-ZBURT,Two year,Fiber optic,No,Bank transfer (automatic),No,No
3050-GBUSH,Month-to-month,DSL,No,Credit card (automatic),Yes,No
0207-MDKNV,Month-to-month,Fiber optic,Yes,Electronic check,No,Yes
7876-AEHIG,One year,DSL,Yes,Bank transfer (automatic),No,No
7945-HLKEA,One year,DSL,Yes,Electronic check,No,No
9342-VNIMQ,Month-to-month,DSL,No,Bank transfer (automatic),Yes,No
9851-KIELU,Month-to-month,Fiber optic,Yes,Electronic check,Yes,Yes
3523-BRGUW,One year,No,No internet service,Credit card (automatic),No,No
3908-BLSYF,Month-to-month,Fiber optic,No,Electronic check,No,Yes
3199-NPKCN,One year,Fiber optic,Yes,Electronic check,Yes,No
5170-PTRKA,One year,DSL,Yes,Credit card (automatic),Yes,No
4661-NJEUX,Month-to-month,No,No internet service,Mailed check,Yes,No
2123-AGEEN,Month-to-month,Fiber optic,No,Electronic check,Yes,No
1258-YMZNM,One year,Fiber optic,No,Bank transfer (automatic),Yes,No
0048-LUMLS,One year,Fiber optic,No,Credit card (automatic),No,No
7549-MYGPK,Month-to-month,Fiber optic,No,Electronic check,Yes,Yes
5898-IGSLP,Month-to-month,Fiber optic,Yes,Electronic check,No,No
3804-RVTGV,Month-to-month,Fiber optic,No,Bank transfer (automatic),Yes,Yes
6259-WJQLC,Month-to-month,Fiber optic,No,Credit card (automatic),Yes,No
9227-LUNBG,Month-to-month,DSL,No,Electronic check,No,Yes
7997-EASSD,One year,Fiber optic,Yes,Credit card (automatic),Yes,No
0730-KOAVE,Month-to-month,Fiber optic,No,Credit card (automatic),Yes,No
8975-SKGRX,Two year,Fiber optic,Yes,Bank transfer (automatic),Yes,No
0678-RLHVP,Two year,Fiber optic,No,Electronic check,No,No
4315-MURBD,Month-to-month,Fiber optic,Yes,Bank transfer (automatic),Yes,Yes
2267-FPIMA,Month-to-month,Fiber optic,No,Credit card (automatic),Yes,No
1051-GEJLJ,Month-to-month,No,No internet service,Mailed check,No,No
9734-YWGEX,Month-to-month,Fiber optic,No,Credit card (automatic),No,Yes
2719-BDAQO,Month-to-month,Fiber optic,No,Electronic check,No,Yes
5285-MVEHD,One year,Fiber optic,No,Credit card (automatic),Yes,No
0379-DJQHR,Two year,DSL,No,Credit card (automatic),No,No
0781-LKXBR,Month-to-month,Fiber optic,No,Electronic check,Yes,Yes
5543-QDCRY,Month-to-month,DSL,No,Electronic check,Yes,No
0297-RBCSG,One year,DSL,Yes,Bank transfer (automatic),Yes,No
4694-PHWFW,Month-to-month,No,No internet service,Mailed check,No,No
0835-JKADZ,Two year,Fiber optic,Yes,Electronic check,Yes,No
1907-UBQFC,Month-to-month,Fiber optic,No,Electronic check,Yes,Yes
7508-SMHXL,Month-to-month,Fiber optic,No,Credit card (automatic),No,No
3865-YIOTT,One year,Fiber optic,No,Bank transfer (automatic),Yes,No
5993-BQHEA,One year,No,No internet service,Credit card (automatic),No,No
6024-RUGGH,Two year,No,No internet service,Bank transfer (automatic),Yes,No
6513-EECDB,Month-to-month,Fiber optic,No,Electronic check,Yes,Yes
3956-CJUST,Month-to-month,Fiber optic,No,Bank transfer (automatic),Yes,No
4079-WWQQQ,Two year,DSL,Yes,Bank transfer (automatic),Yes,No
6103-BOCOU,Month-to-month,Fiber optic,No,Electronic check,Yes,No
5149-TGWDZ,One year,Fiber optic,Yes,Mailed check,Yes,No
7471-WNSUF,One year,No,No internet service,Bank transfer (automatic),No,No
8942-DBMHZ,Month-to-month,No,No internet service,Mailed check,No,No
4301-VVZKA,Month-to-month,Fiber optic,No,Electronic check,Yes,No
9199-PWQVC,One year,DSL,No,Credit card (automatic),Yes,No
4824-GUCBY,Month-to-month,Fiber optic,No,Electronic check,No,No
5393-HJZSM,Month-to-month,DSL,Yes,Bank transfer (automatic),No,No
7074-IEVOJ,Month-to-month,Fiber optic,No,Electronic check,Yes,Yes
9625-QSTYE,Month-to-month,Fiber optic,No,Electronic check,Yes,Yes
0862-PRCBS,Two year,Fiber optic,Yes,Credit card (automatic),Yes,No
8812-ZRHFP,One year,Fiber optic,No,Electronic check,No,No
5146-CBVOE,Month-to-month,Fiber optic,No,Bank transfer (automatic),No,No
0454-OKRCT,Two year,Fiber optic,Yes,Bank transfer (automatic),No,No
5787-KXGIY,Two year,No,No internet service,Credit card (automatic),No,No
4750-ZRXIU,Month-to-month,Fiber optic,No,Electronic check,Yes,Yes
4198-VFOEA,One year,DSL,Yes,Mailed check,Yes,No
6630-UJZMY,Month-to-month,Fiber optic,No,Electronic check,Yes,No
5709-LVOEQ,Two year,DSL,No,Mailed check,No,No
6400-BWQKW,Month-to-month,Fiber optic,No,Electronic check,Yes,Yes
2692-AQCPF,One year,Fiber optic,Yes,Credit card (automatic),Yes,No
0347-UBKUZ,Month-to-month,No,No internet service,Mailed check,No,No
0835-DUUIQ,One year,No,No internet service,Bank transfer (automatic),No,No
0811-GSDTP,Month-to-month,DSL,No,Electronic check,No,No
7567-ECMCM,Month-to-month,Fiber optic,No,Credit card (automatic),Yes,No
6115-ZTBFQ,Two year,DSL,Yes,Bank transfer (automatic),No,No
6353-BRMMA,Month-to-month,Fiber optic,No,Bank transfer (automatic),Yes,No
6680-WKXRZ,Month-to-month,Fiber optic,No,Bank transfer (automatic),No,Yes
6231-WFGFH,Month-to-month,No,No internet service,Mailed check,Yes,No
9904-EHEVJ,Month-to-month,Fiber optic,No,Mailed check,Yes,No
7028-DVOIQ,Month-to-month,Fiber optic,No,Electronic check,Yes,Yes
6169-PPETC,Two year,No,No internet service,Bank transfer (automatic),No,No
4208-UFFGW,Month-to-month,DSL,No,Mailed check,No,Yes
8584-KMVXD,Month-to-month,Fiber optic,No,Electronic check,No,No
8467-WYNSR,Month-to-month,DSL,Yes,Mailed check,No,No
0851-DFJKB,Month-to-month,DSL,Yes,Electronic check,No,No
5382-SOYZL,Month-to-month,Fiber optic,No,Electronic check,Yes,No
9448-REEVD,Month-to-month,DSL,No,Credit card (automatic),No,Yes
3261-CQXOL,Two year,No,No internet service,Bank transfer (automatic),No,No
8388-FYNPZ,Month-to-month,DSL,No,Electronic check,No,No
4002-BQWPQ,Month-to-month,DSL,Yes,Bank transfer (automatic),No,No
5651-YLPRD,Month-to-month,Fiber optic,No,Electronic check,Yes,No
2826-DXLQO,Month-to-month,DSL,No,Bank transfer (automatic),No,No
4378-BZYFP,One year,No,No internet service,Mailed check,Yes,No
9489-UTFKA,Month-to-month,DSL,No,Bank transfer (automatic),No,No
4849-PYRLQ,Two year,DSL,Yes,Bank transfer (automatic),No,No
9117-SHLZX,Month-to-month,DSL,No,Mailed check,Yes,Yes
9889-TMAHG,Month-to-month,Fiber optic,Yes,Credit card (automatic),No,Yes
4541-RMRLG,Month-to-month,No,No internet service,Electronic check,No,Yes
7764-BDPEE,Month-to-month,No,No internet service,Mailed check,No,No
3429-IFLEM,Two year,DSL,Yes,Credit card (automatic),No,No
3158-MOERK,Month-to-month,Fiber optic,No,Electronic check,Yes,Yes
7294-TMAOP,Month-to-month,Fiber optic,No,Electronic check,No,Yes
5002-GCQFH,Month-to-month,Fiber optic,No,Bank transfer (automatic),Yes,No
0556-FJEGU,Two year,DSL,Yes,Bank transfer (automatic),No,No
8919-FYFQZ,Month-to-month,DSL,No,Electronic check,Yes,Yes
0604-THJFP,Two year,DSL,Yes,Credit card (automatic),Yes,No
2834-JRTUA,Two year,Fiber optic,Yes,Electronic check,Yes,Yes
5875-YPQFJ,Month-to-month,Fiber optic,No,Electronic check,Yes,Yes
5879-SESNB,Month-to-month,Fiber optic,No,Electronic check,No,No
6646-QVXLR,One year,Fiber optic,No,Electronic check,Yes,Yes
6461-PPAXN,One year,DSL,Yes,Bank transfer (automatic),Yes,No
3318-ISQFQ,Month-to-month,No,No internet service,Bank transfer (automatic),Yes,No
1106-HRLKZ,Two year,No,No internet service,Mailed check,No,No
2483-XSSMZ,One year,DSL,No,Electronic check,Yes,No
8603-IJWDN,Month-to-month,Fiber optic,No,Electronic check,Yes,Yes
8165-ZJRNM,Two year,No,No internet service,Bank transfer (automatic),No,No
9369-XFEHK,Month-to-month,Fiber optic,No,Bank transfer (automatic),Yes,Yes
2604-XVDAM,Month-to-month,DSL,No,Bank transfer (automatic),No,No
3717-OFRTN,Month-to-month,No,No internet service,Bank transfer (automatic),No,No
9046-JBFWA,Month-to-month,No,No internet service,Mailed check,No,No
3280-NMUVX,One year,No,No internet service,Credit card (automatic),No,No
1206-EHBDD,Two year,Fiber optic,No,Bank transfer (automatic),No,No
8361-LBRDI,Two year,No,No internet service,Credit card (automatic),No,No
4883-KCPZJ,Two year,No,No internet service,Credit card (automatic),No,No
9108-EQPNQ,Two year,No,No internet service,Credit card (automatic),No,No
7277-KAMWT,Two year,No,No internet service,Credit card (automatic),No,No
3842-IYKUE,Month-to-month,Fiber optic,Yes,Credit card (automatic),No,Yes
6641-XRPSU,Month-to-month,Fiber optic,No,Credit card (automatic),Yes,Yes
1374-DMZUI,Month-to-month,Fiber optic,No,Electronic check,Yes,Yes
2545-LXYVJ,Two year,No,No internet service,Bank transfer (automatic),No,No
3234-VKACU,Month-to-month,DSL,Yes,Electronic check,No,No
8357-EQXFO,Month-to-month,Fiber optic,No,Electronic check,Yes,Yes
1989-PRJHP,Month-to-month,Fiber optic,No,Electronic check,Yes,Yes
8120-JDCAM,Month-to-month,Fiber optic,No,Mailed check,Yes,No
8917-FAEMR,Two year,No,No internet service,Mailed check,No,No
7047-YXDMZ,Month-to-month,No,No internet service,Mailed check,No,No
2858-EIMXH,One year,Fiber optic,No,Credit card (automatic),Yes,No
9524-EGPJC,Month-to-month,Fiber optic,Yes,Electronic check,Yes,Yes
6993-OHLXR,Month-to-month,Fiber optic,No,Electronic check,No,Yes
8818-XYFCQ,Month-to-month,Fiber optic,No,Credit card (automatic),Yes,Yes
6419-ZTTLE,One year,No,No internet service,Electronic check,Yes,No
0929-HYQEW,Month-to-month,DSL,No,Mailed check,Yes,No
6614-YOLAC,Two year,DSL,Yes,Mailed check,No,No
7426-RHZGU,Month-to-month,Fiber optic,Yes,Bank transfer (automatic),Yes,No
4065-JJAVA,Month-to-month,DSL,No,Electronic check,No,No
4695-VADHF,Month-to-month,DSL,No,Electronic check,No,Yes
3863-IUBJR,One year,DSL,No,Credit card (automatic),No,Yes
7649-SIJJF,Two year,DSL,Yes,Mailed check,Yes,No
9361-YNQWJ,One year,No,No internet service,Bank transfer (automatic),Yes,No
3748-FVMZZ,Month-to-month,DSL,Yes,Electronic check,Yes,No
9391-TTOYH,Month-to-month,No,No internet service,Mailed check,Yes,No
1452-XRSJV,Month-to-month,DSL,No,Credit card (automatic),No,No
3422-WJOYD,One year,DSL,Yes,Mailed check,No,No
8242-SOQUO,Month-to-month,Fiber optic,No,Electronic check,Yes,No
7460-ITWWP,Month-to-month,Fiber optic,No,Electronic check,Yes,No
7147-AYBAA,Month-to-month,Fiber optic,No,Mailed check,Yes,No
7868-TMWMZ,Two year,Fiber optic,Yes,Bank transfer (automatic),Yes,No
4822-RVYBB,Month-to-month,Fiber optic,No,Electronic check,Yes,Yes
6732-FZUGP,One year,Fiber optic,No,Credit card (automatic),No,No
8436-BJUMM,Month-to-month,Fiber optic,No,Electronic check,Yes,Yes
4184-TJFAN,Month-to-month,Fiber optic,Yes,Mailed check,Yes,Yes
8329-GWVPJ,Month-to-month,Fiber optic,No,Bank transfer (automatic),Yes,No
1352-VHKAJ,Month-to-month,DSL,Yes,Bank transfer (automatic),No,No
4145-UQXUQ,Month-to-month,Fiber optic,No,Electronic check,Yes,Yes
2632-TACXW,Two year,No,No internet service,Bank transfer (automatic),No,No
8146-QQKZH,Two year,DSL,Yes,Bank transfer (automatic),No,No
1767-CJKBA,Two year,No,No internet service,Mailed check,No,No
6445-TNRXS,Two year,Fiber optic,Yes,Bank transfer (automatic),Yes,No
4581-LNWUM,Month-to-month,DSL,No,Electronic check,No,No
4869-EPIUS,One year,Fiber optic,No,Electronic check,Yes,No
9948-YPTDG,Month-to-month,Fiber optic,No,Electronic check,Yes,Yes
1236-WFCDV,Month-to-month,Fiber optic,No,Credit card (automatic),No,Yes
1915-OAKWD,One year,No,No internet service,Bank transfer (automatic),Yes,No
7296-PIXQY,Month-to-month,Fiber optic,No,Electronic check,No,No
4883-QICIH,Month-to-month,Fiber optic,No,Bank transfer (automatic),Yes,Yes
3354-OADJP,One year,DSL,Yes,Bank transfer (automatic),No,No
3524-WQDSG,Month-to-month,Fiber optic,No,Bank transfer (automatic),Yes,No
0810-DHDBD,One year,DSL,Yes,Credit card (automatic),No,No
4026-SKKHW,Month-to-month,DSL,Yes,Mailed check,Yes,No
2829-HYVZP,One year,No,No internet service,Mailed check,Yes,No
8329-IBCTI,Month-to-month,No,No internet service,Mailed check,No,Yes
1271-SJBGZ,Month-to-month,DSL,Yes,Electronic check,Yes,Yes
3845-JHAMY,Month-to-month,DSL,No,Credit card (automatic),Yes,No
7013-PSXHK,One year,DSL,Yes,Mailed check,Yes,No
5669-SRAIP,Month-to-month,DSL,No,Electronic check,No,Yes
5981-ITEMU,Month-to-month,Fiber optic,No,Bank transfer (automatic),Yes,Yes
3486-NPGST,One year,No,No internet service,Mailed check,No,No
6941-PMGEP,Month-to-month,Fiber optic,No,Electronic check,Yes,Yes
1624-WOIWJ,Month-to-month,Fiber optic,No,Mailed check,Yes,Yes
2074-GKOWZ,Month-to-month,Fiber optic,No,Bank transfer (automatic),Yes,Yes
0376-YMCJC,Month-to-month,Fiber optic,Yes,Electronic check,Yes,Yes
6100-FJZDG,One year,No,No internet service,Bank transfer (automatic),Yes,No
4829-ZLJTK,Two year,Fiber optic,No,Electronic check,Yes,No
1730-VFMWO,Month-to-month,DSL,Yes,Bank transfer (automatic),No,No
7143-BQIBA,Month-to-month,DSL,Yes,Bank transfer (automatic),No,No
3800-LYTRK,One year,DSL,Yes,Mailed check,No,No
0634-SZPQA,Month-to-month,Fiber optic,No,Bank transfer (automatic),Yes,Yes
9646-NMHXE,Two year,No,No internet service,Mailed check,No,No
7030-NJVDP,Month-to-month,Fiber optic,Yes,Electronic check,Yes,No
5536-RTPWK,Month-to-month,Fiber optic,No,Bank transfer (automatic),Yes,Yes
8883-GRDWQ,One year,DSL,Yes,Mailed check,No,No
6166-ILMNY,Month-to-month,Fiber optic,No,Bank transfer (automatic),No,Yes
3097-NNSPB,Month-to-month,DSL,No,Credit card (automatic),Yes,Yes
7771-ZONAT,Two year,DSL,Yes,Bank transfer (automatic),No,No
0655-RBDUG,Month-to-month,Fiber optic,No,Bank transfer (automatic),Yes,Yes
2111-DWYHN,Month-to-month,No,No internet service,Mailed check,No,No
4194-WHFCB,Month-to-month,Fiber optic,Yes,Bank transfer (automatic),Yes,No
4121-AGSIN,One year,No,No internet service,Credit card (automatic),Yes,No
4361-BKAXE,Month-to-month,Fiber optic,Yes,Bank transfer (automatic),Yes,Yes
9845-PEEKO,Two year,Fiber optic,No,Credit card (automatic),Yes,No
0455-XFASS,Month-to-month,Fiber optic,No,Electronic check,Yes,No
0301-KOBTQ,Two year,No,No internet service,Bank transfer (automatic),Yes,No
1751-NCDLI,Month-to-month,Fiber optic,No,Electronic check,Yes,No
4367-NUYAO,Two year,No,No internet service,Mailed check,No,No
9878-TNQGW,Month-to-month,Fiber optic,No,Electronic check,Yes,Yes
9170-ARBTB,One year,No,No internet service,Credit card (automatic),No,No
4441-NIHPT,Month-to-month,Fiber optic,No,Electronic check,Yes,Yes
8999-BOHSE,Month-to-month,Fiber optic,No,Bank transfer (automatic),No,Yes
7241-AJHFS,Month-to-month,Fiber optic,Yes,Bank transfer (automatic),No,No
7029-RPUAV,Month-to-month,Fiber optic,No,Credit card (automatic),Yes,Yes
4546-FOKWR,Month-to-month,Fiber optic,No,Credit card (automatic),Yes,No
9036-CSKBW,One year,Fiber optic,No,Bank transfer (automatic),No,No
5832-TRLPB,One year,DSL,Yes,Bank transfer (automatic),Yes,No
8590-YFFQO,Two year,DSL,Yes,Credit card (automatic),No,No
8659-IOOPU,Two year,Fiber optic,Yes,Electronic check,No,No
1338-CECEE,One year,DSL,No,Bank transfer (automatic),No,No
7439-DKZTW,Month-to-month,Fiber optic,No,Electronic check,Yes,No
4646-QZXTF,Month-to-month,DSL,Yes,Bank transfer (automatic),No,No
4607-CHPCA,One year,Fiber optic,No,Electronic check,Yes,Yes
9742-XOKTS,One year,Fiber optic,Yes,Electronic check,No,No
6921-OZMFH,Month-to-month,DSL,Yes,Mailed check,Yes,No
9578-FOMUK,Month-to-month,No,No internet service,Electronic check,Yes,No
4712-UYOOI,Month-to-month,No,No internet service,Electronic check,No,No
8824-RWFXJ,Month-to-month,DSL,No,Mailed check,Yes,Yes
7722-CVFXN,One year,Fiber optic,Yes,Electronic check,Yes,No
8717-VCTXJ,One year,No,No internet service,Mailed check,Yes,No
7363-QTBIW,Month-to-month,Fiber optic,No,Electronic check,Yes,No
4159-NAAIX,Two year,Fiber optic,No,Bank transfer (automatic),No,No
0971-QIFJK,Two year,No,No internet service,Bank transfer (automatic),No,No
9397-TZSHA,Two year,No,No internet service,Credit card (automatic),No,No
3391-JSQEW,Month-to-month,DSL,No,Mailed check,Yes,No
0343-QLUZP,Two year,DSL,No,Bank transfer (automatic),No,No
9763-PDTKK,Month-to-month,Fiber optic,Yes,Bank transfer (automatic),Yes,Yes
2176-LVPNX,Two year,DSL,Yes,Mailed check,No,No
7627-JKIAZ,Month-to-month,Fiber optic,No,Credit card (automatic),Yes,Yes
3312-UUMZW,Month-to-month,Fiber optic,No,Credit card (automatic),Yes,No
1271-UODNO,Two year,DSL,Yes,Credit card (automatic),Yes,No
8461-EFQYM,One year,No,No internet service,Electronic check,Yes,No
6900-RBKER,Two year,Fiber optic,No,Credit card (automatic),Yes,No
6891-JPYFF,Month-to-month,Fiber optic,No,Credit card (automatic),Yes,No
1459-QNFQT,Two year,DSL,Yes,Bank transfer (automatic),No,No
1047-NNCBF,Month-to-month,Fiber optic,No,Credit card (automatic),No,No
3696-XRIEN,One year,DSL,Yes,Credit card (automatic),Yes,No
4081-DYXAV,One year,DSL,No,Credit card (automatic),Yes,Yes
0074-HDKDG,One year,DSL,No,Bank transfer (automatic),Yes,No
8791-GFXLZ,Month-to-month,DSL,No,Bank transfer (automatic),Yes,No
8111-SLLHI,Month-to-month,Fiber optic,No,Electronic check,Yes,Yes
0927-LCSMG,Month-to-month,Fiber optic,No,Mailed check,No,Yes
9330-DHBFL,One year,DSL,Yes,Mailed check,Yes,No
0098-BOWSO,Month-to-month,No,No internet service,Electronic check,Yes,No
3452-ABWRL,Month-to-month,Fiber optic,No,Credit card (automatic),Yes,No
5859-HZYLF,Two year,No,No internet service,Credit card (automatic),Yes,No
8257-RZAHR,Month-to-month,DSL,No,Bank transfer (automatic),Yes,Yes
5293-WXJAK,Month-to-month,Fiber optic,Yes,Bank transfer (automatic),Yes,Yes
3156-QLHBO,Month-to-month,No,No internet service,Mailed check,No,No
2208-NQBCT,Month-to-month,Fiber optic,No,Electronic check,No,No
1779-PWPMG,Two year,Fiber optic,Yes,Bank transfer (automatic),Yes,No
6621-NRZAK,Two year,No,No internet service,Credit card (automatic),No,No
0831-JNISG,Two year,No,No internet service,Mailed check,No,No
0774-IFUVM,Month-to-month,DSL,No,Bank transfer (automatic),Yes,No
3082-WQRVY,One year,No,No internet service,Mailed check,No,No
9553-DLCLU,Two year,DSL,Yes,Credit card (automatic),No,No
1641-BYBTK,Month-to-month,No,No internet service,Mailed check,Yes,No
2460-NGXBJ,Month-to-month,Fiber optic,No,Credit card (automatic),Yes,No
2446-ZKVAF,Month-to-month,DSL,No,Credit card (automatic),No,No
0841-NULXI,Month-to-month,DSL,No,Electronic check,Yes,Yes
3522-CDKHF,Month-to-month,Fiber optic,No,Bank transfer (automatic),Yes,No
1430-SFQSA,One year,DSL,Yes,Mailed check,No,No
0411-EZJZE,Month-to-month,DSL,No,Electronic check,Yes,No
7851-WZEKY,Month-to-month,Fiber optic,No,Electronic check,Yes,Yes
8844-TONUD,Month-to-month,Fiber optic,No,Mailed check,Yes,Yes
8807-ARQET,Month-to-month,DSL,No,Electronic check,Yes,No
8992-CEUEN,Month-to-month,No,No internet service,Electronic check,No,No
4320-QMLLA,Month-to-month,DSL,No,Mailed check,No,No
8777-PVYGU,One year,DSL,No,Mailed check,Yes,No
8292-ITGYJ,Two year,No,No internet service,Bank transfer (automatic),Yes,No
6870-ZWMNX,Two year,DSL,Yes,Credit card (automatic),No,No
0621-CXBKL,Two year,No,No internet service,Mailed check,No,No
5268-DSMNQ,One year,Fiber optic,No,Credit card (automatic),Yes,No
5334-JLAXU,Month-to-month,Fiber optic,No,Credit card (automatic),Yes,No
4086-YQSNZ,Month-to-month,Fiber optic,No,Electronic check,Yes,Yes
6242-MBHPK,Month-to-month,Fiber optic,No,Electronic check,Yes,No
5868-CZJDR,Month-to-month,DSL,No,Mailed check,Yes,Yes
9359-UGBTK,One year,DSL,Yes,Bank transfer (automatic),Yes,No
0135-NMXAP,Month-to-month,Fiber optic,No,Bank transfer (automatic),Yes,Yes
4782-OSFXZ,Two year,DSL,Yes,Bank transfer (automatic),Yes,No
6479-OAUSD,One year,No,No internet service,Credit card (automatic),No,No
7129-ACFOG,Month-to-month,DSL,No,Electronic check,Yes,No
4189-NAKJS,One year,DSL,No,Credit card (automatic),Yes,No
5562-BETPV,One year,No,No internet service,Mailed check,No,No
1282-IHQAC,One year,DSL,No,Credit card (automatic),Yes,No
9127-FHJBZ,Two year,Fiber optic,Yes,Electronic check,Yes,No
6270-OMFIW,One year,Fiber optic,No,Electronic check,Yes,Yes
1641-RQDAY,Month-to-month,Fiber optic,No,Electronic check,Yes,No
0107-WESLM,Month-to-month,No,No internet service,Electronic check,Yes,Yes
6994-ORCWG,One year,DSL,No,Mailed check,Yes,No
1346-UFHAX,Month-to-month,Fiber optic,No,Credit card (automatic),Yes,No
3992-YWPKO,Month-to-month,Fiber optic,Yes,Credit card (automatic),Yes,Yes
2933-XEUJM,Two year,DSL,No,Mailed check,No,No
0125-LZQXK,Month-to-month,Fiber optic,Yes,Electronic check,Yes,Yes
5461-QKNTN,Month-to-month,Fiber optic,Yes,Electronic check,Yes,No
4835-YSJMR,Two year,DSL,Yes,Bank transfer (automatic),Yes,No
8399-YNDCH,Month-to-month,DSL,No,Bank transfer (automatic),Yes,Yes
3164-YAXFY,Month-to-month,DSL,No,Electronic check,Yes,No
0887-WBJVH,One year,Fiber optic,Yes,Electronic check,Yes,No
4660-IRIBM,Month-to-month,Fiber optic,No,Mailed check,Yes,No
5673-FSSMF,Month-to-month,DSL,No,Electronic check,Yes,Yes
7670-ZBPOQ,One year,DSL,Yes,Bank transfer (automatic),Yes,No
8089-UZWLX,Two year,Fiber optic,No,Bank transfer (automatic),No,No
0080-OROZO,One year,Fiber optic,Yes,Electronic check,Yes,No
3916-NRPAP,Month-to-month,Fiber optic,No,Credit card (automatic),No,No
6807-SIWJI,One year,Fiber optic,No,Electronic check,Yes,No
8221-HVAYI,Two year,DSL,Yes,Credit card (automatic),Yes,No
1579-KLYDT,Month-to-month,Fiber optic,No,Electronic check,Yes,Yes
5232-NXPAY,Two year,DSL,Yes,Mailed check,No,No
8967-SZQAS,Month-to-month,DSL,No,Electronic check,No,No
4468-KAZHE,Month-to-month,DSL,No,Electronic check,Yes,No
0455-ENTCR,Two year,DSL,Yes,Electronic check,No,No
8944-AILEF,Month-to-month,No,No internet service,Credit card (automatic),Yes,No
5542-NKVRU,Two year,No,No internet service,Bank transfer (automatic),Yes,No
7126-RBHSD,Month-to-month,Fiber optic,No,Electronic check,No,No
5370-IIVVL,One year,Fiber optic,Yes,Credit card (automatic),Yes,No
6789-HJBWG,Month-to-month,DSL,No,Electronic check,Yes,No
3927-NLNRY,One year,Fiber optic,No,Bank transfer (automatic),Yes,Yes
9087-EYCPR,Two year,No,No internet service,Mailed check,No,No
6791-YBNAK,Month-to-month,DSL,No,Credit card (automatic),No,No
6358-LYNGM,Month-to-month,Fiber optic,No,Electronic check,Yes,Yes
6077-BDPXA,Month-to-month,Fiber optic,No,Electronic check,Yes,No
0013-MHZWF,Month-to-month,DSL,Yes,Credit card (automatic),Yes,No
5494-HECPR,Month-to-month,Fiber optic,No,Electronic check,Yes,Yes
8268-YDIXR,One year,Fiber optic,No,Electronic check,Yes,No
9824-BEMCV,Month-to-month,Fiber optic,No,Electronic check,Yes,Yes
1373-ORVIZ,Month-to-month,DSL,Yes,Electronic check,Yes,Yes
4291-SHSBH,Month-to-month,Fiber optic,No,Electronic check,Yes,No
6980-IMXXE,Two year,No,No internet service,Bank transfer (automatic),No,No
9866-QEVEE,Month-to-month,Fiber optic,No,Bank transfer (automatic),Yes,Yes
9897-KXHCM,Month-to-month,Fiber optic,No,Electronic check,Yes,Yes
0040-HALCW,Two year,No,No internet service,Credit card (automatic),No,No
0784-GTUUK,One year,No,No internet service,Credit card (automatic),Yes,No
7979-CORPM,Month-to-month,Fiber optic,No,Credit card (automatic),Yes,Yes
2294-DMMUS,Month-to-month,DSL,No,Credit card (automatic),Yes,No
0872-JCPIB,Month-to-month,DSL,No,Bank transfer (automatic),No,No
3055-MJDSB,Month-to-month,DSL,No,Mailed check,Yes,No
9091-WTUUY,Two year,DSL,Yes,Mailed check,No,No
1618-CFHME,Month-to-month,Fiber optic,No,Electronic check,Yes,Yes
3165-HDOEW,Month-to-month,DSL,No,Mailed check,Yes,Yes
6581-NQCBA,Month-to-month,DSL,Yes,Electronic check,Yes,Yes
7115-IRDHS,Two year,No,No internet service,Bank transfer (automatic),No,No
8496-DMZUK,One year,Fiber optic,No,Bank transfer (automatic),No,No
2040-VZIKE,Month-to-month,Fiber optic,No,Mailed check,Yes,No
9068-VPWQQ,Two year,DSL,Yes,Credit card (automatic),No,No
0178-SZBHO,Month-to-month,Fiber optic,No,Electronic check,No,No
0384-RVBPI,Month-to-month,DSL,No,Credit card (automatic),No,No
1689-MRZQR,Month-to-month,Fiber optic,No,Electronic check,No,Yes
1299-AURJA,Two year,No,No internet service,Bank transfer (automatic),No,No
4525-VZCZG,One year,Fiber optic,Yes,Electronic check,Yes,No
1543-LLLFT,One year,Fiber optic,Yes,Mailed check,Yes,No
5835-BEQEU,Month-to-month,Fiber optic,No,Electronic check,Yes,Yes
2788-CJQAQ,One year,No,No internet service,Mailed check,No,No
5565-FILXA,Month-to-month,Fiber optic,No,Electronic check,Yes,Yes
0319-QZTCO,Month-to-month,DSL,No,Credit card (automatic),Yes,No
2120-SMPEX,Month-to-month,No,No internet service,Mailed check,Yes,No
0096-FCPUF,Month-to-month,DSL,No,Mailed check,Yes,No
0668-OGMHD,Month-to-month,DSL,No,Electronic check,No,No
5552-ZNFSJ,Month-to-month,DSL,No,Electronic check,No,Yes
2223-KAGMX,Month-to-month,No,No internet service,Bank transfer (automatic),No,Yes
6507-ZJSUR,Month-to-month,Fiber optic,No,Electronic check,Yes,No
9408-HRXRK,Month-to-month,Fiber optic,No,Electronic check,Yes,No
5593-SUAOO,One year,Fiber optic,No,Bank transfer (automatic),No,No
7321-PKUYW,Month-to-month,Fiber optic,Yes,Electronic check,No,Yes
2833-SLKDQ,Month-to-month,DSL,No,Mailed check,No,Yes
6766-HFKLA,Two year,Fiber optic,Yes,Bank transfer (automatic),No,No
7595-EUIVN,Month-to-month,Fiber optic,No,Electronic check,No,Yes
7617-EYGLW,Month-to-month,No,No internet service,Electronic check,No,No
2026-TGDHM,Month-to-month,Fiber optic,No,Electronic check,Yes,Yes
9220-ZNKJI,Two year,Fiber optic,Yes,Credit card (automatic),No,No
4030-VPZBD,Month-to-month,DSL,Yes,Electronic check,Yes,Yes
2226-ICFDO,Two year,DSL,Yes,Credit card (automatic),Yes,No
0723-VSOBE,One year,DSL,No,Electronic check,No,No
5529-GIBVH,Two year,No,No internet service,Mailed check,No,No
4187-CINZD,One year,Fiber optic,No,Credit card (automatic),No,Yes
9992-UJOEL,Month-to-month,DSL,No,Mailed check,Yes,No
4741-WWJQZ,Month-to-month,Fiber optic,Yes,Electronic check,Yes,No
6625-UTXEW,Month-to-month,DSL,No,Electronic check,Yes,No
6818-WOBHJ,Month-to-month,Fiber optic,No,Bank transfer (automatic),Yes,Yes
6244-BESBM,Two year,Fiber optic,Yes,Credit card (automatic),Yes,No
1004-NOZNR,One year,Fiber optic,No,Credit card (automatic),No,No
1251-STYSZ,Month-to-month,Fiber optic,No,Electronic check,Yes,No
2612-PHGOX,Two year,DSL,Yes,Bank transfer (automatic),Yes,No
2408-TZMJL,One year,Fiber optic,No,Electronic check,Yes,Yes
8480-PPONV,Two year,Fiber optic,Yes,Bank transfer (automatic),No,No
8780-IHCRN,Two year,No,No internet service,Credit card (automatic),No,No
4598-ZADCK,One year,DSL,Yes,Electronic check,Yes,No
1257-SXUXQ,Month-to-month,No,No internet service,Mailed check,No,No
9681-KYGYB,Month-to-month,Fiber optic,No,Electronic check,Yes,No
7182-OVLBJ,Two year,Fiber optic,No,Bank transfer (automatic),Yes,No
5095-ETBRJ,Two year,DSL,Yes,Mailed check,No,No
7005-CYUIL,Two year,Fiber optic,Yes,Electronic check,Yes,No
4821-WQOYN,Two year,No,No internet service,Credit card (automatic),Yes,No
4730-AWNAU,One year,DSL,Yes,Credit card (automatic),No,No
3452-FLHYD,One year,No,No internet service,Bank transfer (automatic),Yes,No
2388-LAESQ,Two year,Fiber optic,Yes,Bank transfer (automatic),Yes,No
9531-NSBMR,One year,No,No internet service,Bank transfer (automatic),Yes,No
6260-ONULR,Month-to-month,DSL,No,Mailed check,Yes,No
4389-UEFCZ,Two year,Fiber optic,No,Electronic check,Yes,No
8711-LOBKY,Two year,No,No internet service,Mailed check,No,No
9134-CEQMF,Month-to-month,Fiber optic,No,Electronic check,Yes,Yes
8985-OOPOS,One year,DSL,Yes,Credit card (automatic),No,No
8800-ZKRFW,Month-to-month,Fiber optic,Yes,Electronic check,Yes,No
2616-FLVQC,Two year,No,No internet service,Mailed check,No,No
9968-FFVVH,One year,DSL,Yes,Bank transfer (automatic),No,No
3108-PCCGG,Two year,DSL,No,Credit card (automatic),No,No
7993-PYKOF,Month-to-month,Fiber optic,No,Electronic check,No,Yes
8390-FESFV,Two year,DSL,Yes,Bank transfer (automatic),No,No
3022-BEXHZ,Two year,Fiber optic,Yes,Bank transfer (automatic),Yes,No
5027-XWQHA,Month-to-month,DSL,No,Electronic check,No,Yes
6248-TKCQV,Two year,DSL,Yes,Bank transfer (automatic),Yes,No
6729-GDNGC,Month-to-month,Fiber optic,No,Bank transfer (automatic),No,No
6198-ZFIOJ,Month-to-month,Fiber optic,No,Electronic check,No,No
5989-OMNJE,One year,DSL,No,Electronic check,No,No
4566-QVRRW,Month-to-month,DSL,No,Electronic check,Yes,Yes
1291-CUOCY,Two year,Fiber optic,Yes,Credit card (automatic),Yes,No
9795-SHUHB,Two year,DSL,Yes,Credit card (automatic),Yes,No
3230-IUALN,Two year,DSL,Yes,Mailed check,Yes,No
0042-RLHYP,Two year,No,No internet service,Bank transfer (automatic),No,No
8519-IMDHU,Month-to-month,Fiber optic,No,Bank transfer (automatic),Yes,Yes
4945-RVMTE,Month-to-month,DSL,No,Bank transfer (automatic),Yes,No
0201-OAMXR,One year,Fiber optic,Yes,Credit card (automatic),No,Yes
1866-NXPSP,One year,DSL,Yes,Mailed check,Yes,No
3372-KWFBM,Month-to-month,Fiber optic,No,Electronic check,Yes,Yes
7831-QGOXH,Month-to-month,Fiber optic,No,Electronic check,Yes,Yes
6393-WRYZE,Month-to-month,Fiber optic,No,Electronic check,Yes,Yes
3941-XTSKM,One year,DSL,No,Credit card (automatic),Yes,No
1661-CZBAU,One year,DSL,Yes,Bank transfer (automatic),Yes,No
6599-RCLCJ,Month-to-month,Fiber optic,Yes,Electronic check,Yes,Yes
9831-BPFRI,One year,Fiber optic,Yes,Electronic check,Yes,Yes
5158-RIVOP,Two year,No,No internet service,Credit card (automatic),No,No
9788-YTFGE,Month-to-month,No,No internet service,Mailed check,Yes,No
9277-JOOMO,Month-to-month,No,No internet service,Mailed check,No,No
1907-YLNYW,Month-to-month,DSL,No,Electronic check,Yes,No
1725-MIMXW,Month-to-month,No,No internet service,Mailed check,Yes,Yes
8947-YRTDV,One year,Fiber optic,No,Mailed check,No,No
3161-ONRWK,One year,DSL,Yes,Bank transfer (automatic),Yes,No
0114-RSRRW,Month-to-month,No,No internet service,Bank transfer (automatic),Yes,No
4565-NLZBV,Two year,No,No internet service,Bank transfer (automatic),Yes,No
0031-PVLZI,Month-to-month,No,No internet service,Mailed check,No,Yes
7206-GZCDC,Month-to-month,Fiber optic,No,Electronic check,Yes,Yes
6682-VCIXC,One year,DSL,Yes,Bank transfer (automatic),Yes,No
4791-QRGMF,One year,Fiber optic,No,Bank transfer (automatic),Yes,Yes
6475-VHUIZ,Month-to-month,DSL,Yes,Electronic check,No,No
3910-MRQOY,Two year,No,No internet service,Bank transfer (automatic),No,No
0661-WCQNQ,One year,DSL,Yes,Credit card (automatic),Yes,No
7537-RBWEA,Month-to-month,DSL,No,Mailed check,Yes,No
4656-CAURT,Two year,No,No internet service,Bank transfer (automatic),No,No
0121-SNYRK,One year,DSL,Yes,Mailed check,Yes,No
1768-ZAIFU,Month-to-month,DSL,No,Electronic check,Yes,Yes
4671-LXRDQ,Month-to-month,DSL,No,Mailed check,Yes,Yes
3733-LSYCE,Month-to-month,Fiber optic,No,Bank transfer (automatic),No,No
6265-FRMTQ,Two year,No,No internet service,Bank transfer (automatic),No,No
1934-SJVJK,Month-to-month,No,No internet service,Mailed check,No,Yes
3838-OZURD,Month-to-month,Fiber optic,No,Credit card (automatic),Yes,Yes
1371-DWPAZ,Two year,DSL,Yes,Credit card (automatic),No,No
9269-CQOOL,Month-to-month,DSL,No,Credit card (automatic),Yes,Yes
2017-CCBLH,Two year,No,No internet service,Mailed check,No,No
7690-KPNCU,One year,DSL,No,Credit card (automatic),Yes,No
0536-BGFMZ,Month-to-month,No,No internet service,Mailed check,No,No
2293-IJWPS,One year,Fiber optic,No,Credit card (automatic),Yes,No
2845-HSJCY,Month-to-month,Fiber optic,No,Electronic check,Yes,Yes
5469-NUJUR,Two year,No,No internet service,Mailed check,Yes,No
1184-PJVDB,Month-to-month,Fiber optic,No,Electronic check,Yes,Yes
2625-TRCZQ,Month-to-month,DSL,No,Electronic check,Yes,No
4102-HLENU,Two year,DSL,No,Mailed check,No,No
7266-GSSJX,Month-to-month,No,No internet service,Electronic check,Yes,No
7722-VJRQD,Two year,DSL,Yes,Bank transfer (automatic),No,No
7073-QETQY,One year,No,No internet service,Electronic check,Yes,No
9415-DPEWS,Month-to-month,Fiber optic,Yes,Electronic check,Yes,Yes
5624-RYAMH,Month-to-month,No,No internet service,Electronic check,Yes,No
0196-JTUQI,Month-to-month,Fiber optic,No,Credit card (automatic),Yes,No
7130-YXBRO,Month-to-month,Fiber optic,No,Bank transfer (automatic),Yes,No
9272-LSVYH,Month-to-month,Fiber optic,No,Mailed check,No,No
7943-RQCHR,Month-to-month,Fiber optic,No,Electronic check,Yes,Yes
3793-MMFUH,Month-to-month,Fiber optic,No,Electronic check,Yes,Yes
3249-ZPQRG,Month-to-month,Fiber optic,No,Electronic check,No,Yes
2568-BRGYX,Month-to-month,Fiber optic,No,Electronic check,Yes,Yes
3084-DOWLE,Two year,DSL,Yes,Bank transfer (automatic),No,No
1084-MNSMJ,Two year,DSL,Yes,Credit card (automatic),No,No
7721-JXEAW,Month-to-month,DSL,No,Bank transfer (automatic),Yes,Yes
7249-WBIYX,Month-to-month,Fiber optic,No,Electronic check,Yes,Yes
4238-HFHSN,Month-to-month,Fiber optic,No,Electronic check,Yes,No
6250-CGGUN,One year,Fiber optic,Yes,Electronic check,No,No
5478-JJVZK,Month-to-month,DSL,No,Mailed check,Yes,No
7596-IIWYC,Two year,No,No internet service,Bank transfer (automatic),Yes,No
6567-HOOPW,Month-to-month,Fiber optic,No,Electronic check,Yes,Yes
9793-WECQC,Month-to-month,Fiber optic,No,Mailed check,No,No
4291-HPAXL,Month-to-month,No,No internet service,Mailed check,No,No
8999-YPYBV,Two year,DSL,Yes,Mailed check,Yes,No
1839-FBNFR,Two year,No,No internet service,Bank transfer (automatic),Yes,No
3164-AALRN,One year,DSL,No,Mailed check,Yes,Yes
3071-MVJCD,Two year,DSL,Yes,Bank transfer (automatic),No,No
1697-BCSHV,Month-to-month,DSL,No,Bank transfer (automatic),Yes,No
0562-KBDVM,Two year,DSL,Yes,Bank transfer (automatic),Yes,No
1131-SUEKT,One year,Fiber optic,Yes,Bank transfer (automatic),Yes,No
3717-OEAUQ,Month-to-month,Fiber optic,No,Mailed check,No,No
4538-WNTMJ,One year,No,No internet service,Mailed check,No,No
3334-CTHOL,Month-to-month,DSL,No,Bank transfer (automatic),Yes,Yes
4704-ERYFC,Month-to-month,Fiber optic,No,Electronic check,Yes,Yes
9432-RUVSL,Two year,Fiber optic,Yes,Credit card (automatic),Yes,No
8060-HIWJJ,Two year,DSL,Yes,Credit card (automatic),No,No
7684-XSZIY,Two year,No,No internet service,Bank transfer (automatic),No,No
9089-UOWJG,Month-to-month,DSL,No,Credit card (automatic),Yes,No
8621-MNIHH,Month-to-month,Fiber optic,No,Electronic check,Yes,Yes
8039-ACLPL,Two year,DSL,No,Credit card (automatic),No,No
9885-AIBVB,Month-to-month,Fiber optic,No,Electronic check,Yes,No
1934-MKPXS,One year,No,No internet service,Credit card (automatic),No,No
2592-YKDIF,Month-to-month,No,No internet service,Mailed check,No,No
2272-JKMSI,One year,Fiber optic,Yes,Electronic check,Yes,No
0471-LVHGK,One year,DSL,No,Electronic check,Yes,Yes
9518-RWHZL,One year,Fiber optic,No,Credit card (automatic),Yes,Yes
8714-CTZJW,Month-to-month,Fiber optic,No,Credit card (automatic),Yes,No
3569-EDBPQ,Month-to-month,Fiber optic,Yes,Electronic check,Yes,No
3131-NWVFJ,One year,No,No internet service,Mailed check,No,No
7521-YXVZY,Month-to-month,No,No internet service,Mailed check,No,No
5419-CONWX,Month-to-month,Fiber optic,No,Credit card (automatic),Yes,Yes
6240-EURKS,Month-to-month,DSL,No,Electronic check,Yes,Yes
2373-NTKOD,Month-to-month,DSL,No,Electronic check,Yes,No
1970-KKFWL,Two year,No,No internet service,Bank transfer (automatic),No,No
6960-HVYXR,Month-to-month,Fiber optic,No,Electronic check,No,Yes
9337-SRRNI,Two year,No,No internet service,Credit card (automatic),Yes,No
0895-UADGO,Two year,DSL,Yes,Mailed check,Yes,No
5678-VFNEQ,One year,Fiber optic,No,Credit card (automatic),Yes,No
5977-CKHON,Month-to-month,Fiber optic,No,Bank transfer (automatic),Yes,No
7024-OHCCK,Month-to-month,Fiber optic,No,Electronic check,Yes,Yes
2692-BUCFV,Month-to-month,Fiber optic,No,Bank transfer (automatic),Yes,No
7861-UVUFT,Month-to-month,Fiber optic,No,Electronic check,Yes,Yes
1830-GGFNM,Two year,Fiber optic,Yes,Credit card (automatic),No,No
5302-BDJNT,Month-to-month,Fiber optic,Yes,Electronic check,No,No
5223-UZAVK,One year,Fiber optic,No,Credit card (automatic),Yes,No
4859-ZSRDZ,Two year,DSL,Yes,Credit card (automatic),Yes,No
5651-WYIPH,Month-to-month,DSL,No,Credit card (automatic),Yes,No
9350-VLHMB,Month-to-month,Fiber optic,No,Bank transfer (automatic),Yes,No
3498-LZGQZ,Two year,No,No internet service,Mailed check,Yes,No
8785-CJSHH,Month-to-month,Fiber optic,No,Electronic check,Yes,No
5357-TZHPP,Month-to-month,Fiber optic,No,Credit card (automatic),Yes,Yes
3870-SPZSI,Two year,Fiber optic,Yes,Credit card (automatic),Yes,No
0680-DFNNY,Month-to-month,Fiber optic,No,Electronic check,Yes,Yes
7560-QRBXH,One year,No,No internet service,Mailed check,No,No
7077-XJMET,Month-to-month,DSL,Yes,Electronic check,Yes,No
8752-GHJFU,One year,Fiber optic,Yes,Electronic check,Yes,No
6896-SRVYQ,Month-to-month,Fiber optic,No,Electronic check,No,No
7767-UXAGJ,Month-to-month,DSL,No,Electronic check,Yes,Yes
4652-ODEVH,Two year,No,No internet service,Mailed check,No,No
6510-UPNKS,One year,No,No internet service,Credit card (automatic),No,No
6718-BDGHG,One year,DSL,Yes,Bank transfer (automatic),Yes,No
9046-DQMTP,Month-to-month,No,No internet service,Bank transfer (automatic),No,No
6439-LAJXL,Month-to-month,DSL,Yes,Mailed check,Yes,No
1571-SAVHK,Month-to-month,Fiber optic,Yes,Mailed check,Yes,Yes
9052-VKDUW,Month-to-month,Fiber optic,No,Credit card (automatic),Yes,No
9546-CQJSU,Month-to-month,Fiber optic,No,Electronic check,Yes,Yes
1666-JZPZT,Month-to-month,DSL,No,Mailed check,No,No
5777-KJIRB,One year,DSL,No,Mailed check,Yes,No
0506-LVNGN,Month-to-month,Fiber optic,No,Credit card (automatic),Yes,Yes
7677-SJJJK,One year,No,No internet service,Credit card (automatic),No,No
2480-EJWYP,One year,Fiber optic,No,Bank transfer (automatic),Yes,No
3253-HKOKL,One year,Fiber optic,No,Electronic check,No,No
7055-HNEOJ,Month-to-month,DSL,Yes,Mailed check,Yes,No
5514-YQENT,Two year,Fiber optic,Yes,Electronic check,Yes,No
3211-AAPKX,Month-to-month,Fiber optic,Yes,Mailed check,Yes,No
8445-DNBAE,Month-to-month,DSL,No,Electronic check,Yes,No
2951-QOQTK,Month-to-month,Fiber optic,Yes,Credit card (automatic),No,Yes
2958-NHPPS,Month-to-month,No,No internet service,Electronic check,No,No
6806-YDEUL,Month-to-month,No,No internet service,Bank transfer (automatic),No,No
1735-XMJVH,Month-to-month,No,No internet service,Mailed check,Yes,No
6890-PFRQX,Month-to-month,DSL,No,Mailed check,No,No
0222-CNVPT,Month-to-month,DSL,No,Credit card (automatic),Yes,No
5899-OUVKV,Month-to-month,Fiber optic,No,Electronic check,Yes,No
8681-ICONS,Month-to-month,No,No internet service,Mailed check,Yes,No
1621-YNCJH,Two year,Fiber optic,Yes,Credit card (automatic),Yes,No
3473-XIIIT,Month-to-month,Fiber optic,No,Electronic check,Yes,Yes
6362-QHAFM,One year,Fiber optic,Yes,Electronic check,Yes,No
7893-IXHRQ,Month-to-month,No,No internet service,Electronic check,No,Yes
3070-BDOQC,Two year,Fiber optic,No,Electronic check,Yes,No
2952-QAYZF,Month-to-month,Fiber optic,No,Electronic check,Yes,Yes
6234-PFPXL,Month-to-month,Fiber optic,Yes,Credit card (automatic),No,No
9824-QCJPK,One year,No,No internet service,Mailed check,No,No
4763-PGDPO,Month-to-month,Fiber optic,No,Electronic check,No,Yes
4283-IVYCI,Month-to-month,DSL,Yes,Mailed check,No,No
1866-OBPNR,Month-to-month,Fiber optic,No,Credit card (automatic),No,No
8205-MQUGY,Month-to-month,DSL,No,Electronic check,Yes,No
8970-ANWXO,One year,DSL,Yes,Mailed check,Yes,No
9480-BQJEI,One year,Fiber optic,No,Bank transfer (automatic),Yes,No
5394-SVGJV,Month-to-month,Fiber optic,Yes,Bank transfer (automatic),No,Yes
6979-TNDEU,Month-to-month,No,No internet service,Mailed check,No,No
9777-WJJPR,Month-to-month,Fiber optic,No,Credit card (automatic),No,No
9283-LZQOH,Month-to-month,Fiber optic,No,Credit card (automatic),Yes,Yes
7079-QRCBC,Month-to-month,Fiber optic,No,Electronic check,Yes,Yes
9495-SKLKD,Month-to-month,Fiber optic,No,Bank transfer (automatic),Yes,No
6048-UWKAL,Two year,Fiber optic,Yes,Credit card (automatic),No,No
5067-DGXLL,Month-to-month,No,No internet service,Mailed check,No,No
5469-CTCWN,One year,Fiber optic,No,Electronic check,Yes,Yes
9851-QXEEQ,Month-to-month,Fiber optic,No,Electronic check,Yes,Yes
6281-FKEWS,One year,DSL,No,Electronic check,Yes,No
8898-KASCD,One year,DSL,Yes,Mailed check,No,No
9242-TKFSV,Two year,DSL,Yes,Credit card (automatic),Yes,No
9290-SHCMB,Month-to-month,Fiber optic,No,Electronic check,Yes,No
0743-HNPFG,One year,DSL,Yes,Credit card (automatic),Yes,No
2277-BKJKN,Two year,Fiber optic,No,Electronic check,Yes,No
9809-IMGCQ,Month-to-month,Fiber optic,No,Electronic check,Yes,Yes
5208-HFSBT,Month-to-month,DSL,Yes,Credit card (automatic),Yes,Yes
5035-PGZXH,One year,Fiber optic,No,Electronic check,Yes,No
8695-WDYEA,Month-to-month,DSL,No,Mailed check,No,No
6543-JXSOO,One year,DSL,Yes,Mailed check,Yes,No
8016-ZMGMO,One year,DSL,No,Bank transfer (automatic),Yes,No
8605-ITULD,Month-to-month,No,No internet service,Mailed check,No,No
3254-YRILK,Month-to-month,Fiber optic,No,Electronic check,Yes,Yes
6416-YJTTB,Month-to-month,Fiber optic,No,Bank transfer (automatic),Yes,No
2667-WYLWJ,One year,No,No internet service,Mailed check,Yes,Yes
4472-VESGY,Month-to-month,Fiber optic,No,Bank transfer (automatic),No,No
3195-TQDZX,Month-to-month,No,No internet service,Electronic check,Yes,No
3128-YOVTD,Month-to-month,Fiber optic,No,Bank transfer (automatic),Yes,No
0529-ONKER,Month-to-month,Fiber optic,No,Electronic check,No,Yes
1728-CXQBE,Month-to-month,Fiber optic,No,Electronic check,Yes,No
7041-TXQJH,Month-to-month,DSL,No,Credit card (automatic),Yes,No
5014-GSOUQ,Two year,No,No internet service,Mailed check,No,No
5724-BIDBU,One year,DSL,No,Electronic check,Yes,No
0481-SUMCB,One year,Fiber optic,No,Bank transfer (automatic),Yes,No
1769-GRUIK,Month-to-month,Fiber optic,No,Electronic check,Yes,No
5240-IJOQT,Month-to-month,Fiber optic,No,Electronic check,Yes,Yes
8819-WFGGJ,Two year,DSL,No,Bank transfer (automatic),Yes,No
7427-AUFPY,Two year,No,No internet service,Credit card (automatic),No,No
2811-POVEX,Month-to-month,Fiber optic,No,Bank transfer (automatic),Yes,No
1092-GANHU,Month-to-month,Fiber optic,No,Electronic check,Yes,Yes
7898-PDWQE,Two year,DSL,Yes,Credit card (automatic),No,No
9972-EWRJS,Two year,No,No internet service,Bank transfer (automatic),Yes,No
9314-IJWSQ,Month-to-month,Fiber optic,No,Electronic check,Yes,No
0661-XEYAN,Month-to-month,DSL,No,Mailed check,Yes,Yes
5799-JRCZO,Two year,No,No internet service,Credit card (automatic),No,No
1921-KYSAY,One year,DSL,Yes,Electronic check,Yes,No
6198-RTPMF,Month-to-month,Fiber optic,No,Electronic check,No,No
2924-KHUVI,One year,Fiber optic,No,Electronic check,Yes,No
1925-GMVBW,Month-to-month,No,No internet service,Credit card (automatic),No,No
7881-EVUAD,Month-to-month,DSL,No,Electronic check,Yes,Yes
6184-DYUOB,Month-to-month,No,No internet service,Mailed check,Yes,No
9207-ZPANB,One year,DSL,Yes,Electronic check,No,No
5766-XQXMQ,Month-to-month,DSL,No,Bank transfer (automatic),Yes,Yes
9327-QSDED,Month-to-month,DSL,No,Mailed check,No,No
1656-DRSMG,Month-to-month,Fiber optic,Yes,Credit card (automatic),Yes,No
3012-VFFMN,Month-to-month,No,No internet service,Mailed check,No,No
2984-AFWNC,Month-to-month,Fiber optic,No,Electronic check,No,No
0640-YJTPY,Two year,No,No internet service,Bank transfer (automatic),No,No
8096-LOIST,Month-to-month,DSL,No,Electronic check,Yes,No
9764-REAFF,Two year,No,No internet service,Bank transfer (automatic),No,No
3703-VAVCL,Month-to-month,Fiber optic,Yes,Credit card (automatic),No,Yes
7107-UBYKY,Month-to-month,No,No internet service,Electronic check,Yes,No
4881-GQJTW,Month-to-month,No,No internet service,Credit card (automatic),No,No
8519-QJGJD,Month-to-month,Fiber optic,No,Electronic check,No,Yes
7876-DNYAP,Two year,No,No internet service,Credit card (automatic),No,No
7905-NJMXS,Month-to-month,DSL,Yes,Electronic check,No,No
2882-WDTBA,Two year,DSL,Yes,Bank transfer (automatic),Yes,No
2091-GPPIQ,Two year,DSL,Yes,Electronic check,Yes,No
6326-MTTXK,Month-to-month,Fiber optic,No,Electronic check,No,Yes
5071-FBJFS,Month-to-month,DSL,No,Electronic check,No,No
2796-UUZZO,Month-to-month,Fiber optic,No,Credit card (automatic),Yes,No
2429-AYKKO,Two year,No,No internet service,Bank transfer (automatic),No,No
9798-OPFEM,Two year,No,No internet service,Electronic check,Yes,No
0330-IVZHA,Month-to-month,Fiber optic,No,Electronic check,No,Yes
3794-NFNCH,Month-to-month,DSL,No,Mailed check,Yes,No
5193-QLVZB,Two year,Fiber optic,No,Bank transfer (automatic),Yes,No
7114-AEOZE,Two year,No,No internet service,Bank transfer (automatic),No,No
2886-KEFUM,One year,Fiber optic,No,Electronic check,Yes,Yes
5522-NYKPB,Month-to-month,Fiber optic,Yes,Electronic check,No,No
4237-RLAQD,Month-to-month,DSL,No,Mailed check,Yes,Yes
9957-YODKZ,Month-to-month,Fiber optic,No,Electronic check,Yes,No
6518-KZXCB,Two year,No,No internet service,Mailed check,No,No
2245-ADZFJ,Two year,DSL,Yes,Bank transfer (automatic),No,No
7776-QGYJC,Month-to-month,Fiber optic,Yes,Bank transfer (automatic),Yes,No
9313-QOLTZ,Month-to-month,No,No internet service,Mailed check,No,No
9651-GTSAQ,One year,Fiber optic,No,Bank transfer (automatic),Yes,Yes
3186-BAXNB,Month-to-month,Fiber optic,Yes,Electronic check,No,Yes
4672-FOTSD,Month-to-month,DSL,Yes,Electronic check,Yes,No
0637-YLETY,Month-to-month,Fiber optic,No,Credit card (automatic),Yes,Yes
9818-XQCUV,Month-to-month,No,No internet service,Mailed check,No,No
7338-ERIVA,One year,DSL,Yes,Bank transfer (automatic),No,No
1157-BQCUW,Month-to-month,Fiber optic,No,Electronic check,Yes,Yes
8259-NFJTV,Month-to-month,DSL,Yes,Mailed check,No,No
3223-DWFIO,Month-to-month,Fiber optic,No,Electronic check,No,No
2660-EMUBI,Month-to-month,Fiber optic,No,Electronic check,Yes,Yes
6968-GMKPR,Month-to-month,Fiber optic,No,Electronic check,Yes,No
4751-ERMAN,Two year,DSL,No,Bank transfer (automatic),Yes,No
1436-ZMJAN,Month-to-month,DSL,No,Credit card (automatic),Yes,No
3292-PBZEJ,Month-to-month,Fiber optic,Yes,Electronic check,Yes,No
0799-DDIHE,Month-to-month,DSL,No,Electronic check,No,No
3070-FNFZQ,Two year,No,No internet service,Bank transfer (automatic),No,No
2812-SFXMJ,Month-to-month,No,No internet service,Mailed check,No,No
7675-OZCZG,Month-to-month,DSL,No,Electronic check,No,Yes
5014-WUQMG,One year,Fiber optic,No,Electronic check,Yes,No
5312-TSZVC,One year,No,No internet service,Mailed check,No,No
2003-CKLOR,Month-to-month,Fiber optic,No,Electronic check,No,Yes
0993-OSGPT,One year,DSL,Yes,Bank transfer (automatic),Yes,No
9254-RBFON,One year,Fiber optic,Yes,Bank transfer (automatic),No,Yes
1205-WNWPJ,Month-to-month,DSL,Yes,Mailed check,Yes,Yes
9391-EOYLI,Month-to-month,Fiber optic,No,Electronic check,Yes,Yes
7108-DGVUU,One year,DSL,No,Bank transfer (automatic),No,No
2782-JEEBU,Month-to-month,DSL,Yes,Mailed check,Yes,No
5127-BZENZ,One year,DSL,No,Bank transfer (automatic),No,No
2720-FVBQP,Month-to-month,DSL,No,Credit card (automatic),Yes,No
9906-NHHVC,Two year,DSL,No,Bank transfer (automatic),Yes,No
4522-XRWWI,One year,DSL,Yes,Credit card (automatic),No,No
3766-EJLFL,Two year,Fiber optic,Yes,Bank transfer (automatic),Yes,No
5939-SXWHM,Two year,No,No internet service,Bank transfer (automatic),No,No
8152-UOBNY,One year,Fiber optic,Yes,Electronic check,Yes,No
7351-KYHQH,Month-to-month,DSL,No,Electronic check,Yes,No
7643-RCHXS,Two year,No,No internet service,Electronic check,No,No
8246-SHFGA,Month-to-month,No,No internet service,Credit card (automatic),No,No
8387-MOJJT,Month-to-month,Fiber optic,No,Credit card (automatic),Yes,Yes
0620-XEFWH,Month-to-month,No,No internet service,Mailed check,No,No
6485-QXWWE,Two year,No,No internet service,Bank transfer (automatic),No,No
2761-OCIAX,Month-to-month,Fiber optic,No,Electronic check,Yes,Yes
7321-VGNKU,Month-to-month,Fiber optic,No,Electronic check,Yes,No
5327-CNLUQ,Two year,Fiber optic,No,Bank transfer (automatic),Yes,No
7552-KEYGT,Two year,No,No internet service,Bank transfer (automatic),No,No
5816-JMLGY,Two year,DSL,Yes,Bank transfer (automatic),Yes,No
3068-OMWZA,Month-to-month,Fiber optic,No,Electronic check,Yes,Yes
2927-QRRQV,One year,Fiber optic,No,Electronic check,Yes,No
6032-KRXXO,Month-to-month,Fiber optic,No,Electronic check,Yes,Yes
7459-RRWQZ,Month-to-month,DSL,No,Bank transfer (automatic),Yes,Yes
6265-SXWBU,One year,Fiber optic,No,Credit card (automatic),No,No
7941-RCJOW,Two year,No,No internet service,Credit card (automatic),Yes,No
6374-NTQLP,Two year,Fiber optic,Yes,Credit card (automatic),Yes,No
4154-AQUGT,Month-to-month,Fiber optic,Yes,Bank transfer (automatic),Yes,Yes
2387-KDZQY,One year,No,No internet service,Mailed check,Yes,No
3584-WKTTW,One year,Fiber optic,Yes,Electronic check,Yes,No
3399-BMLVW,Two year,DSL,Yes,Credit card (automatic),No,No
1971-DTCZB,Two year,DSL,Yes,Bank transfer (automatic),Yes,No
3092-IGHWF,One year,Fiber optic,No,Electronic check,No,Yes
3374-PZLXD,Month-to-month,No,No internet service,Mailed check,No,No
3813-DHBBB,Two year,DSL,Yes,Bank transfer (automatic),Yes,No
2812-REYAT,One year,No,No internet service,Bank transfer (automatic),Yes,No
6518-PPLMZ,Two year,No,No internet service,Mailed check,Yes,No
4939-KYYPY,Month-to-month,DSL,Yes,Electronic check,No,No
8017-LXHFA,Month-to-month,Fiber optic,No,Electronic check,Yes,Yes
5930-GBIWP,Two year,DSL,Yes,Credit card (automatic),Yes,No
6022-KOUQO,Month-to-month,DSL,Yes,Bank transfer (automatic),No,No
6352-TWCAU,Month-to-month,Fiber optic,No,Electronic check,Yes,Yes
2361-UPSND,One year,DSL,Yes,Mailed check,No,No
6035-RIIOM,Two year,Fiber optic,No,Bank transfer (automatic),Yes,No
2929-QNSRW,One year,Fiber optic,No,Electronic check,Yes,Yes
1262-OPMFY,Month-to-month,Fiber optic,No,Bank transfer (automatic),Yes,Yes
9504-DSHWM,Month-to-month,DSL,Yes,Bank transfer (automatic),No,No
5035-BVCXS,Month-to-month,Fiber optic,No,Mailed check,Yes,No
6267-DCFFZ,Month-to-month,Fiber optic,No,Electronic check,Yes,No
3533-UVMOM,Two year,DSL,No,Bank transfer (automatic),No,No
2439-LYPMQ,Month-to-month,Fiber optic,No,Electronic check,Yes,No
4248-QPAVC,Month-to-month,Fiber optic,No,Bank transfer (automatic),Yes,Yes
1899-VXWXM,One year,Fiber optic,No,Credit card (automatic),Yes,Yes
1478-VPOAD,Month-to-month,DSL,No,Electronic check,No,No
9995-HOTOH,Two year,DSL,No,Electronic check,No,No
2988-PLAHS,One year,DSL,No,Electronic check,Yes,No
1371-OJCEK,One year,No,No internet service,Bank transfer (automatic),No,No
4999-IEZLT,One year,DSL,Yes,Credit card (automatic),No,No
8883-ANODQ,Two year,Fiber optic,No,Credit card (automatic),Yes,No
4690-LLKUA,Month-to-month,DSL,No,Electronic check,Yes,Yes
2351-RRBUE,One year,No,No internet service,Mailed check,No,No
5980-BDHPY,Two year,DSL,Yes,Bank transfer (automatic),Yes,No
1498-DQNRX,Month-to-month,No,No internet service,Mailed check,No,No
9469-WEJBT,Month-to-month,Fiber optic,Yes,Electronic check,Yes,No
3331-HQDTW,Month-to-month,Fiber optic,No,Mailed check,Yes,Yes
9490-DFPMD,Month-to-month,Fiber optic,No,Electronic check,Yes,Yes
2581-VKIRT,One year,DSL,Yes,Mailed check,No,No
5442-XSDCW,Month-to-month,Fiber optic,No,Bank transfer (automatic),Yes,Yes
7426-WEIJX,Month-to-month,Fiber optic,No,Electronic check,Yes,No
2851-MMUTZ,Month-to-month,DSL,Yes,Mailed check,Yes,No
3049-NDXFL,Month-to-month,Fiber optic,No,Mailed check,No,Yes
8580-AECUZ,Month-to-month,Fiber optic,No,Electronic check,Yes,Yes
3307-TLCUD,Month-to-month,DSL,No,Mailed check,No,No
6625-FLENO,Two year,No,No internet service,Mailed check,No,No
2967-MXRAV,One year,No,No internet service,Mailed check,No,No
7963-GQRMY,Month-to-month,DSL,No,Mailed check,No,Yes
8189-HBVRW,Month-to-month,Fiber optic,No,Electronic check,No,No
4163-KIUHY,Month-to-month,No,No internet service,Electronic check,Yes,No
1228-FZFRV,Month-to-month,Fiber optic,No,Credit card (automatic),No,Yes
3500-NSDOA,Two year,DSL,Yes,Credit card (automatic),No,No
1171-TYKUR,Month-to-month,No,No internet service,Electronic check,No,No
3761-FLYZI,Month-to-month,Fiber optic,No,Bank transfer (automatic),Yes,No
2058-DCJBE,Month-to-month,Fiber optic,No,Electronic check,Yes,Yes
5364-XYIRR,Month-to-month,Fiber optic,No,Electronic check,Yes,Yes
4829-AUOAX,Month-to-month,Fiber optic,No,Bank transfer (automatic),No,Yes
1219-NNDDO,Month-to-month,Fiber optic,No,Electronic check,Yes,No
8388-DMKAE,Two year,No,No internet service,Mailed check,No,No
4403-BWPAY,One year,No,No internet service,Credit card (automatic),Yes,No
9659-QEQSY,Month-to-month,Fiber optic,Yes,Electronic check,Yes,No
5405-ZMYXQ,Month-to-month,Fiber optic,No,Credit card (automatic),Yes,No
5047-LHVLY,Month-to-month,DSL,No,Mailed check,Yes,Yes
1442-OKRJE,One year,Fiber optic,No,Bank transfer (automatic),Yes,No
4737-AQCPU,Two year,DSL,Yes,Credit card (automatic),No,No
9158-VCTQB,Month-to-month,Fiber optic,Yes,Bank transfer (automatic),Yes,Yes
2808-CHTDM,Two year,No,No internet service,Mailed check,No,No
6311-UEUME,Month-to-month,Fiber optic,No,Electronic check,Yes,Yes
0793-TWELN,Month-to-month,Fiber optic,No,Electronic check,Yes,No
3283-WCWXT,Two year,No,No internet service,Mailed check,No,No
1060-ENTOF,One year,Fiber optic,Yes,Credit card (automatic),Yes,No
0999-QXNSA,Month-to-month,DSL,No,Mailed check,Yes,No
5451-MHQOF,One year,No,No internet service,Mailed check,Yes,No
4836-WNFNO,Two year,No,No internet service,Credit card (automatic),No,No
9225-BZLNZ,Two year,DSL,No,Electronic check,Yes,No
0354-VXMJC,Two year,No,No internet service,Credit card (automatic),No,No
4422-QVIJA,Month-to-month,DSL,No,Mailed check,No,No
9365-SRSZE,Month-to-month,Fiber optic,No,Electronic check,Yes,No
6839-ITVZJ,Month-to-month,DSL,Yes,Electronic check,Yes,Yes
8332-OSJDW,One year,No,No internet service,Mailed check,No,No
4735-BJKOU,Two year,No,No internet service,Mailed check,No,No
0274-JKUJR,Month-to-month,DSL,No,Mailed check,No,No
5740-YHGTW,Month-to-month,Fiber optic,No,Credit card (automatic),Yes,No
8917-SZTTJ,Two year,No,No internet service,Credit card (automatic),No,No
1696-MZVAU,One year,DSL,No,Credit card (automatic),Yes,No
7359-WWYJV,Two year,Fiber optic,Yes,Credit card (automatic),No,No
0375-HVGXO,Month-to-month,DSL,No,Electronic check,Yes,Yes
4906-ZHGPK,One year,DSL,Yes,Electronic check,Yes,No
8593-WHYHV,Month-to-month,Fiber optic,No,Electronic check,Yes,Yes
3795-GWTRD,Two year,DSL,Yes,Credit card (automatic),No,No
1298-PHBTI,Two year,Fiber optic,Yes,Electronic check,Yes,No
6223-DHJGV,One year,No,No internet service,Mailed check,Yes,No
6961-MJKBO,Two year,No,No internet service,Bank transfer (automatic),No,No
6097-EQISJ,One year,Fiber optic,No,Credit card (automatic),Yes,Yes
4423-YLHDV,Month-to-month,Fiber optic,No,Bank transfer (automatic),Yes,Yes
8158-WPEZG,Month-to-month,DSL,Yes,Electronic check,Yes,No
0107-YHINA,Month-to-month,Fiber optic,No,Electronic check,Yes,Yes
4918-FYJNT,Month-to-month,Fiber optic,Yes,Electronic check,No,No
0727-BNRLG,Two year,Fiber optic,Yes,Credit card (automatic),Yes,No
4854-CIDCF,Month-to-month,Fiber optic,No,Electronic check,No,No
8640-SDGKB,Month-to-month,DSL,Yes,Electronic check,Yes,Yes
3280-MRDOF,Two year,DSL,Yes,Credit card (automatic),Yes,No
6435-SRWBJ,Month-to-month,Fiber optic,Yes,Electronic check,Yes,No
9964-WBQDJ,Two year,No,No internet service,Credit card (automatic),Yes,No
6303-KFWSL,One year,DSL,No,Electronic check,Yes,No
1702-CCFNJ,Month-to-month,DSL,Yes,Bank transfer (automatic),No,No
8932-CZHRQ,One year,DSL,No,Credit card (automatic),No,No
0386-CWRGM,Two year,No,No internet service,Mailed check,No,No
5515-RUGKN,Month-to-month,DSL,No,Credit card (automatic),Yes,No
0404-AHASP,Two year,No,No internet service,Credit card (automatic),No,No
7279-NMVJC,One year,No,No internet service,Bank transfer (automatic),No,No
2081-VEYEH,Month-to-month,Fiber optic,Yes,Electronic check,Yes,No
6407-UTSLV,Month-to-month,Fiber optic,No,Bank transfer (automatic),Yes,No
4116-TZAQJ,Month-to-month,Fiber optic,No,Credit card (automatic),Yes,Yes
9060-HJJRW,One year,DSL,No,Credit card (automatic),Yes,No
2587-YNLES,Two year,No,No internet service,Mailed check,No,No
7398-SKNQZ,Month-to-month,Fiber optic,No,Electronic check,No,No
5935-FCCNB,Month-to-month,Fiber optic,No,Electronic check,Yes,No
1958-RNRKS,Month-to-month,DSL,No,Electronic check,No,No
5136-RGMZO,Month-to-month,DSL,Yes,Electronic check,Yes,No
8345-MVDYC,Two year,DSL,Yes,Bank transfer (automatic),No,No
8226-BXGES,One year,Fiber optic,No,Bank transfer (automatic),No,No
3877-JRJIP,Month-to-month,DSL,No,Electronic check,Yes,Yes
8375-DKEBR,Month-to-month,Fiber optic,No,Electronic check,Yes,Yes
9705-IOVQQ,One year,Fiber optic,No,Electronic check,No,No
1015-OWJKI,Month-to-month,No,No internet service,Mailed check,No,No
7511-YMXVQ,Month-to-month,DSL,No,Electronic check,Yes,Yes
2040-XBAVJ,Two year,Fiber optic,Yes,Bank transfer (automatic),No,No
7551-JOHTI,Month-to-month,No,No internet service,Mailed check,No,Yes
8887-IPQNC,Month-to-month,DSL,No,Mailed check,Yes,No
8646-JCOMS,One year,Fiber optic,Yes,Bank transfer (automatic),Yes,No
9804-ICWBG,Month-to-month,Fiber optic,No,Electronic check,Yes,Yes
1222-KJNZD,Month-to-month,No,No internet service,Bank transfer (automatic),Yes,No
0106-GHRQR,Month-to-month,DSL,No,Bank transfer (automatic),Yes,No
5318-IXUZF,Month-to-month,Fiber optic,No,Bank transfer (automatic),Yes,Yes
3768-VHXQO,Two year,No,No internet service,Credit card (automatic),No,No
8952-WCVCD,One year,Fiber optic,No,Bank transfer (automatic),Yes,No
2418-TPEUN,Two year,No,No internet service,Credit card (automatic),Yes,No
3963-RYFNS,Two year,Fiber optic,Yes,Bank transfer (automatic),Yes,No
3198-VELRD,Month-to-month,Fiber optic,No,Bank transfer (automatic),Yes,Yes
8540-ZQGEA,Two year,No,No internet service,Credit card (automatic),No,No
1320-REHCS,Month-to-month,Fiber optic,Yes,Electronic check,Yes,No
4137-JOPHL,Two year,Fiber optic,Yes,Bank transfer (automatic),Yes,No
9436-ZBZCT,Month-to-month,Fiber optic,Yes,Electronic check,Yes,Yes
7801-CEDNV,One year,DSL,No,Credit card (automatic),No,No
2057-BOYKM,Two year,Fiber optic,Yes,Bank transfer (automatic),Yes,No
3658-QQJYD,One year,DSL,No,Credit card (automatic),Yes,No
1803-BGNBD,Month-to-month,DSL,Yes,Electronic check,Yes,No
0134-XWXCE,One year,DSL,Yes,Bank transfer (automatic),No,No
6950-TWMYB,Two year,Fiber optic,Yes,Bank transfer (automatic),Yes,No
5848-FHRFC,Two year,No,No internet service,Bank transfer (automatic),No,No
2243-FNMMI,Month-to-month,No,No internet service,Mailed check,No,No
2511-MORQY,One year,DSL,No,Bank transfer (automatic),No,No
5356-KZCKT,Two year,No,No internet service,Credit card (automatic),Yes,No
9470-XCCEM,Month-to-month,Fiber optic,No,Bank transfer (automatic),Yes,No
6519-CFDBX,Month-to-month,DSL,No,Electronic check,Yes,No
3902-MIVLE,Two year,DSL,Yes,Mailed check,No,No
0409-WTMPL,One year,Fiber optic,No,Credit card (automatic),Yes,No
8763-KIAFH,One year,No,No internet service,Mailed check,Yes,No
3669-WHAFY,Two year,Fiber optic,Yes,Credit card (automatic),Yes,No
3055-VTCGS,One year,DSL,No,Credit card (automatic),No,No
3144-KMTWZ,Month-to-month,Fiber optic,No,Bank transfer (automatic),Yes,No
7279-BUYWN,Month-to-month,Fiber optic,No,Electronic check,Yes,Yes
7156-MHUGY,Month-to-month,Fiber optic,No,Electronic check,Yes,Yes
7198-GLXTC,Month-to-month,Fiber optic,No,Electronic check,No,Yes
2007-QVGAW,Two year,No,No internet service,Bank transfer (automatic),Yes,No
5207-PLSTK,Month-to-month,DSL,No,Mailed check,Yes,No
2307-FYNNL,Two year,Fiber optic,Yes,Electronic check,Yes,No
5605-XNWEN,Two year,No,No internet service,Bank transfer (automatic),Yes,No
2155-AMQRX,Month-to-month,DSL,Yes,Credit card (automatic),Yes,No
6181-AXXYF,Two year,No,No internet service,Credit card (automatic),No,No
5091-HFAZW,Month-to-month,Fiber optic,No,Electronic check,Yes,No
0516-VRYBW,One year,No,No internet service,Bank transfer (automatic),No,Yes
2519-LBNQL,One year,Fiber optic,No,Electronic check,Yes,No
8623-ULFNQ,Month-to-month,DSL,Yes,Electronic check,Yes,No
8380-PEFPE,Month-to-month,Fiber optic,No,Electronic check,Yes,Yes
5687-DKDTV,Month-to-month,No,No internet service,Mailed check,No,Yes
1568-LJSZU,Two year,DSL,Yes,Credit card (automatic),Yes,No
7530-HDYDS,Month-to-month,Fiber optic,Yes,Credit card (automatic),Yes,Yes
7789-HKSBS,One year,Fiber optic,No,Bank transfer (automatic),Yes,No
7416-CKTEP,Two year,No,No internet service,Bank transfer (automatic),Yes,No
2586-CWXVV,Month-to-month,DSL,No,Electronic check,No,No
3096-IZETN,Month-to-month,Fiber optic,No,Bank transfer (automatic),No,Yes
2348-KCJLT,One year,DSL,No,Mailed check,Yes,No
8401-EMUWF,Month-to-month,DSL,No,Bank transfer (automatic),Yes,No
4193-IBKSW,Two year,No,No internet service,Bank transfer (automatic),No,No
5377-NDTOU,Two year,DSL,Yes,Mailed check,No,No
5922-ABDVO,Month-to-month,Fiber optic,No,Mailed check,No,Yes
2474-LCNUE,Month-to-month,DSL,Yes,Credit card (automatic),Yes,No
0839-QNXME,Two year,No,No internet service,Credit card (automatic),No,No
3506-OVLKD,One year,No,No internet service,Bank transfer (automatic),No,No
9172-ANCRX,Month-to-month,Fiber optic,No,Electronic check,Yes,Yes
6650-VJONK,Month-to-month,DSL,No,Bank transfer (automatic),Yes,No
2178-PMGCJ,Month-to-month,Fiber optic,No,Mailed check,Yes,No
7492-TAFJD,Two year,DSL,No,Mailed check,No,No
2773-MADBQ,Two year,DSL,Yes,Mailed check,Yes,No
6016-LVTJQ,Month-to-month,No,No internet service,Mailed check,No,No
7860-KSUGX,Two year,DSL,No,Credit card (automatic),No,No
8966-KZXXA,Two year,No,No internet service,Credit card (automatic),No,No
6910-HADCM,Month-to-month,Fiber optic,No,Electronic check,No,Yes
4816-LXZYW,Month-to-month,Fiber optic,No,Electronic check,Yes,Yes
9606-PBKBQ,Month-to-month,Fiber optic,No,Electronic check,Yes,Yes
5149-QYTTU,One year,Fiber optic,Yes,Credit card (automatic),Yes,No
2070-XYMFH,Month-to-month,Fiber optic,No,Mailed check,Yes,No
2085-BOJKI,One year,Fiber optic,No,Bank transfer (automatic),Yes,No
0817-HSUSE,Month-to-month,DSL,Yes,Electronic check,Yes,No
5442-PPTJY,Two year,No,No internet service,Mailed check,No,No
1927-QEWMY,Two year,No,No internet service,Credit card (automatic),No,No
1663-MHLHE,Month-to-month,No,No internet service,Mailed check,No,No
5663-QBGIS,Two year,Fiber optic,No,Bank transfer (automatic),No,No
4450-MDZFX,Month-to-month,Fiber optic,No,Bank transfer (automatic),No,No
6701-DHKWQ,Two year,DSL,Yes,Credit card (automatic),No,No
7554-AKDQF,Month-to-month,DSL,No,Mailed check,No,No
3536-IQCTX,Month-to-month,Fiber optic,No,Electronic check,No,Yes
4911-BANWH,Month-to-month,Fiber optic,No,Credit card (automatic),Yes,Yes
8496-EJAUI,Month-to-month,Fiber optic,No,Credit card (automatic),Yes,Yes
0794-YVSGE,Two year,No,No internet service,Bank transfer (automatic),No,No
5423-BHIXO,Month-to-month,DSL,No,Electronic check,Yes,No
6908-VVYHM,Month-to-month,Fiber optic,No,Electronic check,Yes,No
2959-EEXWB,Month-to-month,DSL,No,Bank transfer (automatic),Yes,No
1839-UMACK,One year,No,No internet service,Electronic check,No,No
3030-YDNRM,Month-to-month,Fiber optic,No,Electronic check,Yes,No
7321-KKSDU,Two year,No,No internet service,Mailed check,No,No
3402-XRIUO,Month-to-month,DSL,Yes,Mailed check,Yes,No
3132-TVFDZ,Month-to-month,DSL,No,Electronic check,Yes,Yes
8286-AFUYI,Month-to-month,DSL,No,Electronic check,No,No
8080-DDEMJ,Month-to-month,DSL,No,Electronic check,No,Yes
8356-WUAOJ,Month-to-month,DSL,No,Electronic check,Yes,No
6365-MTGZX,Month-to-month,Fiber optic,Yes,Electronic check,Yes,Yes
1349-WXNGG,Month-to-month,No,No internet service,Bank transfer (automatic),No,Yes
8058-DMYRU,Month-to-month,Fiber optic,No,Electronic check,Yes,No
9350-ZXYJC,Two year,No,No internet service,Credit card (automatic),Yes,No
6990-YNRIO,Two year,Fiber optic,Yes,Bank transfer (automatic),No,Yes
8958-JPTRR,One year,No,No internet service,Electronic check,No,No
6959-GQEGV,Month-to-month,DSL,No,Electronic check,Yes,No
3173-WSSUE,Two year,No,No internet service,Credit card (automatic),No,No
1265-HVPZB,One year,DSL,No,Credit card (automatic),No,No
4115-UMJFQ,One year,DSL,No,Bank transfer (automatic),Yes,No
7369-TRPFD,One year,No,No internet service,Mailed check,No,No
1098-KFQEC,Two year,No,No internet service,Credit card (automatic),No,No
7190-XHTWJ,One year,No,No internet service,Mailed check,No,No
0621-TWIEM,Month-to-month,DSL,No,Electronic check,Yes,Yes
3537-RYBHH,Month-to-month,DSL,No,Credit card (automatic),Yes,No
2485-ITVKB,Month-to-month,DSL,No,Electronic check,Yes,Yes
3669-OYSJI,Month-to-month,DSL,No,Credit card (automatic),No,Yes
1612-EOHDH,Month-to-month,DSL,No,Electronic check,No,Yes
6702-OHFWR,Month-to-month,DSL,No,Electronic check,Yes,Yes
5296-BFCYD,Two year,No,No internet service,Mailed check,Yes,No
4510-PYUSH,Month-to-month,DSL,No,Credit card (automatic),Yes,Yes
9359-JANWS,Two year,DSL,Yes,Credit card (automatic),No,No
7517-SAWMO,Month-to-month,Fiber optic,No,Electronic check,Yes,Yes
4143-HHPMK,Month-to-month,Fiber optic,No,Electronic check,Yes,Yes
3279-DYZQM,Two year,No,No internet service,Mailed check,No,No
7054-LGEQW,Month-to-month,DSL,No,Mailed check,No,Yes
0523-VNGTF,Month-to-month,DSL,Yes,Electronic check,Yes,No
9575-IWCAZ,One year,No,No internet service,Mailed check,No,No
7105-MXJLL,One year,DSL,No,Mailed check,No,No
7064-FRRSW,One year,Fiber optic,No,Electronic check,Yes,No
7940-UQQUG,One year,Fiber optic,Yes,Bank transfer (automatic),Yes,No
0923-PNFUB,Month-to-month,Fiber optic,No,Electronic check,No,Yes
3961-SXAXY,Month-to-month,DSL,No,Bank transfer (automatic),Yes,No
7010-BRBUU,Two year,No,No internet service,Credit card (automatic),No,No
3566-HJGPK,Month-to-month,DSL,No,Mailed check,Yes,No
3062-ICYZQ,Month-to-month,Fiber optic,No,Electronic check,Yes,No
9938-PRCVK,Two year,No,No internet service,Bank transfer (automatic),No,No
0973-KYVNF,Two year,DSL,No,Credit card (automatic),Yes,No
5129-HHMZC,Two year,DSL,Yes,Credit card (automatic),No,No
9637-CDTKZ,Two year,Fiber optic,Yes,Credit card (automatic),Yes,No
3946-JEWRQ,One year,Fiber optic,No,Credit card (automatic),Yes,No
7873-CVMAW,Two year,DSL,Yes,Credit card (automatic),No,No
0463-WZZKO,Month-to-month,No,No internet service,Credit card (automatic),Yes,No
3494-JCHRQ,Month-to-month,Fiber optic,No,Electronic check,Yes,Yes
6474-FVJLC,Month-to-month,Fiber optic,No,Electronic check,Yes,Yes
4524-QCSSM,Month-to-month,DSL,No,Bank transfer (automatic),Yes,No
5832-EXGTT,Month-to-month,DSL,No,Mailed check,Yes,No
8840-DQLGN,Month-to-month,Fiber optic,Yes,Bank transfer (automatic),Yes,Yes
2039-JONDJ,One year,DSL,No,Bank transfer (automatic),No,No
7217-JYHOQ,Month-to-month,DSL,Yes,Credit card (automatic),Yes,No
6695-FRVEC,Two year,DSL,Yes,Bank transfer (automatic),Yes,No
4547-LYTDD,Month-to-month,Fiber optic,No,Electronic check,No,Yes
9894-QMIMJ,One year,DSL,No,Bank transfer (automatic),No,No
8069-YQQAJ,Month-to-month,DSL,No,Mailed check,Yes,No
6770-XUAGN,Month-to-month,No,No internet service,Electronic check,Yes,Yes
4193-ORFCL,Month-to-month,DSL,No,Mailed check,No,Yes
1636-NTNCO,Month-to-month,DSL,No,Credit card (automatic),Yes,No
3466-WAESX,Month-to-month,DSL,No,Electronic check,Yes,No
9281-PKKZE,Month-to-month,DSL,No,Electronic check,Yes,No
3638-VBZTA,Two year,DSL,Yes,Bank transfer (automatic),Yes,No
7459-IMVYU,Month-to-month,DSL,Yes,Electronic check,No,No
7776-QWNFX,Month-to-month,DSL,No,Bank transfer (automatic),Yes,Yes
6689-TCZHQ,Month-to-month,Fiber optic,No,Electronic check,No,Yes
8563-OYMQY,Month-to-month,Fiber optic,No,Credit card (automatic),Yes,No
0754-EEBDC,Two year,No,No internet service,Mailed check,No,No
5777-ZPQNC,One year,No,No internet service,Electronic check,No,No
1951-IEYXM,Two year,DSL,Yes,Credit card (automatic),Yes,No
3318-NMQXL,Month-to-month,Fiber optic,No,Electronic check,Yes,No
3143-ILDAL,Month-to-month,Fiber optic,Yes,Electronic check,Yes,Yes
1022-RKXDR,One year,No,No internet service,Mailed check,Yes,No
2361-FJWNO,One year,DSL,Yes,Credit card (automatic),No,No
2272-UOINI,Month-to-month,DSL,Yes,Electronic check,Yes,No
8232-UTFOZ,Two year,No,No internet service,Credit card (automatic),No,No
3750-YHRYO,One year,No,No internet service,Mailed check,No,No
6637-KYRCV,Month-to-month,DSL,No,Electronic check,Yes,No
5668-MEISB,Two year,Fiber optic,Yes,Credit card (automatic),No,No
0129-QMPDR,One year,No,No internet service,Bank transfer (automatic),Yes,No
7188-CBBBA,One year,Fiber optic,No,Electronic check,Yes,No
5356-CSVSQ,Month-to-month,DSL,Yes,Electronic check,No,No
3221-CJMSG,Month-to-month,DSL,Yes,Credit card (automatic),Yes,No
4720-VSTSI,Month-to-month,Fiber optic,No,Bank transfer (automatic),Yes,Yes
3219-JQRSL,Two year,DSL,Yes,Credit card (automatic),No,No
2801-NISEI,Month-to-month,DSL,Yes,Electronic check,No,No
3946-MHCZW,Month-to-month,DSL,No,Mailed check,No,Yes
4623-ZKHLY,Month-to-month,No,No internet service,Bank transfer (automatic),Yes,No
6732-VAILE,Two year,DSL,Yes,Credit card (automatic),Yes,No
8201-AAXCB,Month-to-month,DSL,No,Electronic check,No,No
7696-CFTAT,Two year,No,No internet service,Bank transfer (automatic),No,No
1845-CSBRZ,Month-to-month,Fiber optic,No,Bank transfer (automatic),No,No
2123-VSCOT,Two year,DSL,Yes,Bank transfer (automatic),Yes,No
6651-AZVTJ,Month-to-month,Fiber optic,No,Electronic check,Yes,Yes
4566-GOLUK,Month-to-month,Fiber optic,Yes,Bank transfer (automatic),Yes,Yes
2484-DGXPZ,Month-to-month,No,No internet service,Mailed check,Yes,Yes
2018-QKYGT,Month-to-month,Fiber optic,No,Electronic check,Yes,No
2792-VPPET,Month-to-month,No,No internet service,Electronic check,Yes,No
7409-JURKQ,One year,Fiber optic,Yes,Bank transfer (automatic),Yes,No
3247-MHJKM,Month-to-month,No,No internet service,Mailed check,No,No
1964-SVLEA,One year,No,No internet service,Mailed check,Yes,No
4587-NUKOX,Month-to-month,Fiber optic,No,Electronic check,Yes,Yes
7297-DVYGA,One year,No,No internet service,Bank transfer (automatic),Yes,No
2239-CGBUZ,One year,DSL,Yes,Bank transfer (automatic),Yes,No
0854-UYHZD,Two year,No,No internet service,Mailed check,No,No
7243-LCGGZ,Month-to-month,No,No internet service,Mailed check,No,No
8267-KFGYD,Month-to-month,No,No internet service,Mailed check,Yes,No
4890-VMUAV,One year,DSL,Yes,Electronic check,No,No
9261-WDCAF,Month-to-month,DSL,No,Mailed check,No,No
3764-MNMOI,Two year,No,No internet service,Credit card (automatic),No,No
7442-YGZFK,Month-to-month,DSL,No,Credit card (automatic),Yes,No
0420-BWTPW,Month-to-month,DSL,No,Mailed check,No,Yes
8229-BUJHX,Two year,No,No internet service,Bank transfer (automatic),No,No
7449-HVPIV,Month-to-month,Fiber optic,No,Credit card (automatic),Yes,No
5504-WSIUR,One year,Fiber optic,Yes,Bank transfer (automatic),Yes,No
8183-ONMXC,Month-to-month,Fiber optic,No,Electronic check,No,Yes
8466-PZBLH,Two year,Fiber optic,Yes,Bank transfer (automatic),No,No
9614-RMGHA,Month-to-month,Fiber optic,No,Bank transfer (automatic),Yes,Yes
8735-IJJEG,Month-to-month,DSL,No,Credit card (automatic),No,No
0564-MUUQK,Month-to-month,Fiber optic,Yes,Bank transfer (automatic),Yes,No
5054-IEXZT,Month-to-month,Fiber optic,No,Electronic check,Yes,Yes
5834-ASPWA,Month-to-month,Fiber optic,No,Electronic check,Yes,Yes
0701-RFGFI,Month-to-month,Fiber optic,No,Bank transfer (automatic),Yes,No
0019-EFAEP,Two year,Fiber optic,No,Bank transfer (automatic),Yes,No
5619-PTMIK,Month-to-month,DSL,No,Electronic check,No,No
3737-XBQDD,Month-to-month,Fiber optic,No,Bank transfer (automatic),Yes,No
5882-CMAZQ,Month-to-month,DSL,Yes,Electronic check,No,No
5846-QFDFI,Month-to-month,Fiber optic,Yes,Credit card (automatic),No,No
4445-KWOKW,One year,DSL,No,Bank transfer (automatic),Yes,No
3511-APPBJ,One year,Fiber optic,No,Credit card (automatic),Yes,No
7967-HYCDE,Month-to-month,Fiber optic,No,Bank transfer (automatic),No,No
2430-RRYUW,One year,DSL,No,Mailed check,Yes,No
3948-XHGNA,Month-to-month,DSL,No,Bank transfer (automatic),Yes,Yes
3723-BFBGR,Month-to-month,DSL,No,Credit card (automatic),No,No
0565-IYCGT,One year,DSL,Yes,Credit card (automatic),Yes,Yes
5447-WZAFP,One year,Fiber optic,No,Mailed check,Yes,No
5110-CHOPY,Two year,DSL,No,Electronic check,No,No
5445-UTODQ,Month-to-month,Fiber optic,No,Electronic check,Yes,Yes
4425-OWHWB,One year,No,No internet service,Credit card (automatic),Yes,No
7892-QVYKW,Month-to-month,Fiber optic,No,Electronic check,No,No
9675-ICXCT,Two year,DSL,Yes,Electronic check,Yes,No
1024-VRZHF,Month-to-month,Fiber optic,No,Electronic check,Yes,Yes
4703-MQYKT,Two year,No,No internet service,Mailed check,No,No
9497-QCMMS,Month-to-month,Fiber optic,No,Electronic check,Yes,Yes
5692-ICXLW,Month-to-month,Fiber optic,No,Electronic check,Yes,No
0602-DDUML,Two year,DSL,Yes,Mailed check,No,No
2208-MPXIO,Two year,No,No internet service,Bank transfer (automatic),Yes,No
1960-UYCNN,Month-to-month,Fiber optic,No,Electronic check,Yes,No
0348-SDKOL,Month-to-month,Fiber optic,Yes,Credit card (automatic),Yes,Yes
3190-FZATL,Month-to-month,No,No internet service,Mailed check,No,No
7336-RLLRH,One year,DSL,Yes,Mailed check,No,No
4373-MAVJG,Month-to-month,Fiber optic,No,Bank transfer (automatic),Yes,Yes
8901-HJXTF,Month-to-month,DSL,No,Mailed check,No,Yes
7710-JSYOA,Two year,Fiber optic,Yes,Bank transfer (automatic),Yes,No
5419-KLXBN,Month-to-month,Fiber optic,No,Bank transfer (automatic),Yes,Yes
3424-NMNBO,One year,Fiber optic,No,Electronic check,Yes,Yes
9885-MFVSU,Two year,DSL,Yes,Credit card (automatic),Yes,No
4514-GFCFI,Month-to-month,Fiber optic,No,Electronic check,Yes,Yes
0607-MVMGC,One year,DSL,No,Credit card (automatic),No,No
3365-SAIGS,Month-to-month,Fiber optic,No,Electronic check,Yes,No
9828-AOQLM,Month-to-month,DSL,No,Electronic check,Yes,Yes
8022-BECSI,One year,No,No internet service,Mailed check,No,No
8000-REIQB,Month-to-month,Fiber optic,No,Electronic check,Yes,Yes
9993-LHIEB,Two year,DSL,Yes,Mailed check,No,No
0266-CLZKZ,Two year,Fiber optic,Yes,Bank transfer (automatic),Yes,No
7615-ESMYF,Month-to-month,DSL,No,Electronic check,No,Yes
3858-VOBET,Month-to-month,Fiber optic,No,Electronic check,Yes,Yes
7020-OZKXZ,Month-to-month,Fiber optic,No,Credit card (automatic),No,No
3977-QCRSL,Month-to-month,No,No internet service,Mailed check,No,No
0017-DINOC,Two year,DSL,Yes,Credit card (automatic),No,No
1447-PJGGA,Two year,Fiber optic,No,Electronic check,Yes,Yes
8565-CLBZW,Month-to-month,Fiber optic,No,Mailed check,Yes,Yes
9139-WQQDY,One year,Fiber optic,No,Mailed check,No,Yes
0224-HJAPT,Month-to-month,DSL,No,Electronic check,No,Yes
8086-OVPWV,Month-to-month,Fiber optic,No,Electronic check,Yes,Yes
9430-FRQOC,Month-to-month,Fiber optic,Yes,Mailed check,Yes,Yes
7639-OPLNG,Two year,DSL,Yes,Bank transfer (automatic),Yes,No
3074-GQWYX,Month-to-month,Fiber optic,No,Bank transfer (automatic),Yes,Yes
1492-QGCLU,Month-to-month,DSL,Yes,Electronic check,No,No
6845-RGTYS,Month-to-month,Fiber optic,No,Electronic check,Yes,Yes
7328-OWMOM,One year,No,No internet service,Credit card (automatic),No,No
4418-LZMSV,Month-to-month,DSL,Yes,Bank transfer (automatic),No,No
5155-AZQPB,Month-to-month,DSL,No,Mailed check,No,No
8861-HGGKB,Month-to-month,Fiber optic,No,Electronic check,No,Yes
1087-GRUYI,Two year,No,No internet service,Bank transfer (automatic),No,No
7065-YUNRY,Month-to-month,DSL,No,Mailed check,Yes,Yes
7694-VLBWQ,One year,Fiber optic,No,Electronic check,No,Yes
2546-KZAAT,One year,DSL,No,Mailed check,Yes,No
0181-RITDD,Two year,Fiber optic,Yes,Mailed check,No,No
5989-PGKJB,Month-to-month,Fiber optic,No,Electronic check,Yes,No
4795-KTRTH,Month-to-month,Fiber optic,No,Electronic check,Yes,Yes
8272-ONJLV,One year,Fiber optic,No,Electronic check,No,No
1488-PBLJN,Two year,Fiber optic,Yes,Bank transfer (automatic),Yes,No
0308-GIQJT,One year,Fiber optic,Yes,Bank transfer (automatic),No,No
3778-FOAQW,One year,No,No internet service,Mailed check,No,No
4452-ROHMO,Two year,No,No internet service,Mailed check,No,No
6481-OGDOO,One year,Fiber optic,No,Credit card (automatic),Yes,Yes
3090-LETTY,Month-to-month,DSL,No,Bank transfer (automatic),No,No
5349-AZPEW,Month-to-month,DSL,No,Mailed check,No,No
3753-TSEMP,Month-to-month,Fiber optic,No,Electronic check,No,Yes
8305-VHZBZ,Month-to-month,No,No internet service,Mailed check,Yes,Yes
9720-JJJOR,One year,DSL,No,Bank transfer (automatic),Yes,No
8100-HZZLJ,Month-to-month,DSL,No,Electronic check,Yes,No
8775-ERLNB,Month-to-month,Fiber optic,No,Electronic check,No,No
8309-IEYJD,Month-to-month,Fiber optic,No,Mailed check,Yes,No
9172-JITSM,Month-to-month,Fiber optic,No,Electronic check,Yes,Yes
6298-QDFNH,Month-to-month,Fiber optic,No,Electronic check,Yes,Yes
7398-HPYZQ,Two year,DSL,Yes,Bank transfer (automatic),No,No
3546-GHEAE,Two year,No,No internet service,Mailed check,No,No
7361-YPXFS,Month-to-month,DSL,Yes,Bank transfer (automatic),No,No
6557-BZXLQ,Month-to-month,Fiber optic,No,Electronic check,No,No
2550-QHZGP,One year,No,No internet service,Mailed check,No,No
7519-JTWQH,Two year,Fiber optic,Yes,Bank transfer (automatic),Yes,No
2538-OIMXF,Month-to-month,DSL,No,Mailed check,No,No
8543-MSDMF,Month-to-month,DSL,No,Electronic check,Yes,No
9961-JBNMK,Month-to-month,Fiber optic,No,Bank transfer (automatic),Yes,Yes
1170-SASML,Month-to-month,Fiber optic,No,Bank transfer (automatic),Yes,No
4872-JCVCA,Two year,DSL,Yes,Bank transfer (automatic),Yes,No
5346-BZCHP,Two year,No,No internet service,Mailed check,No,No
2038-LLMLM,Month-to-month,Fiber optic,Yes,Electronic check,Yes,No
6173-ITPWD,Month-to-month,Fiber optic,No,Bank transfer (automatic),Yes,Yes
9734-UYXQI,Month-to-month,DSL,No,Electronic check,Yes,Yes
1216-BGTSP,Month-to-month,Fiber optic,Yes,Credit card (automatic),Yes,No
4138-NAXED,Month-to-month,Fiber optic,No,Bank transfer (automatic),No,No
2189-UXTKY,Month-to-month,DSL,Yes,Electronic check,Yes,Yes
0744-BIKKF,Two year,DSL,Yes,Bank transfer (automatic),No,No
7483-IQWIB,Month-to-month,Fiber optic,No,Electronic check,Yes,No
5248-KWLAR,Two year,DSL,Yes,Electronic check,No,No
4958-GZWIY,Month-to-month,DSL,No,Electronic check,No,Yes
7996-MHXLW,Two year,No,No internet service,Credit card (automatic),Yes,No
7833-PKIHD,One year,DSL,Yes,Bank transfer (automatic),Yes,No
7061-OVMIM,One year,No,No internet service,Bank transfer (automatic),No,No
5153-RTHKF,Month-to-month,Fiber optic,No,Electronic check,No,No
1852-QSWCD,Two year,No,No internet service,Mailed check,Yes,No
4832-VRBMR,One year,Fiber optic,No,Bank transfer (automatic),Yes,No
9079-LWTFD,Month-to-month,Fiber optic,Yes,Mailed check,No,No
6356-ELRKD,Month-to-month,Fiber optic,No,Electronic check,Yes,Yes
8624-GIOUT,Month-to-month,DSL,No,Credit card (automatic),Yes,Yes
3392-EHMNK,Two year,Fiber optic,Yes,Credit card (automatic),No,No
5986-WWXDV,One year,No,No internet service,Bank transfer (automatic),No,No
3061-BCKYI,Month-to-month,No,No internet service,Mailed check,No,No
6179-GJPSO,Month-to-month,Fiber optic,Yes,Credit card (automatic),Yes,Yes
7901-TBKJX,Month-to-month,Fiber optic,No,Electronic check,Yes,No
7228-PAQPD,One year,DSL,Yes,Credit card (automatic),No,No
3177-LASXD,Month-to-month,Fiber optic,No,Electronic check,No,Yes
7746-QYVCO,One year,DSL,No,Mailed check,Yes,No
5804-HYIEZ,Month-to-month,Fiber optic,No,Electronic check,Yes,No
9919-FZDED,Two year,DSL,No,Credit card (automatic),Yes,No
5934-TSSAU,Month-to-month,Fiber optic,No,Credit card (automatic),Yes,No
3486-KHMLI,Month-to-month,No,No internet service,Mailed check,No,No
4897-QSUYC,Month-to-month,No,No internet service,Mailed check,Yes,Yes
1084-UQCHV,Month-to-month,Fiber optic,No,Bank transfer (automatic),No,Yes
8290-YWKHZ,Month-to-month,Fiber optic,No,Electronic check,Yes,Yes
2955-BJZHG,Month-to-month,Fiber optic,No,Electronic check,No,Yes
3806-DXQOM,Month-to-month,DSL,No,Electronic check,Yes,Yes
6784-XYJAE,One year,DSL,No,Electronic check,No,No
3933-DQPWX,Two year,DSL,Yes,Credit card (automatic),No,No
6661-EIPZC,Month-to-month,DSL,Yes,Credit card (automatic),Yes,No
8957-THMOA,Two year,No,No internet service,Credit card (automatic),No,No
2251-PYLPB,Two year,DSL,Yes,Credit card (automatic),No,No
5555-RNPGT,Month-to-month,No,No internet service,Credit card (automatic),No,No
1057-FOGLZ,Month-to-month,No,No internet service,Mailed check,No,No
9300-RENDD,Month-to-month,Fiber optic,No,Electronic check,Yes,Yes
0761-AETCS,Month-to-month,No,No internet service,Electronic check,No,Yes
8087-LGYHQ,Month-to-month,Fiber optic,No,Electronic check,Yes,No
4137-BTIKL,Month-to-month,Fiber optic,No,Mailed check,No,No
2190-BCXEC,Month-to-month,Fiber optic,Yes,Credit card (automatic),Yes,No
6227-FBDXH,One year,Fiber optic,No,Bank transfer (automatic),No,No
2153-MREFK,One year,Fiber optic,Yes,Electronic check,Yes,Yes
2911-WDXMV,Month-to-month,Fiber optic,No,Credit card (automatic),Yes,No
7206-PQBBZ,Month-to-month,Fiber optic,No,Electronic check,Yes,No
3106-ULWFW,Month-to-month,Fiber optic,No,Credit card (automatic),Yes,Yes
0925-VYDLG,Month-to-month,Fiber optic,No,Electronic check,No,Yes
4547-FZJWE,One year,DSL,No,Credit card (automatic),No,No
7422-WNBTY,Month-to-month,Fiber optic,No,Electronic check,Yes,No
0842-IWYCP,Month-to-month,DSL,No,Bank transfer (automatic),No,No
3521-HTQTV,Two year,No,No internet service,Bank transfer (automatic),No,No
3744-ZBHON,Month-to-month,No,No internet service,Electronic check,No,No
3373-DIUUN,Two year,No,No internet service,Mailed check,No,No
8383-SGHJU,One year,DSL,Yes,Electronic check,No,No
7607-QKKTJ,One year,Fiber optic,No,Credit card (automatic),Yes,No
7707-PYBBH,Month-to-month,DSL,Yes,Mailed check,Yes,No
8984-HPEMB,Two year,Fiber optic,Yes,Electronic check,Yes,No
4349-GFQHK,Month-to-month,DSL,No,Electronic check,No,Yes
4139-DETXS,Two year,DSL,Yes,Bank transfer (automatic),No,No
9779-DPNEJ,Month-to-month,Fiber optic,No,Electronic check,Yes,No
9805-FILKB,One year,No,No internet service,Bank transfer (automatic),Yes,No
5793-YOLJN,Two year,No,No internet service,Mailed check,No,No
0673-IGUQO,Month-to-month,No,No internet service,Mailed check,No,No
4123-FCVCB,One year,DSL,Yes,Mailed check,Yes,No
8819-IMISP,Month-to-month,Fiber optic,No,Electronic check,Yes,No
7802-EFKNY,Month-to-month,DSL,No,Electronic check,Yes,Yes
8311-UEUAB,Two year,DSL,No,Electronic check,Yes,No
5858-EAFCZ,Month-to-month,DSL,No,Mailed check,No,No
8035-BUYVG,One year,DSL,No,Electronic check,Yes,Yes
1163-ONYEY,Month-to-month,DSL,No,Credit card (automatic),Yes,No
9787-XVQIU,Month-to-month,Fiber optic,No,Electronic check,Yes,Yes
8945-MUQUF,One year,Fiber optic,No,Electronic check,Yes,Yes
5656-MJEFC,Two year,DSL,Yes,Credit card (automatic),No,No
6082-OQFBA,One year,No,No internet service,Mailed check,No,No
8051-HJRLT,Month-to-month,Fiber optic,No,Electronic check,Yes,Yes
8974-OVACP,Month-to-month,No,No internet service,Mailed check,No,No
4010-YLMVT,Month-to-month,Fiber optic,No,Credit card (automatic),Yes,No
1379-FRVEB,Month-to-month,Fiber optic,No,Electronic check,Yes,No
8612-GXIDD,Two year,No,No internet service,Bank transfer (automatic),Yes,No
6288-CHQJB,Two year,DSL,Yes,Bank transfer (automatic),No,No
8160-HOWOX,Month-to-month,DSL,No,Electronic check,Yes,No
3023-GFLBR,Month-to-month,Fiber optic,No,Credit card (automatic),No,Yes
6648-INWPS,Month-to-month,No,No internet service,Electronic check,No,No
4223-BKEOR,One year,DSL,No,Mailed check,No,No
4079-VTGLK,Two year,DSL,No,Electronic check,No,No
1763-WQFUK,Month-to-month,DSL,Yes,Mailed check,Yes,No
1391-UBDAR,Month-to-month,Fiber optic,No,Electronic check,No,No
8894-JVDCV,One year,Fiber optic,Yes,Credit card (automatic),Yes,No
2023-VQFDL,Month-to-month,No,No internet service,Electronic check,No,No
1345-GKDZZ,Month-to-month,No,No internet service,Mailed check,No,No
2014-MKGMH,One year,Fiber optic,No,Electronic check,Yes,No
5628-FCGYG,Month-to-month,Fiber optic,No,Electronic check,Yes,No
2560-WBWXF,Two year,No,No internet service,Bank transfer (automatic),Yes,No
0248-IPDFW,Month-to-month,DSL,No,Electronic check,Yes,No
7978-DKUQH,Month-to-month,Fiber optic,No,Electronic check,Yes,No
4335-UPJSI,Two year,No,No internet service,Mailed check,No,No
0524-IAVZO,Month-to-month,Fiber optic,No,Electronic check,Yes,Yes
2737-YNGYW,Month-to-month,Fiber optic,No,Electronic check,No,Yes
1784-EZDKJ,One year,Fiber optic,No,Bank transfer (automatic),Yes,No
9297-FVVDH,Two year,DSL,Yes,Electronic check,Yes,No
8007-YYPWD,Two year,No,No internet service,Bank transfer (automatic),No,No
7101-HRBLJ,Two year,DSL,Yes,Bank transfer (automatic),Yes,No
5159-YFPKQ,Month-to-month,Fiber optic,No,Electronic check,Yes,Yes
6635-CPNUN,Month-to-month,Fiber optic,No,Credit card (automatic),No,No
4021-RQSNY,Month-to-month,Fiber optic,No,Electronic check,Yes,Yes
5453-YBTWV,Two year,Fiber optic,Yes,Credit card (automatic),Yes,No
5039-LZRQT,One year,No,No internet service,Mailed check,No,No
2931-VUVJN,One year,Fiber optic,Yes,Electronic check,Yes,No
9061-TIHDA,Month-to-month,Fiber optic,No,Electronic check,Yes,Yes
8699-ASUFO,Month-to-month,Fiber optic,No,Mailed check,Yes,Yes
6418-PIQSP,Two year,DSL,Yes,Mailed check,No,No
8220-OCUFY,One year,DSL,Yes,Electronic check,Yes,No
3995-WFCSM,Month-to-month,DSL,No,Electronic check,No,No
1895-QTKDO,Month-to-month,DSL,No,Credit card (automatic),No,No
2038-OEQZH,Month-to-month,Fiber optic,No,Electronic check,No,No
1178-PZGAB,One year,No,No internet service,Credit card (automatic),No,No
7927-AUXBZ,Month-to-month,Fiber optic,Yes,Electronic check,No,Yes
2626-VEEWG,Two year,No,No internet service,Credit card (automatic),Yes,No
2878-RMWXY,Two year,Fiber optic,No,Credit card (automatic),Yes,No
1657-DYMBM,Two year,No,No internet service,Credit card (automatic),No,No
7311-MQJCH,One year,No,No internet service,Electronic check,No,No
7375-WMVMT,Two year,Fiber optic,Yes,Credit card (automatic),Yes,No
1136-XGEQU,One year,DSL,Yes,Credit card (automatic),Yes,No
2530-FMFXO,Two year,Fiber optic,Yes,Electronic check,Yes,No
6844-DZKRF,Month-to-month,DSL,Yes,Credit card (automatic),Yes,No
4695-WJZUE,Month-to-month,Fiber optic,No,Electronic check,Yes,Yes
7619-ODSGN,Month-to-month,DSL,No,Electronic check,No,Yes
5970-GHJAW,Two year,No,No internet service,Credit card (automatic),No,No
8879-XUAHX,Two year,Fiber optic,Yes,Electronic check,Yes,No
3689-MOZGR,Month-to-month,DSL,Yes,Electronic check,Yes,No
4195-PNGZS,Two year,No,No internet service,Bank transfer (automatic),No,No
5003-XZWWO,Two year,DSL,Yes,Credit card (automatic),No,No
3988-RQIXO,Month-to-month,Fiber optic,No,Electronic check,Yes,Yes
7622-FWGEW,Two year,DSL,Yes,Bank transfer (automatic),Yes,No
6922-NCEDI,One year,No,No internet service,Mailed check,Yes,No
2514-GINMM,Month-to-month,Fiber optic,No,Electronic check,Yes,Yes
9891-NQDBD,One year,No,No internet service,Mailed check,No,No
6131-IUNXN,Month-to-month,No,No internet service,Mailed check,No,No
8548-AWOFC,Month-to-month,DSL,Yes,Electronic check,No,No
9798-DRYDS,One year,DSL,Yes,Mailed check,Yes,No
8532-UEFWH,Two year,No,No internet service,Mailed check,No,No
6296-DDOOR,One year,DSL,No,Electronic check,No,No
7951-VRDVK,One year,DSL,Yes,Bank transfer (automatic),No,No
5931-FLJJF,Month-to-month,Fiber optic,No,Mailed check,Yes,Yes
4815-YOSUK,One year,Fiber optic,Yes,Credit card (automatic),Yes,No
2659-VXMWZ,One year,Fiber optic,No,Electronic check,Yes,Yes
0380-NEAVX,One year,Fiber optic,No,Electronic check,Yes,No
3207-OYBWH,Month-to-month,Fiber optic,No,Bank transfer (automatic),Yes,Yes
4285-GYRQC,Month-to-month,Fiber optic,No,Electronic check,Yes,Yes
7216-EWTRS,Month-to-month,Fiber optic,No,Electronic check,Yes,Yes
4365-MSDYN,Month-to-month,No,No internet service,Bank transfer (automatic),Yes,No
7036-TYDEC,Two year,Fiber optic,Yes,Electronic check,No,No
5802-ADBRC,One year,Fiber optic,No,Mailed check,Yes,No
8076-FEZKJ,One year,No,No internet service,Mailed check,No,No
5197-YPYBZ,Two year,No,No internet service,Credit card (automatic),No,No
8337-MSSXB,Month-to-month,Fiber optic,No,Electronic check,Yes,Yes
4312-GVYNH,Two year,DSL,Yes,Bank transfer (automatic),Yes,No
8495-LJDFO,Month-to-month,Fiber optic,Yes,Bank transfer (automatic),Yes,No
0839-JTCUD,Two year,DSL,Yes,Credit card (automatic),No,No
5494-WOZRZ,Two year,DSL,Yes,Credit card (automatic),Yes,No
1302-UHBDD,Month-to-month,Fiber optic,No,Electronic check,No,No
2234-EOFPT,Two year,DSL,Yes,Bank transfer (automatic),Yes,No
8619-IJNDK,Two year,DSL,Yes,Credit card (automatic),No,No
8378-LKJAF,Month-to-month,Fiber optic,No,Credit card (automatic),Yes,No
8182-BJDSI,Month-to-month,Fiber optic,No,Electronic check,Yes,Yes
2528-HFYZX,Month-to-month,Fiber optic,No,Electronic check,Yes,Yes
1153-GNOLC,One year,DSL,No,Electronic check,Yes,No
3298-QEICA,Two year,DSL,Yes,Mailed check,No,No
0788-DXBFY,One year,No,No internet service,Electronic check,Yes,No
3597-YASZG,Two year,Fiber optic,Yes,Bank transfer (automatic),Yes,No
3496-LFSZU,Month-to-month,Fiber optic,No,Electronic check,No,No
5242-UOWHD,Two year,No,No internet service,Mailed check,No,No
2482-CZGBB,Month-to-month,Fiber optic,No,Electronic check,Yes,Yes
6479-SZPLM,Two year,No,No internet service,Credit card (automatic),No,No
8097-VBQTZ,Month-to-month,DSL,Yes,Mailed check,Yes,No
4500-HKANN,Two year,DSL,Yes,Mailed check,No,No
9917-KWRBE,One year,DSL,No,Credit card (automatic),Yes,No
3420-ZDBMA,Month-to-month,Fiber optic,No,Mailed check,Yes,No
2212-LYASK,One year,DSL,No,Credit card (automatic),Yes,No
1393-IMKZG,Month-to-month,Fiber optic,Yes,Electronic check,Yes,No
8069-RHUXK,Two year,DSL,Yes,Credit card (automatic),No,No
3398-GCPMU,Two year,DSL,Yes,Credit card (automatic),Yes,No
2908-WGAXL,Two year,No,No internet service,Credit card (automatic),Yes,No
3378-AJRAO,One year,No,No internet service,Electronic check,No,No
1013-QCWAM,Month-to-month,Fiber optic,No,Electronic check,Yes,No
0866-QLSIR,One year,DSL,Yes,Mailed check,Yes,Yes
6050-FFXES,Two year,Fiber optic,Yes,Bank transfer (automatic),No,No
7181-BQYBV,Month-to-month,Fiber optic,No,Electronic check,Yes,Yes
0362-RAOQO,Two year,No,No internet service,Credit card (automatic),No,No
9554-DFKIC,Month-to-month,DSL,No,Bank transfer (automatic),Yes,No
5527-ACHSO,Month-to-month,DSL,Yes,Mailed check,No,No
0829-DDVLK,One year,No,No internet service,Credit card (automatic),No,No
1399-UBQIU,Month-to-month,DSL,No,Electronic check,Yes,No
1813-JLKWR,One year,No,No internet service,Bank transfer (automatic),No,No
0336-PIKEI,Two year,DSL,Yes,Bank transfer (automatic),No,No
7322-OCWHC,Two year,Fiber optic,Yes,Bank transfer (automatic),Yes,No
9537-VHDTA,Month-to-month,DSL,No,Mailed check,No,No
4957-TIALW,One year,DSL,Yes,Credit card (automatic),No,No
2054-PJOCK,One year,DSL,Yes,Credit card (automatic),No,No
9150-HEPMB,One year,DSL,No,Mailed check,No,No
9030-QGZNL,Two year,No,No internet service,Mailed check,No,No
6204-IEUXJ,Month-to-month,Fiber optic,Yes,Credit card (automatic),No,Yes
3126-WQMGH,Month-to-month,DSL,No,Credit card (automatic),Yes,No
4529-CKBCL,Month-to-month,Fiber optic,No,Electronic check,Yes,Yes
2506-CLAKW,Month-to-month,Fiber optic,Yes,Bank transfer (automatic),Yes,Yes
7176-WRTNX,Two year,Fiber optic,Yes,Bank transfer (automatic),Yes,No
1583-IHQZE,Month-to-month,Fiber optic,Yes,Mailed check,Yes,Yes
5732-IKGQH,One year,Fiber optic,Yes,Bank transfer (automatic),Yes,No
9239-GZHZE,Two year,Fiber optic,Yes,Credit card (automatic),Yes,No
7205-BAIAD,Two year,No,No internet service,Bank transfer (automatic),Yes,No
0151-ONTOV,Month-to-month,Fiber optic,No,Mailed check,No,Yes
4140-MUHUG,Month-to-month,Fiber optic,No,Electronic check,Yes,Yes
0093-EXYQL,Month-to-month,Fiber optic,No,Electronic check,Yes,No
8064-RAVOH,Month-to-month,DSL,No,Electronic check,Yes,No
0219-QAERP,One year,No,No internet service,Credit card (automatic),No,No
0320-JDNQG,Month-to-month,Fiber optic,Yes,Electronic check,Yes,Yes
7180-PISOG,Month-to-month,Fiber optic,No,Electronic check,Yes,Yes
9168-INPSZ,Month-to-month,Fiber optic,Yes,Electronic check,No,No
3571-RFHAR,Month-to-month,Fiber optic,Yes,Electronic check,Yes,Yes
0015-UOCOJ,Month-to-month,DSL,No,Electronic check,Yes,No
5334-AFQJB,Two year,No,No internet service,Credit card (automatic),Yes,No
2754-SDJRD,Month-to-month,Fiber optic,Yes,Credit card (automatic),Yes,No
9578-VRMNM,Month-to-month,DSL,No,Credit card (automatic),Yes,Yes
1587-FKLZB,Month-to-month,Fiber optic,No,Credit card (automatic),Yes,Yes
6140-QNRQQ,Month-to-month,Fiber optic,No,Mailed check,Yes,Yes
8963-JLGJT,Month-to-month,DSL,No,Mailed check,No,No
4307-KTUMW,Month-to-month,Fiber optic,No,Electronic check,No,Yes
1465-LNTLJ,Month-to-month,DSL,Yes,Credit card (automatic),Yes,No
5440-FLBQG,Two year,Fiber optic,Yes,Bank transfer (automatic),Yes,Yes
2135-DQWAQ,Month-to-month,Fiber optic,No,Mailed check,Yes,No
4056-QHXHZ,Two year,Fiber optic,Yes,Mailed check,No,No
7470-MCQTK,Month-to-month,DSL,No,Bank transfer (automatic),Yes,Yes
7488-MXJIV,Month-to-month,Fiber optic,No,Electronic check,Yes,Yes
7401-JIXNM,Two year,DSL,Yes,Credit card (automatic),No,No
9339-FIIJL,Two year,DSL,Yes,Bank transfer (automatic),No,No
2027-FECZV,Month-to-month,Fiber optic,No,Electronic check,Yes,Yes
2672-DZUOY,Month-to-month,DSL,No,Electronic check,Yes,Yes
4706-DGAHW,Month-to-month,DSL,No,Electronic check,No,No
3870-MQAMG,One year,Fiber optic,Yes,Electronic check,No,Yes
6670-MFRPK,Two year,Fiber optic,No,Credit card (automatic),Yes,No
6177-PEVRA,Two year,DSL,No,Credit card (automatic),No,No
4800-CZMPC,One year,Fiber optic,No,Credit card (automatic),Yes,Yes
4813-HQMGZ,Month-to-month,Fiber optic,Yes,Electronic check,Yes,No
7579-KKLOE,Two year,DSL,Yes,Mailed check,Yes,No
7377-DMMRI,Month-to-month,DSL,No,Electronic check,Yes,Yes
8402-EIVQS,One year,Fiber optic,No,Credit card (automatic),Yes,No
4947-DSMXK,Month-to-month,Fiber optic,No,Bank transfer (automatic),Yes,No
7245-NIIWQ,Month-to-month,Fiber optic,No,Electronic check,Yes,No
0002-ORFBO,One year,DSL,Yes,Mailed check,Yes,No
3324-OIRTO,One year,Fiber optic,No,Bank transfer (automatic),Yes,No
5414-OFQCB,Two year,Fiber optic,Yes,Credit card (automatic),Yes,No
4967-WPNCF,Two year,DSL,Yes,Bank transfer (automatic),Yes,No
8552-OBVRU,Month-to-month,Fiber optic,Yes,Electronic check,Yes,No
8499-BRXTD,One year,No,No internet service,Mailed check,No,No
9154-QDGTH,One year,Fiber optic,Yes,Credit card (automatic),Yes,No
8197-BFWVU,Two year,DSL,Yes,Bank transfer (automatic),Yes,No
2577-GVSIL,One year,DSL,Yes,Bank transfer (automatic),Yes,No
9367-OIUXP,Month-to-month,No,No internet service,Mailed check,No,No
6770-UAYGJ,Two year,No,No internet service,Mailed check,No,No
6463-HHXJR,Two year,Fiber optic,No,Bank transfer (automatic),No,No
7928-VJYAB,Month-to-month,Fiber optic,No,Electronic check,No,No
1187-WILMM,Two year,DSL,Yes,Credit card (automatic),Yes,No
9776-OJUZI,Month-to-month,Fiber optic,No,Bank transfer (automatic),Yes,No
1306-RPWXZ,Two year,No,No internet service,Credit card (automatic),No,No
8949-JTMAY,Month-to-month,Fiber optic,No,Credit card (automatic),Yes,Yes
2774-LVQUS,Month-to-month,Fiber optic,Yes,Electronic check,Yes,Yes
3097-PYWXL,Month-to-month,No,No internet service,Electronic check,Yes,No
2266-SJNAT,One year,Fiber optic,Yes,Credit card (automatic),No,No
0869-PAPRP,Month-to-month,Fiber optic,No,Credit card (automatic),Yes,No
4238-JSSWH,Month-to-month,Fiber optic,No,Bank transfer (automatic),No,No
2972-YDYUW,One year,Fiber optic,Yes,Electronic check,No,No
1104-FEJAM,Month-to-month,DSL,No,Electronic check,No,No
2809-ILCYT,One year,No,No internet service,Mailed check,Yes,No
5499-ECUTN,One year,DSL,No,Credit card (automatic),Yes,No
4981-FLTMF,Month-to-month,DSL,Yes,Bank transfer (automatic),No,No
9121-PHQSR,Month-to-month,Fiber optic,No,Credit card (automatic),Yes,No
3113-IWHLC,Month-to-month,DSL,No,Mailed check,Yes,No
3211-ILJTT,Month-to-month,Fiber optic,No,Bank transfer (automatic),Yes,Yes
4612-THJBS,One year,Fiber optic,No,Bank transfer (automatic),Yes,Yes
4277-BWBML,Two year,No,No internet service,Bank transfer (automatic),No,No
4094-NSEDU,Month-to-month,Fiber optic,No,Electronic check,Yes,Yes
0234-TEVTT,One year,DSL,No,Credit card (automatic),No,No
4304-TSPVK,Two year,Fiber optic,Yes,Bank transfer (automatic),No,No
1552-AAGRX,Month-to-month,Fiber optic,Yes,Bank transfer (automatic),No,No
2637-FKFSY,Month-to-month,DSL,No,Mailed check,Yes,No
9796-MVYXX,Two year,DSL,Yes,Mailed check,No,No
7874-ECPQJ,Month-to-month,No,No internet service,Bank transfer (automatic),Yes,No
0020-INWCK,Two year,Fiber optic,No,Credit card (automatic),Yes,No
7089-RKVSZ,One year,No,No internet service,Mailed check,No,No
2683-JXWQQ,Month-to-month,DSL,No,Bank transfer (automatic),No,No
9548-ZMVTX,Two year,Fiber optic,Yes,Bank transfer (automatic),No,No
8739-XNIKG,Month-to-month,Fiber optic,No,Electronic check,Yes,No
9755-JHNMN,Two year,DSL,Yes,Bank transfer (automatic),No,No
3981-QSVQI,Month-to-month,No,No internet service,Bank transfer (automatic),Yes,No
2789-HQBOU,Month-to-month,Fiber optic,No,Electronic check,Yes,No
9424-CMPOG,Two year,No,No internet service,Mailed check,No,No
5067-WJEUN,Two year,DSL,No,Bank transfer (automatic),Yes,No
3450-WXOAT,Month-to-month,DSL,No,Credit card (automatic),Yes,No
9251-WNSOD,One year,DSL,No,Mailed check,No,No
6974-DAFLI,One year,No,No internet service,Electronic check,No,No
2616-UUTFK,Month-to-month,DSL,No,Bank transfer (automatic),Yes,No
7064-JHXCE,Two year,No,No internet service,Credit card (automatic),No,No
5103-MHMHY,Month-to-month,DSL,No,Mailed check,No,Yes
7989-AWGEH,Month-to-month,DSL,No,Electronic check,Yes,No
4373-VVHQL,Month-to-month,DSL,No,Electronic check,Yes,No
4559-UWIHT,Month-to-month,Fiber optic,No,Electronic check,Yes,No
7268-IGMFD,Month-to-month,Fiber optic,Yes,Bank transfer (automatic),No,No
1846-XWOQN,Month-to-month,Fiber optic,No,Electronic check,Yes,Yes
0235-KGSLC,Month-to-month,Fiber optic,No,Credit card (automatic),Yes,Yes
6650-BWFRT,Two year,Fiber optic,Yes,Credit card (automatic),Yes,No
9570-KYEUA,Two year,Fiber optic,Yes,Credit card (automatic),No,No
6993-YGFJV,Two year,Fiber optic,Yes,Bank transfer (automatic),Yes,No
2712-SYWAY,Month-to-month,No,No internet service,Electronic check,Yes,No
0730-BGQGF,Two year,DSL,Yes,Credit card (automatic),No,No
5498-IBWPI,One year,DSL,Yes,Credit card (automatic),Yes,No
9101-NTIXF,Month-to-month,No,No internet service,Mailed check,No,No
0013-SMEOE,Two year,Fiber optic,Yes,Bank transfer (automatic),Yes,No
9314-QDMDW,One year,DSL,No,Electronic check,Yes,No
9308-ANMVE,Month-to-month,DSL,No,Electronic check,Yes,No
2884-GBPFB,Month-to-month,Fiber optic,No,Electronic check,Yes,Yes
3757-NJYBX,Month-to-month,Fiber optic,No,Bank transfer (automatic),No,Yes
3413-DHLPB,Month-to-month,Fiber optic,Yes,Bank transfer (automatic),Yes,No
7649-PHJVR,One year,No,No internet service,Mailed check,No,No
6114-TCFID,One year,DSL,Yes,Credit card (automatic),No,No
3787-TRIAL,Month-to-month,DSL,No,Electronic check,Yes,No
2573-GYRUU,Month-to-month,Fiber optic,No,Credit card (automatic),Yes,No
5156-UMKOW,Month-to-month,DSL,No,Mailed check,No,No
1247-QBVSH,Month-to-month,DSL,No,Mailed check,No,No
6734-GMPVK,Month-to-month,Fiber optic,No,Electronic check,No,No
9822-OAOVB,Month-to-month,DSL,No,Electronic check,Yes,No
6161-ERDGD,One year,DSL,Yes,Electronic check,No,No
1226-JZNKR,One year,No,No internet service,Electronic check,No,No
7318-EIVKO,Month-to-month,DSL,No,Electronic check,Yes,No
3771-PZOBW,Month-to-month,Fiber optic,No,Credit card (automatic),Yes,No
5136-KCKGI,One year,Fiber optic,No,Mailed check,Yes,Yes
8231-BSWXX,One year,Fiber optic,No,Credit card (automatic),Yes,No
6486-LHTMA,One year,Fiber optic,No,Electronic check,Yes,No
4083-BFNYK,One year,Fiber optic,No,Credit card (automatic),No,No
3722-WPXTK,Month-to-month,Fiber optic,No,Electronic check,Yes,Yes
7389-KBFIT,Month-to-month,DSL,No,Mailed check,Yes,No
7176-WIONM,Month-to-month,DSL,No,Bank transfer (automatic),Yes,No
5141-ZUVBH,Month-to-month,Fiber optic,Yes,Bank transfer (automatic),No,No
1089-HDMKP,Month-to-month,DSL,Yes,Electronic check,Yes,No
7623-HKYRK,Month-to-month,No,No internet service,Mailed check,No,No
0310-SUCIN,One year,DSL,Yes,Bank transfer (automatic),Yes,No
5197-PYEPU,One year,Fiber optic,No,Credit card (automatic),Yes,No
2929-ERCFZ,Month-to-month,Fiber optic,No,Electronic check,Yes,Yes
7548-SEPYI,Month-to-month,Fiber optic,No,Electronic check,Yes,Yes
8835-VSDSE,Month-to-month,Fiber optic,No,Electronic check,Yes,Yes
6619-RPLQZ,Two year,No,No internet service,Mailed check,No,No
3275-RHRNE,One year,DSL,Yes,Credit card (automatic),Yes,No
3503-TYDAY,Month-to-month,Fiber optic,No,Electronic check,No,No
6901-GOGZG,Two year,DSL,Yes,Electronic check,Yes,No
1623-NLDOT,One year,DSL,Yes,Mailed check,No,Yes
7021-XSNYE,Two year,DSL,Yes,Credit card (automatic),No,No
9621-OUPYD,One year,No,No internet service,Bank transfer (automatic),Yes,No
9898-KZQDZ,Month-to-month,Fiber optic,No,Credit card (automatic),Yes,Yes
8982-NHAVY,One year,Fiber optic,No,Bank transfer (automatic),Yes,No
4307-KWMXE,Month-to-month,DSL,Yes,Electronic check,No,No
0141-YEAYS,Month-to-month,Fiber optic,No,Bank transfer (automatic),Yes,No
2450-ZKEED,One year,DSL,Yes,Bank transfer (automatic),No,No
3694-DELSO,Month-to-month,DSL,No,Credit card (automatic),No,No
3893-JRNFS,Month-to-month,DSL,No,Bank transfer (automatic),Yes,No
9603-OAIHC,Month-to-month,Fiber optic,No,Electronic check,Yes,No
1133-KXCGE,One year,No,No internet service,Mailed check,No,No
5236-PERKL,Two year,Fiber optic,No,Bank transfer (automatic),Yes,Yes
0142-GVYSN,Month-to-month,No,No internet service,Electronic check,Yes,No
1049-FYSYG,Month-to-month,DSL,No,Credit card (automatic),Yes,No
7854-FOKSF,Month-to-month,DSL,No,Electronic check,No,Yes
2519-FAKOD,Month-to-month,Fiber optic,No,Bank transfer (automatic),Yes,Yes
8406-LNMHF,One year,Fiber optic,No,Credit card (automatic),Yes,No
1821-BUCWY,Two year,DSL,No,Mailed check,Yes,No
8263-JQAIK,Month-to-month,DSL,No,Mailed check,Yes,Yes
0023-UYUPN,One year,No,No internet service,Electronic check,No,No
8314-DPQHL,One year,DSL,Yes,Mailed check,No,No
1465-WCZVT,Month-to-month,No,No internet service,Mailed check,No,No
9481-SFCQY,Month-to-month,DSL,No,Credit card (automatic),Yes,No
6360-SVNWV,Month-to-month,Fiber optic,No,Credit card (automatic),Yes,No
0567-GGCAC,Month-to-month,DSL,No,Electronic check,No,No
7089-IVVAZ,Month-to-month,Fiber optic,Yes,Bank transfer (automatic),Yes,Yes
8884-MRNSU,One year,No,No internet service,Bank transfer (automatic),No,No
2171-UDMFD,Month-to-month,No,No internet service,Credit card (automatic),Yes,No
9050-IKDZA,Month-to-month,Fiber optic,No,Mailed check,No,No
2205-YMZZJ,Month-to-month,Fiber optic,No,Electronic check,Yes,Yes
9802-CAQUT,Two year,Fiber optic,No,Credit card (automatic),No,No
1254-IZEYF,Month-to-month,Fiber optic,No,Electronic check,Yes,Yes
0187-WZNAB,Month-to-month,Fiber optic,No,Mailed check,No,No
9492-TOKRI,Month-to-month,Fiber optic,No,Credit card (automatic),Yes,Yes
1475-VWVDO,Month-to-month,Fiber optic,No,Electronic check,Yes,No
9221-OTIVJ,Month-to-month,Fiber optic,No,Electronic check,Yes,Yes
1357-MVDOZ,Month-to-month,DSL,No,Bank transfer (automatic),Yes,No
7602-MVRMB,Two year,Fiber optic,Yes,Bank transfer (automatic),Yes,No
3325-FUYCG,One year,Fiber optic,No,Electronic check,No,Yes
5908-QMGOE,Month-to-month,Fiber optic,No,Credit card (automatic),Yes,Yes
1197-BVMVG,Month-to-month,Fiber optic,No,Electronic check,Yes,No
5406-KGRMX,Two year,No,No internet service,Electronic check,No,No
8481-YYXWG,Month-to-month,Fiber optic,Yes,Electronic check,Yes,Yes
5968-HYJRZ,Two year,No,No internet service,Mailed check,No,No
5198-EFNBM,One year,Fiber optic,No,Electronic check,Yes,No
7516-GMHUV,Two year,Fiber optic,No,Credit card (automatic),Yes,No
7140-ADSMJ,Month-to-month,No,No internet service,Credit card (automatic),Yes,No
2230-XTUWL,Two year,No,No internet service,Mailed check,No,No
7706-YLMQA,One year,No,No internet service,Bank transfer (automatic),No,No
2585-KTFRE,Month-to-month,DSL,Yes,Bank transfer (automatic),Yes,No
7994-UYIVZ,Month-to-month,Fiber optic,No,Bank transfer (automatic),Yes,No
2609-IAICY,Month-to-month,Fiber optic,No,Electronic check,Yes,Yes
1740-CSDJP,Month-to-month,DSL,No,Bank transfer (automatic),Yes,Yes
7717-BICXI,Two year,No,No internet service,Mailed check,No,No
6559-RAKOZ,One year,Fiber optic,Yes,Electronic check,Yes,No
2636-OHFMN,Month-to-month,DSL,No,Electronic check,Yes,Yes
4716-MRVEN,One year,No,No internet service,Mailed check,No,No
2143-LJULT,Two year,No,No internet service,Credit card (automatic),Yes,No
1323-OOEPC,Month-to-month,Fiber optic,No,Credit card (automatic),Yes,Yes
3200-MNQTF,Two year,DSL,Yes,Credit card (automatic),No,No
6164-HXUGH,Month-to-month,No,No internet service,Mailed check,No,No
5630-IXDXV,Month-to-month,Fiber optic,No,Electronic check,Yes,No
0320-DWVTU,Two year,Fiber optic,Yes,Mailed check,No,No
9135-MGVPY,Two year,DSL,Yes,Mailed check,Yes,No
1212-GLHMD,Month-to-month,Fiber optic,No,Mailed check,Yes,No
7878-JGDKK,Month-to-month,DSL,No,Mailed check,No,No
1088-AUUZZ,Two year,DSL,Yes,Credit card (automatic),Yes,No
0397-GZBBC,Month-to-month,Fiber optic,No,Bank transfer (automatic),Yes,Yes
6614-YWYSC,Two year,No,No internet service,Bank transfer (automatic),No,No
9588-OZDMQ,Month-to-month,DSL,No,Electronic check,Yes,No
7641-EUYET,Month-to-month,Fiber optic,No,Electronic check,Yes,Yes
6476-EPYZR,Month-to-month,No,No internet service,Mailed check,No,No
9921-ZVRHG,Month-to-month,Fiber optic,No,Electronic check,Yes,Yes
1174-FGIFN,One year,Fiber optic,Yes,Electronic check,Yes,No
6620-HVDUJ,Month-to-month,DSL,Yes,Bank transfer (automatic),No,No
4701-MLJPN,Month-to-month,DSL,Yes,Electronic check,Yes,Yes
1032-MAELW,One year,DSL,Yes,Electronic check,Yes,No
7641-TQFHN,Two year,Fiber optic,Yes,Mailed check,No,No
1552-TKMXS,Month-to-month,No,No internet service,Credit card (automatic),No,No
9206-GVPEQ,Month-to-month,DSL,Yes,Electronic check,Yes,Yes
8622-ZLFKO,Month-to-month,Fiber optic,No,Electronic check,Yes,No
1596-BBVTG,Month-to-month,Fiber optic,No,Credit card (automatic),No,Yes
6188-UXBBR,One year,No,No internet service,Credit card (automatic),Yes,No
2333-KWEWW,Two year,No,No internet service,Credit card (automatic),No,No
5702-SKUOB,Month-to-month,No,No internet service,Mailed check,No,No
1134-YWTYF,Month-to-month,DSL,Yes,Electronic check,Yes,No
6061-GWWAV,One year,DSL,No,Mailed check,No,No
0679-TDGAK,One year,DSL,Yes,Electronic check,No,No
6585-WCEWR,Two year,No,No internet service,Electronic check,No,No
9067-YGSCA,One year,No,No internet service,Credit card (automatic),No,No
9067-SQTNS,One year,No,No internet service,Bank transfer (automatic),No,No
8433-WXGNA,Month-to-month,Fiber optic,No,Electronic check,Yes,Yes
1776-SPBWV,One year,No,No internet service,Bank transfer (automatic),Yes,No
8735-SDUFN,Two year,No,No internet service,Bank transfer (automatic),No,No
9668-PUGNU,Two year,No,No internet service,Electronic check,Yes,No
9405-GPBBG,Two year,Fiber optic,Yes,Credit card (automatic),Yes,No
1926-QUZNN,Two year,No,No internet service,Bank transfer (automatic),Yes,No
3707-GNWHM,Month-to-month,Fiber optic,No,Mailed check,Yes,Yes
7016-NVRIC,One year,Fiber optic,No,Bank transfer (automatic),No,No
5829-NVSQN,One year,DSL,Yes,Bank transfer (automatic),Yes,No
9565-AXSMR,Two year,No,No internet service,Mailed check,No,No
8922-LIEGH,Month-to-month,Fiber optic,No,Electronic check,Yes,Yes
8869-LIHMK,Two year,Fiber optic,Yes,Bank transfer (automatic),Yes,No
8245-UMPYT,Month-to-month,Fiber optic,No,Electronic check,Yes,Yes
5186-SAMNZ,Month-to-month,Fiber optic,No,Bank transfer (automatic),Yes,Yes
0447-RXSGD,Month-to-month,Fiber optic,No,Bank transfer (automatic),Yes,No
4927-WWOOZ,Month-to-month,Fiber optic,No,Electronic check,Yes,No
5788-YPOEG,Two year,DSL,Yes,Mailed check,No,No
5373-SFODM,Month-to-month,Fiber optic,No,Credit card (automatic),Yes,Yes
0661-KBKPA,One year,DSL,Yes,Mailed check,Yes,No
9081-WWXKP,Two year,No,No internet service,Credit card (automatic),No,No
0784-ZQJZX,Two year,No,No internet service,Credit card (automatic),No,No
3133-PZNSR,Two year,Fiber optic,Yes,Credit card (automatic),Yes,No
5766-ZJYBB,Month-to-month,No,No internet service,Mailed check,No,Yes
8931-GJJIQ,Month-to-month,Fiber optic,No,Electronic check,Yes,Yes
4277-PVRAN,Month-to-month,Fiber optic,No,Bank transfer (automatic),Yes,Yes
0022-TCJCI,One year,DSL,No,Credit card (automatic),No,Yes
0722-SVSFK,Month-to-month,Fiber optic,Yes,Electronic check,Yes,No
3612-YVGSJ,Two year,No,No internet service,Credit card (automatic),Yes,No
9825-YCXWZ,One year,Fiber optic,Yes,Bank transfer (automatic),Yes,No
5397-NSKQG,Two year,DSL,No,Credit card (automatic),No,No
8565-HBFNN,One year,Fiber optic,Yes,Credit card (automatic),Yes,No
2000-DHJUY,Two year,DSL,Yes,Bank transfer (automatic),Yes,No
0203-HHYIJ,One year,No,No internet service,Bank transfer (automatic),No,Yes
8670-ERCJH,Two year,Fiber optic,Yes,Bank transfer (automatic),No,No
7758-UJWYS,Two year,DSL,Yes,Electronic check,Yes,No
2050-ONYDQ,Two year,No,No internet service,Credit card (automatic),No,No
7055-JCGNI,Two year,Fiber optic,Yes,Credit card (automatic),Yes,No
0739-UUAJR,Two year,DSL,No,Credit card (automatic),Yes,No
4826-DXMUP,One year,DSL,Yes,Mailed check,Yes,No
0952-KMEEH,Month-to-month,Fiber optic,No,Mailed check,No,Yes
7285-KLOTR,One year,DSL,No,Electronic check,No,No
0654-PQKDW,One year,DSL,Yes,Bank transfer (automatic),Yes,No
7175-NTIXE,Month-to-month,DSL,Yes,Credit card (automatic),Yes,No
7963-SHNDT,Two year,DSL,Yes,Mailed check,No,No
9796-BPKIW,Month-to-month,Fiber optic,No,Credit card (automatic),Yes,No
0188-GWFLE,Month-to-month,No,No internet service,Mailed check,No,No
8129-GMVGI,Two year,No,No internet service,Mailed check,No,No
2882-DDZPG,Month-to-month,No,No internet service,Bank transfer (automatic),No,No
3547-LQRIK,One year,No,No internet service,Electronic check,No,No
9137-NOQKA,Month-to-month,No,No internet service,Electronic check,No,No
5843-TTHGI,Month-to-month,DSL,No,Mailed check,Yes,No
1849-RJYIG,Month-to-month,DSL,No,Electronic check,Yes,No
8868-GAGIO,Month-to-month,Fiber optic,No,Mailed check,Yes,No
4061-UKJWL,Month-to-month,DSL,No,Mailed check,No,No
5380-XPJNZ,One year,No,No internet service,Mailed check,No,No
8263-QMNTJ,Two year,Fiber optic,Yes,Electronic check,Yes,No
8178-EYZUO,Month-to-month,Fiber optic,No,Electronic check,Yes,Yes
3230-JCNZS,Two year,Fiber optic,No,Credit card (automatic),Yes,No
0277-ORXQS,Two year,DSL,Yes,Bank transfer (automatic),No,No
5130-IEKQT,Month-to-month,Fiber optic,No,Mailed check,No,Yes
3230-WYKIR,One year,DSL,Yes,Credit card (automatic),Yes,Yes
7996-BPXHY,Two year,No,No internet service,Bank transfer (automatic),Yes,No
3227-WLKLI,Two year,DSL,Yes,Bank transfer (automatic),No,No
0407-BDJKB,Month-to-month,Fiber optic,No,Electronic check,Yes,Yes
2266-FUBDZ,Two year,No,No internet service,Mailed check,No,No
8237-ULIXL,Two year,No,No internet service,Credit card (automatic),No,No
9600-UDOPK,Month-to-month,Fiber optic,No,Credit card (automatic),Yes,Yes
8216-AZUUZ,Two year,Fiber optic,Yes,Electronic check,Yes,No
9153-BTBVV,Two year,No,No internet service,Bank transfer (automatic),No,No
4074-SJFFA,Month-to-month,DSL,No,Mailed check,Yes,Yes
3269-ATYWD,Month-to-month,Fiber optic,No,Bank transfer (automatic),Yes,Yes
5186-PEIZU,Month-to-month,No,No internet service,Bank transfer (automatic),No,No
1074-AMIOH,Month-to-month,Fiber optic,Yes,Bank transfer (automatic),Yes,No
4910-GMJOT,Month-to-month,Fiber optic,No,Electronic check,Yes,Yes
0354-WYROK,Month-to-month,Fiber optic,Yes,Electronic check,Yes,Yes
4361-FEBGN,Two year,No,No internet service,Credit card (automatic),No,No
7748-UMTRK,Month-to-month,Fiber optic,Yes,Electronic check,Yes,No
0380-ZCSBI,Month-to-month,No,No internet service,Credit card (automatic),No,No
7145-FEJWU,Month-to-month,Fiber optic,No,Electronic check,Yes,No
6463-MVYRY,Two year,DSL,Yes,Bank transfer (automatic),No,No
3969-JQABI,Month-to-month,DSL,No,Credit card (automatic),Yes,No
9624-EGDEQ,Two year,No,No internet service,Mailed check,No,No
1051-EQPZR,Month-to-month,No,No internet service,Mailed check,No,No
5849-ASHZJ,One year,No,No internet service,Credit card (automatic),No,No
5780-INQIK,Month-to-month,DSL,Yes,Electronic check,No,No
7576-OYWBN,Month-to-month,Fiber optic,No,Electronic check,Yes,Yes
4526-ZJJTM,Month-to-month,Fiber optic,No,Bank transfer (automatic),No,No
8384-FZBJK,Month-to-month,Fiber optic,No,Electronic check,Yes,No
3750-RNQKR,Month-to-month,No,No internet service,Mailed check,No,No
0962-CQPWQ,Two year,No,No internet service,Bank transfer (automatic),No,No
3096-YXENJ,Two year,Fiber optic,Yes,Bank transfer (automatic),Yes,No
1265-BCFEO,Two year,DSL,Yes,Bank transfer (automatic),Yes,No
5837-LXSDN,One year,DSL,No,Credit card (automatic),Yes,No
5945-AZYHT,One year,Fiber optic,No,Electronic check,Yes,No
8325-QRPZR,Month-to-month,Fiber optic,No,Electronic check,Yes,No
6384-VMJHP,Two year,DSL,Yes,Credit card (automatic),Yes,No
2262-SLNVK,Month-to-month,Fiber optic,No,Electronic check,No,No
7730-CLDSV,Two year,Fiber optic,Yes,Bank transfer (automatic),Yes,No
1135-HIORI,One year,Fiber optic,Yes,Electronic check,Yes,No
0164-APGRB,Two year,Fiber optic,Yes,Electronic check,Yes,No
6481-ESCNL,Month-to-month,Fiber optic,No,Bank transfer (automatic),No,No
1790-NESIO,Two year,No,No internet service,Mailed check,Yes,No
1550-EENBN,Month-to-month,Fiber optic,No,Electronic check,No,No
5539-TMZLF,Month-to-month,Fiber optic,No,Electronic check,Yes,Yes
4323-SADQS,Month-to-month,DSL,Yes,Electronic check,Yes,Yes
4446-BZKHU,Month-to-month,Fiber optic,No,Electronic check,Yes,Yes
5202-IVJNU,Month-to-month,DSL,No,Credit card (automatic),No,Yes
5976-JCJRH,Month-to-month,Fiber optic,No,Electronic check,Yes,Yes
8198-RKSZG,Month-to-month,DSL,Yes,Credit card (automatic),No,No
0137-OCGAB,Month-to-month,Fiber optic,No,Mailed check,Yes,Yes
3351-NQLDI,One year,Fiber optic,Yes,Credit card (automatic),Yes,Yes
9297-EONCV,Two year,DSL,Yes,Bank transfer (automatic),Yes,No
7593-JNWRU,Month-to-month,DSL,No,Bank transfer (automatic),Yes,Yes
4588-YBNIB,Month-to-month,No,No internet service,Mailed check,Yes,Yes
1069-QJOEE,One year,No,No internet service,Electronic check,No,No
3336-JORSO,Month-to-month,Fiber optic,Yes,Electronic check,Yes,Yes
7799-DSEWS,Month-to-month,DSL,Yes,Electronic check,Yes,No
8766-PAFNE,Two year,DSL,Yes,Credit card (automatic),Yes,No
5315-CKEQK,One year,DSL,No,Electronic check,Yes,No
3130-ICDUP,Month-to-month,Fiber optic,No,Credit card (automatic),No,No
0820-FNRNX,Month-to-month,DSL,Yes,Mailed check,Yes,No
0880-FVFWF,Month-to-month,Fiber optic,No,Electronic check,Yes,No
4611-ANLQC,One year,DSL,No,Electronic check,No,No
4213-HKBJO,Two year,No,No internet service,Credit card (automatic),No,No
2792-LSHWX,Month-to-month,Fiber optic,Yes,Mailed check,Yes,No
5028-GZLDO,Month-to-month,Fiber optic,No,Credit card (automatic),No,Yes
0014-BMAQU,Two year,Fiber optic,Yes,Credit card (automatic),Yes,No
6861-XWTWQ,Month-to-month,Fiber optic,No,Electronic check,Yes,Yes
9018-PCIOK,Two year,DSL,No,Mailed check,Yes,No
4837-QUSFT,One year,Fiber optic,Yes,Bank transfer (automatic),Yes,No
6877-TJMBR,Month-to-month,Fiber optic,Yes,Electronic check,Yes,Yes
9953-ZMKSM,Two year,No,No internet service,Mailed check,No,No
0907-HQNTS,Two year,Fiber optic,Yes,Credit card (automatic),Yes,No
7665-NKLAV,Two year,DSL,Yes,Credit card (automatic),No,No
6769-DCQLI,One year,Fiber optic,Yes,Bank transfer (automatic),Yes,Yes
2433-KMEAS,Month-to-month,DSL,No,Electronic check,Yes,Yes
4391-LNRXK,Month-to-month,Fiber optic,Yes,Bank transfer (automatic),Yes,No
8250-ZNGGW,Month-to-month,DSL,Yes,Credit card (automatic),No,No
2195-ZRVAX,Month-to-month,Fiber optic,No,Electronic check,Yes,Yes
3550-SAHFP,Month-to-month,Fiber optic,No,Electronic check,Yes,Yes
2011-TRQYE,Month-to-month,DSL,No,Credit card (automatic),Yes,Yes
8562-GHPPI,Month-to-month,No,No internet service,Credit card (automatic),No,No
5893-PYOLZ,Two year,DSL,Yes,Credit card (automatic),Yes,No
4986-MXSFP,Month-to-month,No,No internet service,Mailed check,Yes,No
6131-FOYAS,Month-to-month,DSL,No,Electronic check,Yes,No
3027-YNWZU,Two year,No,No internet service,Credit card (automatic),No,No
5609-IMCGG,Month-to-month,Fiber optic,No,Credit card (automatic),Yes,No
4873-ILOLJ,Month-to-month,Fiber optic,No,Electronic check,Yes,Yes
4727-MCYZG,Month-to-month,DSL,No,Mailed check,No,No
9481-WHGWY,Two year,DSL,Yes,Credit card (automatic),No,No
2725-KXXWT,Month-to-month,Fiber optic,No,Electronic check,Yes,Yes
9565-DJPIB,Month-to-month,Fiber optic,No,Mailed check,No,Yes
4328-VUFWD,One year,DSL,Yes,Electronic check,No,No
3301-LSLWQ,Month-to-month,DSL,No,Electronic check,Yes,No
7473-ZBDSN,Two year,No,No internet service,Mailed check,No,No
3166-PNEOF,Two year,DSL,Yes,Credit card (automatic),No,No
5639-NTUPK,Month-to-month,DSL,No,Credit card (automatic),Yes,No
8780-YRMTT,Two year,DSL,Yes,Mailed check,Yes,No
8348-HFYIV,Month-to-month,DSL,No,Electronic check,Yes,Yes
5140-FOMCQ,One year,Fiber optic,No,Credit card (automatic),Yes,No
6242-SGYTS,One year,Fiber optic,No,Credit card (automatic),Yes,No
8166-ORCHU,One year,Fiber optic,Yes,Electronic check,Yes,No
8414-OOEEL,Two year,DSL,Yes,Credit card (automatic),Yes,No
8454-AATJP,Two year,Fiber optic,Yes,Credit card (automatic),No,No
6849-WLEYG,Month-to-month,No,No internet service,Mailed check,No,Yes
4659-NZRUF,Month-to-month,Fiber optic,No,Electronic check,Yes,Yes
4531-AUZNK,One year,Fiber optic,Yes,Mailed check,Yes,No
4191-XOVOM,Month-to-month,Fiber optic,Yes,Electronic check,No,No
2150-OEGBV,One year,No,No internet service,Bank transfer (automatic),No,No
8429-XIBUM,Month-to-month,Fiber optic,No,Bank transfer (automatic),Yes,Yes
1855-CFULU,Month-to-month,No,No internet service,Mailed check,No,No
4878-BUNFV,Two year,No,No internet service,Mailed check,No,No
1872-EBWSC,One year,No,No internet service,Mailed check,No,No
2608-BHKFN,Month-to-month,Fiber optic,No,Credit card (automatic),Yes,Yes
7026-YMSBE,One year,No,No internet service,Mailed check,No,No
7341-LXCAF,Month-to-month,Fiber optic,No,Electronic check,Yes,Yes
6997-UVGOX,Two year,DSL,Yes,Bank transfer (automatic),No,No
9674-EHPPG,Two year,DSL,Yes,Credit card (automatic),No,No
9462-MJUAW,Month-to-month,DSL,No,Mailed check,No,Yes
8128-YVJRG,Month-to-month,Fiber optic,No,Mailed check,Yes,Yes
5440-VHLUL,One year,Fiber optic,Yes,Bank transfer (automatic),Yes,No
5781-BKHOP,Two year,Fiber optic,No,Bank transfer (automatic),No,No
4283-FUTGF,Month-to-month,Fiber optic,No,Electronic check,Yes,Yes
5213-TWWJU,Month-to-month,Fiber optic,Yes,Electronic check,No,No
1569-TTNYJ,Month-to-month,Fiber optic,No,Electronic check,Yes,Yes
8628-MFKAX,Two year,Fiber optic,Yes,Credit card (automatic),Yes,No
2397-BRLOM,Month-to-month,Fiber optic,No,Credit card (automatic),Yes,Yes
7629-WIXZF,One year,DSL,No,Electronic check,Yes,No
5445-GLVOT,Month-to-month,DSL,No,Electronic check,Yes,No
3976-HXHCE,Two year,No,No internet service,Bank transfer (automatic),No,No
2466-NEJOJ,Month-to-month,No,No internet service,Credit card (automatic),No,No
0254-KCJGT,One year,DSL,Yes,Credit card (automatic),Yes,No
5472-CVMDX,Two year,DSL,Yes,Mailed check,No,No
6461-SZMCV,Two year,DSL,Yes,Bank transfer (automatic),No,No
8150-QUDFX,Month-to-month,No,No internet service,Mailed check,No,No
9508-ILZDG,Month-to-month,Fiber optic,Yes,Electronic check,Yes,No
2346-DJQTB,Month-to-month,DSL,No,Electronic check,No,No
1697-LYYYX,One year,No,No internet service,Credit card (automatic),No,No
1942-OQFRW,Month-to-month,DSL,No,Electronic check,No,No
4749-VFKVB,Month-to-month,DSL,No,Mailed check,Yes,Yes
9640-ZSLDC,One year,DSL,No,Credit card (automatic),No,No
4231-LZUYM,Two year,No,No internet service,Bank transfer (automatic),No,No
7598-UAASY,Month-to-month,Fiber optic,No,Electronic check,No,Yes
7938-OUHIO,Month-to-month,Fiber optic,Yes,Electronic check,Yes,Yes
8510-AWCXC,Month-to-month,Fiber optic,No,Electronic check,Yes,Yes
6128-AQBMT,Month-to-month,DSL,No,Electronic check,Yes,No
3594-BDSOA,One year,No,No internet service,Credit card (automatic),No,No
0431-APWVY,One year,Fiber optic,No,Bank transfer (automatic),Yes,Yes
5133-VRSAB,Month-to-month,DSL,No,Mailed check,No,No
5996-DAOQL,Month-to-month,No,No internet service,Mailed check,Yes,No
6838-YAUVY,Two year,Fiber optic,Yes,Bank transfer (automatic),Yes,No
0484-JPBRU,Month-to-month,No,No internet service,Bank transfer (automatic),Yes,No
7883-ROJOC,Month-to-month,DSL,No,Mailed check,No,No
0244-LGNFY,Two year,DSL,Yes,Bank transfer (automatic),No,No
7274-CGTOD,Two year,DSL,Yes,Bank transfer (automatic),Yes,No
4295-YURET,Two year,DSL,Yes,Credit card (automatic),Yes,No
3426-NIYYL,Month-to-month,DSL,No,Electronic check,No,Yes
8225-BTJAU,Month-to-month,Fiber optic,No,Electronic check,Yes,Yes
4635-EJYPD,Two year,No,No internet service,Mailed check,No,No
1866-ZSLJM,Month-to-month,No,No internet service,Credit card (automatic),No,No
4636-TVXVG,One year,No,No internet service,Bank transfer (automatic),No,No
4236-UJPWO,Month-to-month,DSL,No,Electronic check,No,No
9392-XBGTD,Two year,No,No internet service,Mailed check,No,No
3387-VATUS,Month-to-month,Fiber optic,No,Bank transfer (automatic),Yes,Yes
6402-SSEJG,One year,DSL,No,Electronic check,No,No
1143-NMNQJ,Month-to-month,Fiber optic,No,Electronic check,Yes,Yes
1169-SAOCL,One year,Fiber optic,Yes,Bank transfer (automatic),Yes,No
1110-KYLGQ,Month-to-month,Fiber optic,No,Credit card (automatic),No,No
9929-PLVPA,Month-to-month,No,No internet service,Credit card (automatic),No,No
3518-PZXZQ,Month-to-month,DSL,No,Mailed check,Yes,No
2371-JUNGC,Month-to-month,No,No internet service,Mailed check,No,No
7693-QPEFS,Month-to-month,Fiber optic,No,Bank transfer (automatic),Yes,No
0924-BJCRC,Month-to-month,Fiber optic,No,Electronic check,No,No
5074-FBGHB,One year,Fiber optic,Yes,Credit card (automatic),Yes,No
2351-BKRZW,Two year,DSL,No,Bank transfer (automatic),No,No
4455-BFSPD,One year,Fiber optic,Yes,Bank transfer (automatic),No,No
0415-MOSGF,Month-to-month,DSL,No,Mailed check,No,Yes
1724-BQUHA,Month-to-month,Fiber optic,No,Electronic check,Yes,Yes
3948-KXDUF,Two year,DSL,Yes,Bank transfer (automatic),No,No
2323-ARSVR,Two year,Fiber optic,Yes,Electronic check,Yes,No
0815-MFZGM,Two year,Fiber optic,Yes,Credit card (automatic),Yes,No
4826-XTSOH,Month-to-month,Fiber optic,No,Electronic check,Yes,Yes
5480-XTFFL,Two year,No,No internet service,Mailed check,No,No
8295-FHIVV,Month-to-month,No,No internet service,Mailed check,Yes,No
2495-INZWQ,Month-to-month,DSL,No,Electronic check,Yes,Yes
9086-YJYXS,One year,DSL,No,Bank transfer (automatic),No,No
1179-INLAT,One year,No,No internet service,Mailed check,Yes,No
7909-FIOIY,Month-to-month,DSL,No,Mailed check,Yes,No
4139-SUGLD,Month-to-month,DSL,Yes,Bank transfer (automatic),No,Yes
6857-VWJDT,Month-to-month,Fiber optic,No,Mailed check,No,Yes
6351-SCJKT,Month-to-month,DSL,Yes,Mailed check,No,No
5468-BPMMO,Month-to-month,No,No internet service,Electronic check,No,No
5624-BQSSA,Month-to-month,No,No internet service,Mailed check,No,Yes
0197-PNKNK,One year,Fiber optic,No,Bank transfer (automatic),No,No
2439-QKJUL,Month-to-month,No,No internet service,Mailed check,No,No
1194-SPVSP,Month-to-month,No,No internet service,Bank transfer (automatic),No,No
9534-NSXEM,One year,No,No internet service,Credit card (automatic),Yes,No
2408-WITXK,Month-to-month,DSL,No,Electronic check,Yes,Yes
8929-KSWIH,Two year,Fiber optic,Yes,Bank transfer (automatic),No,No
2250-IVBWA,Month-to-month,Fiber optic,No,Electronic check,No,No
1810-MVMAI,Month-to-month,DSL,Yes,Electronic check,No,No
9506-UXUSK,Month-to-month,Fiber optic,No,Electronic check,Yes,No
1229-RCALF,One year,Fiber optic,Yes,Electronic check,Yes,No
3572-UOLYZ,Month-to-month,Fiber optic,Yes,Bank transfer (automatic),Yes,No
1429-UYJSV,One year,No,No internet service,Mailed check,No,No
5577-OTWWW,Month-to-month,No,No internet service,Bank transfer (automatic),No,Yes
6100-QQHEB,Month-to-month,Fiber optic,No,Electronic check,Yes,Yes
6366-XIVKZ,Month-to-month,DSL,No,Mailed check,Yes,No
3470-OBUET,Two year,DSL,Yes,Credit card (automatic),No,No
2770-NSVDG,Month-to-month,DSL,No,Electronic check,No,No
9375-MHRRS,Month-to-month,DSL,Yes,Mailed check,No,No
2634-HCZGT,One year,DSL,Yes,Electronic check,Yes,Yes
7503-QQRVF,Month-to-month,Fiber optic,No,Credit card (automatic),Yes,Yes
4860-YZGZM,Month-to-month,No,No internet service,Electronic check,No,No
6599-GZWCM,One year,Fiber optic,No,Mailed check,Yes,No
2691-NZETQ,Month-to-month,Fiber optic,No,Electronic check,Yes,Yes
4404-HIBDJ,One year,DSL,Yes,Mailed check,No,Yes
5533-NHFRF,Month-to-month,DSL,Yes,Electronic check,Yes,No
7037-MTYVW,Two year,DSL,Yes,Bank transfer (automatic),Yes,No
4760-THGOT,Month-to-month,Fiber optic,No,Electronic check,Yes,No
7295-JOMMD,Month-to-month,Fiber optic,Yes,Bank transfer (automatic),Yes,Yes
4016-BJKTZ,Two year,Fiber optic,Yes,Electronic check,No,No
6584-VQMYT,One year,DSL,No,Mailed check,No,No
9838-BFCQT,Two year,No,No internet service,Mailed check,No,No
2790-XUYMV,One year,Fiber optic,No,Credit card (automatic),Yes,No
0581-MDMPW,Month-to-month,Fiber optic,No,Credit card (automatic),Yes,No
5013-SBUIH,Two year,Fiber optic,Yes,Electronic check,Yes,Yes
1023-BQXZE,Two year,DSL,No,Bank transfer (automatic),Yes,No
9163-GHAYE,Month-to-month,DSL,No,Electronic check,No,No
3904-UKFRE,Month-to-month,Fiber optic,No,Electronic check,Yes,No
5353-WILCI,Month-to-month,DSL,No,Electronic check,No,No
0709-TVGUR,Month-to-month,Fiber optic,No,Electronic check,Yes,Yes
0058-EVZWM,Month-to-month,Fiber optic,No,Bank transfer (automatic),Yes,No
6023-YEBUP,Month-to-month,Fiber optic,No,Electronic check,Yes,Yes
7209-JCUDS,Month-to-month,Fiber optic,No,Electronic check,Yes,Yes
7009-PCARS,One year,No,No internet service,Bank transfer (automatic),No,No
0519-DRGTI,Month-to-month,No,No internet service,Mailed check,No,No
1017-FBQMM,One year,Fiber optic,Yes,Credit card (automatic),Yes,No
3001-CBHLQ,Month-to-month,Fiber optic,Yes,Electronic check,Yes,Yes
1985-MBRYP,Two year,No,No internet service,Bank transfer (automatic),Yes,No
6158-DWPZT,One year,DSL,No,Bank transfer (automatic),No,Yes
9372-TXXPS,Two year,DSL,Yes,Bank transfer (automatic),No,No
3259-QMXUN,Two year,DSL,No,Electronic check,Yes,No
1015-JPFYW,One year,No,No internet service,Mailed check,No,No
6645-MXQJT,Month-to-month,Fiber optic,No,Electronic check,No,No
4360-QRAVE,Month-to-month,DSL,No,Electronic check,No,No
8433-WPJTV,One year,Fiber optic,Yes,Bank transfer (automatic),Yes,No
5804-JMYIO,Two year,No,No internet service,Mailed check,No,No
3763-GCZHZ,One year,Fiber optic,Yes,Electronic check,Yes,Yes
6484-LATFU,Two year,No,No internet service,Mailed check,No,No
7599-NTMDP,Two year,DSL,Yes,Bank transfer (automatic),No,No
0772-GYEQQ,Month-to-month,Fiber optic,Yes,Mailed check,Yes,Yes
0536-ACXIP,Two year,Fiber optic,No,Electronic check,Yes,No
0936-NQLJU,Two year,No,No internet service,Credit card (automatic),No,No
4831-EOBFE,Month-to-month,Fiber optic,No,Credit card (automatic),No,Yes
1575-KRZZE,Month-to-month,DSL,No,Electronic check,No,No
3251-YMVWZ,One year,No,No internet service,Bank transfer (automatic),No,No
4102-OQUPX,Month-to-month,Fiber optic,No,Electronic check,Yes,Yes
9170-GYZJC,Month-to-month,DSL,Yes,Credit card (automatic),No,Yes
4884-LEVMQ,Two year,No,No internet service,Bank transfer (automatic),Yes,No
8857-CUPFQ,Two year,No,No internet service,Mailed check,No,No
7610-TVOPG,Month-to-month,No,No internet service,Electronic check,Yes,No
3638-DIMPH,One year,DSL,No,Electronic check,No,No
1845-ZLLIG,Month-to-month,DSL,No,Mailed check,Yes,No
8559-WNQZS,Two year,No,No internet service,Mailed check,No,No
3999-QGRJH,Month-to-month,Fiber optic,No,Electronic check,Yes,Yes
1699-UOTXU,Two year,DSL,No,Electronic check,No,No
2454-RPBRZ,Month-to-month,Fiber optic,No,Electronic check,Yes,Yes
0635-WKOLD,One year,DSL,Yes,Credit card (automatic),No,No
5993-JSUWV,Two year,DSL,No,Bank transfer (automatic),Yes,No
4518-FZBSX,One year,No,No internet service,Mailed check,No,No
5387-ASZNZ,One year,DSL,Yes,Credit card (automatic),Yes,No
6988-CJEYV,Month-to-month,Fiber optic,No,Electronic check,No,No
2002-MZHWP,Month-to-month,No,No internet service,Mailed check,No,Yes
3097-FQTVJ,Two year,No,No internet service,Mailed check,No,No
5465-BUBFA,Two year,No,No internet service,Bank transfer (automatic),No,No
7299-GNVPL,Month-to-month,Fiber optic,Yes,Mailed check,No,No
9743-DQKQW,Month-to-month,DSL,No,Electronic check,No,No
1215-VFYVK,Month-to-month,DSL,Yes,Mailed check,No,No
9371-BITHB,Two year,No,No internet service,Mailed check,No,No
2265-CYWIV,Month-to-month,Fiber optic,No,Electronic check,Yes,Yes
9093-FPDLG,Month-to-month,Fiber optic,Yes,Electronic check,Yes,No
0541-FITGH,Month-to-month,DSL,No,Mailed check,Yes,No
6985-HAYWX,Month-to-month,Fiber optic,No,Bank transfer (automatic),No,No
7508-KBIMB,One year,DSL,No,Credit card (automatic),Yes,No
6838-HVLXG,Month-to-month,No,No internet service,Mailed check,No,No
2277-DJJDL,Month-to-month,Fiber optic,Yes,Electronic check,Yes,No
1897-OKVMW,Two year,DSL,Yes,Mailed check,Yes,No
5485-ITNPC,Two year,DSL,Yes,Bank transfer (automatic),Yes,No
0233-FTHAV,One year,Fiber optic,No,Bank transfer (automatic),Yes,No
4644-PIZRT,One year,DSL,No,Bank transfer (automatic),Yes,No
8922-NPKBJ,Two year,No,No internet service,Mailed check,No,No
2740-TVLFN,Month-to-month,DSL,No,Electronic check,Yes,No
7771-CFQRQ,Two year,DSL,Yes,Bank transfer (automatic),No,No
9512-PHSMG,Month-to-month,No,No internet service,Mailed check,Yes,No
6963-EZQEE,Two year,DSL,Yes,Credit card (automatic),Yes,No
2452-KDRRH,Month-to-month,Fiber optic,No,Credit card (automatic),Yes,No
2004-OCQXK,Month-to-month,Fiber optic,No,Electronic check,Yes,Yes
5027-QPKTE,Month-to-month,Fiber optic,No,Electronic check,Yes,Yes
4146-SVFUD,Month-to-month,DSL,No,Mailed check,No,No
1564-HJUVY,Month-to-month,DSL,Yes,Bank transfer (automatic),Yes,No
3617-XLSGQ,Two year,Fiber optic,No,Bank transfer (automatic),No,No
7517-LDMPS,Month-to-month,Fiber optic,No,Electronic check,Yes,No
7244-KXYZN,One year,No,No internet service,Credit card (automatic),No,No
5226-NOZFC,Month-to-month,Fiber optic,No,Electronic check,Yes,No
2672-HUYVI,Month-to-month,Fiber optic,No,Electronic check,Yes,Yes
1400-WIVLL,Two year,Fiber optic,Yes,Electronic check,No,No
7508-MYBOG,Month-to-month,Fiber optic,No,Electronic check,Yes,Yes
8148-NLEGT,Two year,No,No internet service,Electronic check,No,No
0148-DCDOS,Month-to-month,Fiber optic,No,Bank transfer (automatic),Yes,Yes
8347-GDTMP,Two year,No,No internet service,Credit card (automatic),No,No
9992-RRAMN,Month-to-month,Fiber optic,No,Electronic check,Yes,Yes
6746-WAUWT,One year,No,No internet service,Credit card (automatic),Yes,No
0310-MVLET,Month-to-month,Fiber optic,No,Electronic check,Yes,Yes
0428-IKYCP,Month-to-month,Fiber optic,No,Bank transfer (automatic),Yes,No
4550-VBOFE,Month-to-month,Fiber optic,No,Electronic check,Yes,Yes
2187-PKZAY,Month-to-month,Fiber optic,No,Bank transfer (automatic),Yes,No
4003-OCTMP,One year,DSL,Yes,Electronic check,Yes,No
6652-YFFJO,Month-to-month,DSL,No,Electronic check,Yes,No
7225-IILWY,Two year,No,No internet service,Mailed check,No,No
5248-RPYWW,Two year,DSL,Yes,Bank transfer (automatic),Yes,No
7923-IYJWY,Two year,Fiber optic,Yes,Credit card (automatic),Yes,No
3170-GWYKC,Month-to-month,Fiber optic,Yes,Bank transfer (automatic),Yes,No
5696-QURRL,Month-to-month,DSL,No,Mailed check,Yes,Yes
7409-KIUTL,Month-to-month,Fiber optic,No,Electronic check,Yes,Yes
9830-ECLEN,One year,DSL,No,Mailed check,No,No
1732-VHUBQ,Month-to-month,Fiber optic,No,Bank transfer (automatic),No,Yes
0495-RVCBF,Month-to-month,Fiber optic,No,Electronic check,Yes,Yes
2668-TZSPS,Month-to-month,No,No internet service,Mailed check,No,No
7854-EDSSA,Month-to-month,DSL,No,Electronic check,No,Yes
8869-TORSS,One year,DSL,Yes,Credit card (automatic),Yes,Yes
7446-SFAOA,One year,No,No internet service,Bank transfer (automatic),Yes,No
9522-ZSINC,One year,No,No internet service,Electronic check,Yes,No
8234-GSZYK,Two year,No,No internet service,Bank transfer (automatic),No,No
6505-OZNPG,Two year,DSL,Yes,Mailed check,Yes,No
6164-HAQTX,Two year,DSL,Yes,Bank transfer (automatic),No,No
0679-IDSTG,Month-to-month,Fiber optic,No,Electronic check,Yes,Yes
7765-LWVVH,Two year,Fiber optic,No,Electronic check,Yes,No
1658-TJVOA,Month-to-month,Fiber optic,No,Electronic check,Yes,No
0953-LGOVU,Month-to-month,DSL,Yes,Mailed check,No,No
2115-BFTIW,Month-to-month,Fiber optic,No,Mailed check,No,Yes
4692-NNQRU,One year,Fiber optic,Yes,Electronic check,No,No
7742-MYPGI,Month-to-month,DSL,Yes,Mailed check,Yes,No
0611-DFXKO,Month-to-month,Fiber optic,No,Mailed check,Yes,Yes
7780-OTDSO,Month-to-month,Fiber optic,No,Electronic check,Yes,Yes
9619-GSATL,One year,DSL,Yes,Electronic check,No,No
5622-UEJFI,Two year,No,No internet service,Credit card (automatic),Yes,No
9747-DDZOS,Month-to-month,Fiber optic,No,Bank transfer (automatic),No,Yes
0674-DGMAQ,Month-to-month,Fiber optic,No,Electronic check,Yes,No
6203-HBZPA,Two year,DSL,Yes,Credit card (automatic),No,No
0484-FFVBJ,One year,DSL,No,Bank transfer (automatic),Yes,No
0301-FIDRB,Two year,DSL,Yes,Bank transfer (automatic),Yes,No
4139-JPIAM,Month-to-month,DSL,Yes,Credit card (automatic),Yes,No
2181-TIDSV,Two year,No,No internet service,Bank transfer (automatic),Yes,No
2761-XECQW,Month-to-month,DSL,No,Mailed check,Yes,No
1936-CZAKF,Two year,DSL,No,Credit card (automatic),No,No
9453-PATOS,Two year,DSL,Yes,Mailed check,No,No
0564-JJHGS,Month-to-month,Fiber optic,No,Electronic check,Yes,Yes
3348-CFRNX,Month-to-month,Fiber optic,No,Mailed check,Yes,Yes
4402-FTBXC,Month-to-month,Fiber optic,No,Mailed check,No,No
1428-GTBJJ,Month-to-month,Fiber optic,No,Electronic check,Yes,Yes
2931-XIQBR,One year,Fiber optic,Yes,Mailed check,No,No
0106-UGRDO,Two year,Fiber optic,Yes,Electronic check,Yes,No
5542-TBBWB,Month-to-month,Fiber optic,No,Electronic check,Yes,No
1930-QPBVZ,Two year,Fiber optic,Yes,Bank transfer (automatic),No,No
2606-PKWJB,One year,DSL,Yes,Mailed check,No,No
5322-ZSMZY,Two year,No,No internet service,Mailed check,No,No
8059-UDZFY,Month-to-month,Fiber optic,No,Bank transfer (automatic),Yes,No
7740-BTPUX,Two year,Fiber optic,Yes,Electronic check,Yes,No
5220-AGAAX,Two year,No,No internet service,Bank transfer (automatic),Yes,No
0208-BPQEJ,Month-to-month,No,No internet service,Bank transfer (automatic),No,No
9435-JMLSX,Two year,DSL,Yes,Bank transfer (automatic),Yes,No
3352-ALMCK,Month-to-month,Fiber optic,No,Mailed check,Yes,No
5312-IRCFR,One year,Fiber optic,No,Electronic check,Yes,No
5294-IMHHT,One year,Fiber optic,Yes,Bank transfer (automatic),No,No
8802-UNOJF,Month-to-month,Fiber optic,Yes,Mailed check,Yes,Yes
6313-GIDIT,Month-to-month,DSL,No,Electronic check,Yes,Yes
6176-YJWAS,Two year,Fiber optic,No,Credit card (automatic),Yes,No
5310-NOOVA,Two year,No,No internet service,Electronic check,No,No
4526-EXKKN,Two year,No,No internet service,Mailed check,Yes,No
5311-IHLEI,Month-to-month,DSL,Yes,Bank transfer (automatic),Yes,No
3987-KQDDU,Month-to-month,Fiber optic,No,Electronic check,No,No
3404-JNXAX,Month-to-month,Fiber optic,Yes,Electronic check,Yes,No
5131-PONJI,Month-to-month,Fiber optic,No,Credit card (automatic),Yes,No
2845-AFFTX,Month-to-month,Fiber optic,No,Electronic check,Yes,Yes
3489-VSFRD,One year,DSL,Yes,Credit card (automatic),Yes,No
3345-JHUEO,Month-to-month,No,No internet service,Electronic check,Yes,No
5815-HGGHV,One year,DSL,Yes,Mailed check,Yes,No
5260-UMPWX,Month-to-month,No,No internet service,Credit card (automatic),Yes,No
2249-YPRNG,Month-to-month,Fiber optic,No,Bank transfer (automatic),Yes,Yes
7410-YTJIK,Month-to-month,Fiber optic,No,Mailed check,No,Yes
4626-GYCZP,Month-to-month,Fiber optic,No,Electronic check,Yes,Yes
5649-RXQTV,Month-to-month,Fiber optic,No,Electronic check,Yes,No
2674-MIAHT,Month-to-month,Fiber optic,No,Mailed check,Yes,No
2576-HXMPA,Month-to-month,No,No internet service,Credit card (automatic),No,No
7587-AOVVU,Month-to-month,Fiber optic,Yes,Electronic check,No,No
5590-BYNII,Month-to-month,Fiber optic,No,Electronic check,Yes,Yes
6898-MDLZW,Month-to-month,DSL,Yes,Mailed check,Yes,No
3237-AJGEH,Month-to-month,DSL,Yes,Mailed check,Yes,Yes
4707-YNOQA,One year,No,No internet service,Credit card (automatic),Yes,No
9357-UJRUN,One year,DSL,Yes,Electronic check,Yes,No
1591-NFNLQ,Month-to-month,Fiber optic,No,Credit card (automatic),No,Yes
8648-PFRMP,Month-to-month,DSL,No,Electronic check,Yes,No
7663-CUXZB,Two year,Fiber optic,Yes,Electronic check,No,No
0258-NOKBL,Month-to-month,Fiber optic,No,Electronic check,No,No
1163-VIPRI,Two year,Fiber optic,Yes,Electronic check,No,No
2815-CPTUL,Month-to-month,Fiber optic,No,Mailed check,Yes,Yes
9348-ROUAI,Two year,DSL,Yes,Credit card (automatic),No,No
9443-JUBUO,Two year,DSL,Yes,Credit card (automatic),Yes,No
0596-BQCEQ,Month-to-month,Fiber optic,No,Electronic check,Yes,Yes
1481-ZUWZA,Month-to-month,Fiber optic,No,Credit card (automatic),Yes,Yes
3043-TYBNO,Month-to-month,DSL,Yes,Mailed check,No,No
4830-FAXFM,Month-to-month,No,No internet service,Credit card (automatic),Yes,No
5906-BFOZT,Month-to-month,No,No internet service,Mailed check,Yes,No
2960-NKRSO,Month-to-month,Fiber optic,Yes,Electronic check,Yes,No
8996-ZROXE,One year,DSL,Yes,Electronic check,Yes,No
5598-IKHQQ,Two year,No,No internet service,Credit card (automatic),No,No
0397-ZXWQF,Two year,No,No internet service,Bank transfer (automatic),No,No
5266-PFRQK,One year,No,No internet service,Credit card (automatic),Yes,No
4674-HGNUA,Two year,DSL,Yes,Credit card (automatic),No,No
6765-MBQNU,One year,No,No internet service,Mailed check,No,No
9786-IJYDL,Two year,Fiber optic,Yes,Mailed check,Yes,No
1303-SRDOK,Two year,Fiber optic,No,Credit card (automatic),Yes,No
3769-MHZNV,Two year,No,No internet service,Mailed check,No,No
6295-OSINB,Two year,Fiber optic,No,Electronic check,Yes,No
3308-MHOOC,Month-to-month,No,No internet service,Mailed check,Yes,No
2309-OSFEU,Month-to-month,DSL,No,Mailed check,Yes,Yes
2207-QPJED,Month-to-month,Fiber optic,Yes,Electronic check,No,No
4177-JPDFU,Month-to-month,DSL,Yes,Mailed check,No,No
2239-CFOUJ,One year,No,No internet service,Mailed check,No,No
8046-DNVTL,Two year,DSL,Yes,Credit card (automatic),Yes,No
2209-XADXF,Month-to-month,DSL,No,Bank transfer (automatic),No,No
6620-JDYNW,Month-to-month,DSL,No,Mailed check,Yes,No
1891-FZYSA,Month-to-month,Fiber optic,No,Electronic check,Yes,Yes
4770-UEZOX,Month-to-month,Fiber optic,No,Electronic check,Yes,No
1038-RQOST,Month-to-month,No,No internet service,Mailed check,No,No
7613-LLQFO,Month-to-month,Fiber optic,No,Electronic check,Yes,Yes
4568-TTZRT,Month-to-month,No,No internet service,Mailed check,No,No
9513-DXHDA,One year,DSL,Yes,Electronic check,No,No
2640-PMGFL,Month-to-month,Fiber optic,Yes,Electronic check,Yes,Yes
3801-HMYNL,Month-to-month,Fiber optic,No,Mailed check,No,Yes
0516-QREYC,Month-to-month,No,No internet service,Mailed check,Yes,No
9685-WKZGT,Month-to-month,Fiber optic,No,Electronic check,Yes,Yes
6022-UGGSO,Month-to-month,Fiber optic,No,Electronic check,Yes,Yes
8084-OIVBS,One year,No,No internet service,Mailed check,No,No
8896-BQTTI,Month-to-month,No,No internet service,Mailed check,Yes,No
3865-QBWSJ,Month-to-month,Fiber optic,No,Mailed check,Yes,No
3352-RICWQ,Two year,No,No internet service,Mailed check,No,No
2160-GPFXD,Two year,DSL,Yes,Credit card (automatic),Yes,No
2065-MMKGR,One year,DSL,No,Credit card (automatic),Yes,No
5857-TYBCJ,Month-to-month,Fiber optic,No,Electronic check,Yes,No
1498-NHTLT,Two year,DSL,Yes,Electronic check,Yes,No
4484-CGXFK,Month-to-month,DSL,No,Electronic check,Yes,Yes
1402-PTHGN,One year,DSL,Yes,Mailed check,Yes,No
4176-RELJR,Two year,No,No internet service,Credit card (automatic),No,No
6214-EDAKZ,Month-to-month,DSL,Yes,Electronic check,No,Yes
5199-FPUSP,One year,DSL,Yes,Credit card (automatic),No,No
6377-KSLXC,Month-to-month,No,No internet service,Mailed check,No,No
1796-JANOW,Month-to-month,No,No internet service,Mailed check,No,No
0238-WHBIQ,Two year,DSL,Yes,Credit card (automatic),No,No
8735-NBLWT,Month-to-month,No,No internet service,Mailed check,No,No
6651-RLGGM,Two year,No,No internet service,Mailed check,No,No
6127-ISGTU,Month-to-month,Fiber optic,No,Electronic check,Yes,Yes
1614-JBEBI,Month-to-month,No,No internet service,Mailed check,Yes,No
8740-XLHDR,Month-to-month,DSL,Yes,Mailed check,Yes,Yes
1208-DNHLN,One year,DSL,No,Credit card (automatic),Yes,Yes
1761-AEZZR,Month-to-month,Fiber optic,No,Electronic check,Yes,Yes
3923-CSIHK,Month-to-month,Fiber optic,No,Electronic check,Yes,Yes
5696-EXCYS,Two year,No,No internet service,Credit card (automatic),No,No
5795-KTGUD,Two year,Fiber optic,No,Bank transfer (automatic),Yes,No
7120-RFMVS,Month-to-month,Fiber optic,No,Electronic check,No,Yes
7924-GJZFI,Month-to-month,Fiber optic,No,Electronic check,Yes,No
4702-HDRKD,One year,DSL,Yes,Bank transfer (automatic),Yes,No
8512-WIWYV,One year,No,No internet service,Credit card (automatic),No,No
5897-ZYEKH,One year,Fiber optic,No,Electronic check,Yes,No
5456-ITGIC,Two year,DSL,Yes,Credit card (automatic),Yes,No
7317-GGVPB,Two year,Fiber optic,Yes,Credit card (automatic),Yes,Yes
1406-PUQVY,Month-to-month,DSL,No,Electronic check,Yes,No
1322-AGOQM,Month-to-month,DSL,No,Bank transfer (automatic),No,Yes
3677-IYRBF,Month-to-month,DSL,No,Electronic check,Yes,Yes
5692-FPTAH,Month-to-month,DSL,No,Mailed check,Yes,Yes
9114-AAFQH,One year,DSL,No,Electronic check,Yes,No
8715-KKTFG,One year,Fiber optic,Yes,Bank transfer (automatic),Yes,No
1550-LOAHA,Month-to-month,Fiber optic,No,Bank transfer (automatic),No,Yes
1728-BQDMA,Month-to-month,DSL,No,Electronic check,No,No
0268-QKIWO,Month-to-month,No,No internet service,Electronic check,No,Yes
0876-WDUUZ,Month-to-month,Fiber optic,Yes,Credit card (automatic),Yes,Yes
5117-ZSMHQ,Two year,DSL,Yes,Bank transfer (automatic),No,No
5151-HQRDG,Month-to-month,DSL,No,Mailed check,Yes,No
0960-HUWBM,Two year,Fiber optic,Yes,Bank transfer (automatic),Yes,No
6465-GSRCL,One year,Fiber optic,Yes,Bank transfer (automatic),Yes,No
0617-FHSGK,Month-to-month,Fiber optic,No,Credit card (automatic),No,Yes
0263-FJTQO,Two year,DSL,Yes,Credit card (automatic),Yes,No
7319-ZNRTR,One year,No,No internet service,Electronic check,No,No
2858-MOFSQ,One year,DSL,No,Mailed check,Yes,Yes
7503-EPSZW,Two year,No,No internet service,Mailed check,Yes,No
7089-XXAYG,One year,DSL,No,Credit card (automatic),Yes,No
8118-LSUEL,Month-to-month,Fiber optic,No,Electronic check,Yes,Yes
8070-AAWZP,Month-to-month,DSL,Yes,Mailed check,No,No
1666-JXLKU,Month-to-month,Fiber optic,No,Electronic check,Yes,No
7855-DIWPO,Month-to-month,Fiber optic,No,Electronic check,Yes,No
5133-POWUA,Month-to-month,DSL,No,Mailed check,Yes,No
5652-MSDEY,Month-to-month,Fiber optic,No,Mailed check,Yes,No
7005-CCBKV,Month-to-month,Fiber optic,No,Electronic check,Yes,Yes
1810-BOHSY,One year,Fiber optic,No,Credit card (automatic),Yes,No
1784-BXEFA,Month-to-month,No,No internet service,Mailed check,Yes,No
7351-MHQVU,Month-to-month,DSL,Yes,Credit card (automatic),No,No
9224-VTYID,Two year,DSL,Yes,Mailed check,Yes,No
9500-IWPXQ,One year,DSL,Yes,Electronic check,Yes,No
5762-TJXGK,Two year,DSL,No,Bank transfer (automatic),Yes,No
4504-YOULA,Month-to-month,DSL,No,Credit card (automatic),Yes,No
5569-IDSEY,One year,Fiber optic,No,Bank transfer (automatic),Yes,No
4250-FDVOU,Month-to-month,DSL,No,Electronic check,No,Yes
7284-ZZLOH,Two year,DSL,No,Credit card (automatic),No,No
5277-ZLOOR,Month-to-month,Fiber optic,No,Electronic check,Yes,Yes
2141-RRYGO,Month-to-month,DSL,No,Bank transfer (automatic),Yes,Yes
1777-JYQPJ,Month-to-month,DSL,No,Mailed check,No,No
6376-GAHQE,Month-to-month,Fiber optic,No,Electronic check,No,Yes
3401-URHDA,One year,DSL,Yes,Credit card (automatic),No,No
1599-EAHXY,One year,No,No internet service,Credit card (automatic),No,No
8631-XVRZL,One year,No,No internet service,Mailed check,Yes,No
5052-PNLOS,Month-to-month,Fiber optic,No,Bank transfer (automatic),Yes,Yes
3853-LYGAM,Month-to-month,Fiber optic,Yes,Bank transfer (automatic),Yes,No
6979-ZNSFF,Month-to-month,Fiber optic,No,Electronic check,Yes,Yes
5751-USDBL,Two year,DSL,Yes,Mailed check,No,No
5680-LQOGP,Two year,DSL,Yes,Credit card (automatic),Yes,No
2386-LAHRK,Month-to-month,DSL,No,Mailed check,Yes,Yes
8189-DUKMV,One year,No,No internet service,Bank transfer (automatic),No,No
6032-IGALN,Month-to-month,DSL,No,Mailed check,Yes,Yes
9931-DCEZH,One year,DSL,Yes,Credit card (automatic),Yes,No
1898-JSNDC,One year,DSL,No,Credit card (automatic),Yes,No
0315-LVCRK,Month-to-month,Fiber optic,No,Electronic check,No,No
3911-RSNHI,Two year,DSL,Yes,Credit card (automatic),Yes,No
2410-CIYFZ,Month-to-month,No,No internet service,Mailed check,No,No
4248-HCETZ,Month-to-month,Fiber optic,No,Mailed check,Yes,Yes
5505-OVWQW,One year,No,No internet service,Mailed check,No,No
7271-AJDTL,Month-to-month,Fiber optic,No,Credit card (automatic),Yes,No
1867-TJHTS,Month-to-month,Fiber optic,No,Bank transfer (automatic),Yes,No
0516-WJVXC,Month-to-month,DSL,Yes,Electronic check,No,Yes
9174-FKWZE,Month-to-month,No,No internet service,Electronic check,Yes,Yes
6860-YRJZP,Month-to-month,Fiber optic,No,Electronic check,Yes,No
4429-WYGFR,Month-to-month,DSL,Yes,Bank transfer (automatic),No,No
2817-LVCPP,Two year,No,No internet service,Credit card (automatic),No,No
5038-ETMLM,Two year,Fiber optic,Yes,Bank transfer (automatic),Yes,No
5056-FIMPT,One year,Fiber optic,Yes,Credit card (automatic),Yes,No
4521-WFJAI,Two year,No,No internet service,Bank transfer (automatic),Yes,No
6569-KTMDU,Month-to-month,No,No internet service,Mailed check,No,No
8809-RIHDD,Two year,Fiber optic,No,Electronic check,Yes,Yes
8809-XKHMD,Two year,Fiber optic,Yes,Bank transfer (automatic),Yes,No
0396-YCHWO,Month-to-month,Fiber optic,No,Electronic check,Yes,No
0867-LDTTC,Month-to-month,DSL,Yes,Bank transfer (automatic),No,No
4822-NGOCH,Month-to-month,Fiber optic,No,Electronic check,Yes,Yes
9391-DXGGG,One year,Fiber optic,No,Credit card (automatic),No,No
9844-FELAJ,One year,Fiber optic,Yes,Electronic check,Yes,No
2122-SZZZD,One year,No,No internet service,Credit card (automatic),No,No
5307-DZCVC,Month-to-month,Fiber optic,No,Credit card (automatic),Yes,Yes
3148-AOIQT,Two year,No,No internet service,Credit card (automatic),Yes,No
8679-JOEVF,Month-to-month,DSL,Yes,Electronic check,No,Yes
8395-ETZKQ,One year,No,No internet service,Bank transfer (automatic),No,No
6692-YQHXC,Month-to-month,Fiber optic,No,Credit card (automatic),Yes,No
3889-VWBID,Two year,DSL,Yes,Bank transfer (automatic),No,No
5222-JCXZT,Month-to-month,No,No internet service,Mailed check,No,No
9754-CLVZW,Month-to-month,DSL,Yes,Credit card (automatic),No,No
1432-FPAXX,Month-to-month,DSL,No,Electronic check,Yes,Yes
2739-CCZMB,Month-to-month,No,No internet service,Credit card (automatic),No,No
7080-TNUWP,One year,Fiber optic,No,Bank transfer (automatic),Yes,No
0496-AHOOK,One year,DSL,Yes,Bank transfer (automatic),No,No
8336-TAVKX,Two year,DSL,Yes,Bank transfer (automatic),No,No
2468-SJFLM,Month-to-month,Fiber optic,Yes,Mailed check,Yes,No
3181-VTHOE,One year,DSL,Yes,Bank transfer (automatic),Yes,No
7168-HDQHG,Month-to-month,No,No internet service,Bank transfer (automatic),No,No
4803-AXVYP,Month-to-month,Fiber optic,Yes,Electronic check,Yes,Yes
3884-HCSWG,Month-to-month,Fiber optic,No,Electronic check,Yes,Yes
4567-AKPIA,One year,Fiber optic,Yes,Bank transfer (automatic),Yes,No
5077-DXTCG,Month-to-month,DSL,No,Electronic check,Yes,Yes
1142-WACZW,Month-to-month,DSL,Yes,Bank transfer (automatic),No,Yes
7901-HXJVA,Month-to-month,Fiber optic,No,Electronic check,No,No
5649-ANRML,Month-to-month,Fiber optic,Yes,Credit card (automatic),Yes,Yes
4892-VLANZ,Month-to-month,No,No internet service,Mailed check,No,Yes
5924-IFQTT,Month-to-month,DSL,Yes,Electronic check,Yes,No
7968-QUXNS,Month-to-month,No,No internet service,Mailed check,No,No
2919-HBCJO,Month-to-month,Fiber optic,No,Bank transfer (automatic),Yes,Yes
4236-XPXAV,Month-to-month,Fiber optic,Yes,Mailed check,Yes,Yes
8903-WMRNW,Month-to-month,Fiber optic,No,Electronic check,No,No
2452-SNHFZ,Month-to-month,Fiber optic,No,Credit card (automatic),No,No
3629-WEAAM,Month-to-month,DSL,Yes,Mailed check,No,No
6029-CSMJE,Month-to-month,DSL,No,Mailed check,Yes,No
7993-NQLJE,Month-to-month,Fiber optic,No,Mailed check,No,No
9909-DFRJA,One year,Fiber optic,Yes,Bank transfer (automatic),Yes,No
9099-FTUHS,Month-to-month,DSL,No,Electronic check,No,No
0581-BXBUB,Month-to-month,Fiber optic,No,Electronic check,No,No
4962-CHQPW,One year,No,No internet service,Mailed check,No,No
9467-ROOLM,Month-to-month,No,No internet service,Mailed check,No,No
3030-YZADT,Month-to-month,DSL,No,Mailed check,No,Yes
7410-KTVFV,Month-to-month,DSL,No,Mailed check,Yes,Yes
5150-ITWWB,Month-to-month,Fiber optic,No,Electronic check,Yes,No
2253-KPMNB,Two year,DSL,Yes,Bank transfer (automatic),No,No
1345-ZUKID,One year,No,No internet service,Mailed check,No,No
6429-SHBCB,Month-to-month,DSL,No,Mailed check,No,No
9281-OFDMF,Month-to-month,Fiber optic,No,Electronic check,No,No
2603-HVKCG,Month-to-month,Fiber optic,No,Electronic check,Yes,No
1834-WULEG,One year,No,No internet service,Mailed check,No,No
9097-ZUBYC,Month-to-month,DSL,Yes,Bank transfer (automatic),No,No
5148-ORICT,Two year,DSL,Yes,Mailed check,Yes,No
4893-GYUJU,One year,No,No internet service,Mailed check,Yes,No
4578-PHJYZ,One year,DSL,Yes,Electronic check,Yes,No
7272-QDCKA,One year,Fiber optic,No,Electronic check,No,No
8908-SLFCJ,Two year,No,No internet service,Credit card (automatic),Yes,No
8393-DLHGA,Month-to-month,Fiber optic,No,Electronic check,Yes,Yes
9766-HGEDE,One year,No,No internet service,Mailed check,No,No
6968-MHOMU,One year,DSL,No,Credit card (automatic),Yes,No
7395-IGJOS,Month-to-month,Fiber optic,No,Bank transfer (automatic),No,Yes
5044-XDPYX,Two year,No,No internet service,Mailed check,No,No
1814-WFGVS,Two year,DSL,Yes,Mailed check,No,No
2834-SPCJV,Month-to-month,Fiber optic,No,Electronic check,No,Yes
3721-WKIIL,Two year,No,No internet service,Mailed check,Yes,No
6734-CKRSM,Month-to-month,No,No internet service,Mailed check,No,No
1265-ZFOSD,Two year,DSL,Yes,Mailed check,Yes,No
6568-POCUI,Two year,Fiber optic,Yes,Credit card (automatic),Yes,No
7890-VYYWG,Month-to-month,DSL,No,Mailed check,Yes,Yes
5197-LQXXH,Two year,DSL,Yes,Credit card (automatic),Yes,No
9907-SWKKF,Month-to-month,DSL,No,Mailed check,No,Yes
3457-PQBYH,Two year,No,No internet service,Credit card (automatic),No,No
7682-AZNDK,Month-to-month,Fiber optic,No,Electronic check,Yes,No
0587-DMGBH,Month-to-month,DSL,No,Electronic check,Yes,Yes
5384-ZTTWP,Month-to-month,No,No internet service,Mailed check,No,No
3745-HRPHI,Two year,DSL,Yes,Bank transfer (automatic),No,No
7636-OWBPG,Month-to-month,DSL,No,Credit card (automatic),Yes,No
1231-YNDEK,Two year,No,No internet service,Bank transfer (automatic),Yes,No
1407-DIGZV,Two year,No,No internet service,Mailed check,No,No
6397-JNZZG,Month-to-month,DSL,No,Credit card (automatic),No,Yes
0570-BFQHT,Month-to-month,Fiber optic,No,Electronic check,No,No
4393-OBCRR,One year,No,No internet service,Mailed check,No,No
3523-QRQLL,One year,DSL,No,Bank transfer (automatic),Yes,Yes
8564-LDKFL,One year,Fiber optic,No,Bank transfer (automatic),Yes,No
3696-DFHHB,Two year,No,No internet service,Bank transfer (automatic),No,No
0895-DQHEW,Month-to-month,Fiber optic,No,Electronic check,Yes,Yes
4717-GHADL,Two year,DSL,Yes,Mailed check,Yes,No
5501-TVMGM,Month-to-month,DSL,No,Electronic check,Yes,No
5879-HMFFH,Two year,DSL,Yes,Bank transfer (automatic),No,No
6772-WFQRD,One year,No,No internet service,Bank transfer (automatic),Yes,No
3810-DVDQQ,Two year,Fiber optic,Yes,Bank transfer (automatic),Yes,No
6972-SNKKW,Month-to-month,No,No internet service,Mailed check,No,No
3694-GLTJM,Month-to-month,No,No internet service,Credit card (automatic),Yes,No
8550-XSXUQ,One year,DSL,No,Credit card (automatic),Yes,No
8149-RSOUN,Month-to-month,Fiber optic,No,Electronic check,Yes,Yes
9055-MOJJJ,One year,DSL,Yes,Mailed check,No,No
4359-INNWN,One year,No,No internet service,Credit card (automatic),No,No
0585-EGDDA,Month-to-month,Fiber optic,No,Electronic check,Yes,No
4032-RMHCI,One year,DSL,No,Credit card (automatic),No,No
0549-CYCQN,One year,Fiber optic,No,Bank transfer (automatic),Yes,No
3481-JHUZH,Month-to-month,Fiber optic,No,Electronic check,Yes,No
7250-EQKIY,Month-to-month,DSL,No,Mailed check,No,Yes
3594-IVHJZ,Month-to-month,No,No internet service,Mailed check,Yes,No
6869-FGJJC,One year,Fiber optic,No,Credit card (automatic),No,No
3896-ZVNET,Two year,No,No internet service,Mailed check,No,No
8205-VSLRB,Two year,DSL,Yes,Credit card (automatic),No,No
5960-MVTUK,Month-to-month,DSL,Yes,Electronic check,Yes,No
6817-WTYHE,Month-to-month,DSL,No,Bank transfer (automatic),No,No
3082-VQXNH,Month-to-month,DSL,No,Credit card (automatic),No,No
4013-UBXWQ,Month-to-month,DSL,Yes,Electronic check,Yes,Yes
4931-TRZWN,Month-to-month,DSL,No,Electronic check,Yes,No
0750-EKNGL,Month-to-month,No,No internet service,Mailed check,No,No
7669-LCRSD,Month-to-month,DSL,No,Mailed check,Yes,No
3567-PQTSO,One year,Fiber optic,No,Electronic check,Yes,No
5519-NPHVG,Month-to-month,Fiber optic,No,Electronic check,Yes,Yes
8043-PNYSD,Two year,No,No internet service,Mailed check,No,No
9938-EKRGF,Month-to-month,DSL,Yes,Mailed check,No,No
2703-AMTUL,One year,DSL,No,Mailed check,No,No
0928-JMXNP,Month-to-month,DSL,No,Electronic check,Yes,No
8173-RXAYP,Two year,No,No internet service,Mailed check,No,No
4825-XJGDM,One year,DSL,Yes,Credit card (automatic),No,No
5402-HTOTQ,Month-to-month,DSL,No,Electronic check,No,No
6734-JDTTV,Two year,No,No internet service,Credit card (automatic),Yes,No
7850-THJMU,Two year,No,No internet service,Credit card (automatic),No,No
3890-RTCMS,Month-to-month,DSL,Yes,Mailed check,Yes,No
8849-GYOKR,One year,Fiber optic,No,Bank transfer (automatic),No,Yes
3148-BLQJT,Month-to-month,No,No internet service,Mailed check,No,Yes
3717-FDJFU,Two year,No,No internet service,Mailed check,No,No
3665-JATSN,Month-to-month,DSL,No,Electronic check,Yes,No
7966-YOTQW,Month-to-month,DSL,No,Credit card (automatic),Yes,No
0461-CVKMU,Month-to-month,Fiber optic,Yes,Electronic check,No,Yes
8806-EAGWC,Month-to-month,DSL,No,Mailed check,No,Yes
8853-TZDGH,Two year,Fiber optic,Yes,Bank transfer (automatic),Yes,No
7779-LGOVN,Month-to-month,Fiber optic,No,Electronic check,Yes,Yes
4324-BZCKL,Month-to-month,DSL,No,Mailed check,Yes,No
6924-TDGMT,One year,No,No internet service,Mailed check,Yes,No
9710-ZUSHQ,Month-to-month,Fiber optic,No,Bank transfer (automatic),Yes,Yes
1536-YHDOE,One year,DSL,Yes,Mailed check,Yes,No
8123-QBNAZ,Month-to-month,Fiber optic,No,Credit card (automatic),Yes,No
3629-ZNKXA,Month-to-month,Fiber optic,No,Electronic check,Yes,No
4827-LTQRJ,One year,Fiber optic,Yes,Credit card (automatic),Yes,No
7711-YIJWC,One year,DSL,Yes,Bank transfer (automatic),No,No
5482-VXSXJ,Month-to-month,Fiber optic,No,Mailed check,Yes,No
7365-BVCJH,Month-to-month,DSL,No,Electronic check,Yes,No
9620-ENEJV,Month-to-month,Fiber optic,No,Credit card (automatic),No,No
4183-WCSEP,Month-to-month,Fiber optic,Yes,Electronic check,Yes,Yes
2378-YIZKA,Two year,DSL,Yes,Credit card (automatic),Yes,No
5498-TXHLF,Month-to-month,Fiber optic,No,Electronic check,No,Yes
0689-DSXGL,Month-to-month,Fiber optic,Yes,Bank transfer (automatic),No,No
6818-DJXAA,Month-to-month,Fiber optic,Yes,Electronic check,Yes,No
9722-UJOJR,Month-to-month,Fiber optic,No,Electronic check,Yes,Yes
0464-WJTKO,Two year,No,No internet service,Bank transfer (automatic),No,No
8902-ZEOVF,One year,No,No internet service,Mailed check,No,No
6778-EICRF,One year,DSL,No,Mailed check,No,No
2662-NNTDK,One year,No,No internet service,Credit card (automatic),No,No
4132-KALRO,Month-to-month,Fiber optic,Yes,Mailed check,Yes,No
3902-FOIGH,Month-to-month,Fiber optic,No,Electronic check,Yes,Yes
6772-KSATR,Month-to-month,Fiber optic,No,Electronic check,Yes,Yes
7112-OPOTK,Month-to-month,Fiber optic,No,Electronic check,No,Yes
2874-YXVVA,Month-to-month,Fiber optic,Yes,Electronic check,Yes,No
1245-HARPS,Two year,No,No internet service,Mailed check,No,No
4210-QFJMF,Month-to-month,Fiber optic,No,Electronic check,Yes,Yes
4323-ELYYB,One year,No,No internet service,Mailed check,No,No
4293-ETKAP,Two year,DSL,Yes,Bank transfer (automatic),Yes,No
6064-PUPMC,One year,DSL,Yes,Credit card (automatic),No,No
6504-VBLFL,Two year,DSL,No,Electronic check,No,No
6322-PJJDJ,Two year,Fiber optic,No,Electronic check,Yes,No
0330-BGYZE,One year,Fiber optic,No,Bank transfer (automatic),No,No
1085-LDWAM,One year,No,No internet service,Credit card (automatic),Yes,No
7586-ZATGZ,Month-to-month,Fiber optic,No,Electronic check,Yes,No
7197-VOJMM,Two year,DSL,Yes,Credit card (automatic),Yes,No
3318-OSATS,Month-to-month,Fiber optic,No,Electronic check,Yes,Yes
5828-AVIPD,One year,Fiber optic,Yes,Electronic check,Yes,Yes
1843-TLSGD,Two year,No,No internet service,Mailed check,No,No
9626-VFRGG,Month-to-month,Fiber optic,No,Bank transfer (automatic),Yes,No
7075-BNDVQ,Month-to-month,DSL,No,Mailed check,No,No
9143-CANJF,Month-to-month,DSL,Yes,Electronic check,No,No
7284-BUYEC,Month-to-month,DSL,No,Credit card (automatic),Yes,No
2041-JIJCI,Month-to-month,DSL,No,Electronic check,Yes,No
1086-LXKFY,Month-to-month,Fiber optic,No,Mailed check,Yes,Yes
4900-MSOMT,Two year,DSL,Yes,Bank transfer (automatic),No,No
2229-VWQJH,Month-to-month,DSL,No,Credit card (automatic),Yes,No
9194-GFVOI,Two year,DSL,Yes,Credit card (automatic),No,No
1336-EZFZY,Month-to-month,No,No internet service,Mailed check,No,No
4282-MSACW,One year,Fiber optic,Yes,Credit card (automatic),Yes,No
1403-LKLIK,One year,No,No internet service,Mailed check,No,No
2636-ALXXZ,Month-to-month,Fiber optic,No,Electronic check,Yes,Yes
7774-OJSXI,One year,Fiber optic,No,Electronic check,Yes,Yes
7786-WBJYI,Month-to-month,Fiber optic,No,Bank transfer (automatic),No,Yes
0136-IFMYD,Two year,Fiber optic,Yes,Electronic check,Yes,No
5144-TVGLP,Month-to-month,Fiber optic,No,Electronic check,No,No
9643-AVVWI,Month-to-month,Fiber optic,Yes,Electronic check,Yes,No
0253-ZTEOB,Two year,DSL,Yes,Electronic check,No,No
2706-QZIHY,Two year,No,No internet service,Mailed check,No,No
6061-PQHMK,One year,No,No internet service,Credit card (automatic),No,No
9885-CSMWE,Month-to-month,Fiber optic,No,Electronic check,No,Yes
6137-MFAJN,Month-to-month,DSL,No,Electronic check,Yes,No
9122-UMROB,Month-to-month,No,No internet service,Mailed check,No,No
4232-JGKIY,Month-to-month,No,No internet service,Electronic check,No,No
2402-TAIRZ,One year,Fiber optic,No,Electronic check,No,No
9659-ZTWSM,One year,Fiber optic,Yes,Bank transfer (automatic),Yes,No
9139-TWBAS,One year,DSL,No,Bank transfer (automatic),No,No
6685-GBWJZ,One year,DSL,Yes,Credit card (automatic),No,No
5016-ETTFF,Month-to-month,DSL,No,Mailed check,No,Yes
3866-MDTUB,Month-to-month,DSL,No,Electronic check,Yes,Yes
2195-VVRJF,Month-to-month,DSL,No,Credit card (automatic),Yes,No
3913-RDSJZ,Two year,No,No internet service,Mailed check,No,No
8058-JMEQO,Month-to-month,Fiber optic,No,Electronic check,Yes,Yes
4203-QGNZA,Month-to-month,No,No internet service,Mailed check,No,No
5043-TRZWM,Month-to-month,Fiber optic,No,Electronic check,No,No
0697-ZMSWS,Month-to-month,Fiber optic,No,Electronic check,Yes,Yes
7657-DYEPJ,One year,DSL,Yes,Credit card (automatic),Yes,Yes
9494-BDNNC,One year,Fiber optic,No,Electronic check,No,No
1640-PLFMP,Month-to-month,Fiber optic,No,Electronic check,Yes,No
5366-OBVMR,Month-to-month,DSL,Yes,Mailed check,Yes,No
8276-MQBYC,Month-to-month,Fiber optic,No,Electronic check,Yes,Yes
7644-OMVMY,Two year,No,No internet service,Mailed check,No,No
7593-XFKDI,Month-to-month,DSL,No,Mailed check,No,Yes
4573-JKNAE,Two year,No,No internet service,Bank transfer (automatic),No,No
0337-CNPZE,Month-to-month,Fiber optic,No,Electronic check,Yes,Yes
9817-APLHW,Month-to-month,No,No internet service,Electronic check,No,No
8380-MQINP,Two year,No,No internet service,Mailed check,No,No
0840-DFEZH,Month-to-month,Fiber optic,No,Electronic check,Yes,No
1513-XNPPH,Month-to-month,Fiber optic,Yes,Electronic check,Yes,Yes
8690-ZVLCL,Two year,DSL,Yes,Credit card (automatic),No,No
6015-VVHHE,Month-to-month,Fiber optic,No,Credit card (automatic),Yes,Yes
1125-SNVCK,Month-to-month,DSL,No,Mailed check,No,No
0384-LPITE,One year,DSL,No,Credit card (automatic),No,No
4616-EWBNJ,One year,No,No internet service,Bank transfer (automatic),No,No
6347-DCUIK,Month-to-month,Fiber optic,No,Mailed check,Yes,Yes
1335-HQMKX,One year,Fiber optic,No,Electronic check,Yes,No
2545-EBUPK,Month-to-month,Fiber optic,No,Electronic check,Yes,No
6923-AQONU,Two year,No,No internet service,Mailed check,No,No
2172-EJXVF,One year,Fiber optic,No,Electronic check,Yes,No
0897-FEGMU,Month-to-month,Fiber optic,No,Electronic check,Yes,Yes
7663-RGWBC,Month-to-month,DSL,No,Mailed check,Yes,Yes
1120-BMWUB,Month-to-month,DSL,Yes,Mailed check,Yes,Yes
9124-LHCJQ,Month-to-month,Fiber optic,No,Mailed check,Yes,Yes
4536-PLEQY,Month-to-month,Fiber optic,No,Credit card (automatic),Yes,No
7029-IJEJK,One year,DSL,Yes,Bank transfer (automatic),No,No
8871-JLMHM,Two year,Fiber optic,Yes,Credit card (automatic),No,No
2235-ZGKPT,Month-to-month,DSL,No,Mailed check,No,Yes
3891-PUQOD,Month-to-month,DSL,No,Electronic check,No,Yes
5447-VYTKW,Month-to-month,DSL,Yes,Mailed check,No,No
3623-FQBOX,Month-to-month,No,No internet service,Mailed check,Yes,No
0689-NKYLF,Month-to-month,Fiber optic,No,Electronic check,Yes,Yes
8659-HDIYE,Month-to-month,DSL,Yes,Credit card (automatic),No,No
3658-KIBGF,Month-to-month,DSL,No,Electronic check,Yes,Yes
3474-BAFSJ,Two year,DSL,Yes,Bank transfer (automatic),Yes,No
5519-YLDGW,Month-to-month,Fiber optic,No,Electronic check,Yes,Yes
3865-ZFZIB,Two year,No,No internet service,Mailed check,No,No
1855-AGAWH,One year,Fiber optic,No,Electronic check,Yes,No
7109-CQYUZ,Two year,DSL,Yes,Mailed check,Yes,No
1370-GGAWX,One year,Fiber optic,No,Electronic check,Yes,No
4680-KUTAJ,Month-to-month,DSL,No,Electronic check,Yes,No
5307-UVGNB,Month-to-month,DSL,No,Bank transfer (automatic),Yes,No
4946-EDSEW,Month-to-month,No,No internet service,Mailed check,Yes,Yes
2883-ILGWO,Month-to-month,Fiber optic,Yes,Bank transfer (automatic),Yes,No
2516-VQRRV,Month-to-month,Fiber optic,No,Mailed check,Yes,Yes
7580-UGXNC,Month-to-month,DSL,No,Mailed check,No,Yes
3642-BYHDO,Two year,No,No internet service,Bank transfer (automatic),No,No
9629-NHXFW,Month-to-month,No,No internet service,Mailed check,Yes,No
2696-RZVZW,Two year,No,No internet service,Credit card (automatic),No,No
5766-FTRTS,Two year,DSL,Yes,Mailed check,No,No
0396-HUJBP,Month-to-month,No,No internet service,Mailed check,No,No
5178-LMXOP,Month-to-month,Fiber optic,No,Electronic check,Yes,Yes
8879-ZKJOF,One year,DSL,Yes,Bank transfer (automatic),Yes,No
6285-FTQBF,Two year,No,No internet service,Credit card (automatic),No,No
8185-UPYBR,Month-to-month,Fiber optic,No,Electronic check,Yes,Yes
4585-HETAI,Month-to-month,Fiber optic,No,Electronic check,Yes,Yes
7526-BEZQB,Month-to-month,Fiber optic,No,Electronic check,Yes,Yes
1474-JUWSM,One year,DSL,Yes,Electronic check,Yes,No
3530-CRZSB,Month-to-month,No,No internet service,Mailed check,No,No
8498-XXGWA,Month-to-month,DSL,No,Mailed check,Yes,No
9617-INGJY,Month-to-month,Fiber optic,No,Mailed check,Yes,No
0621-TSSMU,One year,No,No internet service,Credit card (automatic),No,No
7234-KMNRQ,Month-to-month,No,No internet service,Mailed check,No,No
7636-PEPNS,One year,DSL,No,Mailed check,Yes,No
4683-WYDOU,Two year,Fiber optic,Yes,Bank transfer (automatic),Yes,No
9052-DHNKM,One year,DSL,No,Electronic check,No,No
6794-HKIAJ,Month-to-month,Fiber optic,No,Bank transfer (automatic),No,No
5578-NKCXI,One year,Fiber optic,No,Credit card (automatic),No,No
1642-HMARX,Two year,DSL,Yes,Electronic check,Yes,No
3096-WPXBT,One year,Fiber optic,No,Credit card (automatic),Yes,No
8434-PNQZX,Two year,DSL,Yes,Credit card (automatic),Yes,No
5950-AAAGJ,Month-to-month,Fiber optic,No,Bank transfer (automatic),No,No
4299-OPXEJ,Two year,No,No internet service,Bank transfer (automatic),Yes,No
4951-UKAAQ,Month-to-month,Fiber optic,No,Electronic check,Yes,Yes
9618-LFJRU,Month-to-month,No,No internet service,Credit card (automatic),No,No
6693-DJWTY,One year,DSL,No,Credit card (automatic),No,No
0744-GKNGE,Month-to-month,Fiber optic,Yes,Bank transfer (automatic),Yes,No
6447-EGDIV,One year,No,No internet service,Mailed check,No,No
1167-OYZJF,Two year,No,No internet service,Bank transfer (automatic),Yes,No
2108-YKQTY,Month-to-month,DSL,No,Credit card (automatic),No,Yes
4806-DXQCE,Two year,Fiber optic,Yes,Electronic check,Yes,No
4918-QLLIW,Month-to-month,DSL,No,Credit card (automatic),No,Yes
7056-IMHCC,Month-to-month,Fiber optic,No,Electronic check,Yes,Yes
4854-SSLTN,Two year,DSL,Yes,Mailed check,No,No
5294-DMSFH,Month-to-month,Fiber optic,No,Credit card (automatic),Yes,No
4837-PZTIC,Two year,DSL,Yes,Mailed check,No,No
1625-JAIIY,One year,Fiber optic,No,Electronic check,Yes,Yes
0603-OLQDC,Month-to-month,DSL,No,Mailed check,Yes,No
3272-VUHPV,Month-to-month,DSL,Yes,Bank transfer (automatic),No,No
4176-FXYBO,Month-to-month,Fiber optic,No,Electronic check,No,No
1063-DHQJF,Two year,Fiber optic,Yes,Mailed check,Yes,No
8663-UPDGF,Month-to-month,DSL,No,Bank transfer (automatic),Yes,No
6719-FGEDO,Two year,Fiber optic,Yes,Bank transfer (automatic),Yes,No
1837-YQUCE,Two year,DSL,Yes,Bank transfer (automatic),Yes,No
2947-DOMLJ,Month-to-month,DSL,No,Mailed check,No,Yes
4112-LUEIZ,Month-to-month,Fiber optic,No,Electronic check,Yes,Yes
0369-ZGOVK,One year,Fiber optic,No,Bank transfer (automatic),Yes,No
4510-HIMLV,Month-to-month,Fiber optic,No,Electronic check,Yes,Yes
9919-KNPOO,Month-to-month,Fiber optic,No,Electronic check,Yes,No
8749-JMNKX,Month-to-month,Fiber optic,No,Bank transfer (automatic),Yes,Yes
7872-BAAZR,One year,No,No internet service,Bank transfer (automatic),No,No
9391-LMANN,One year,Fiber optic,No,Electronic check,No,No
2430-USGXP,Month-to-month,Fiber optic,No,Electronic check,Yes,Yes
8174-TBVCF,Two year,DSL,Yes,Credit card (automatic),Yes,No
1698-XFZCI,One year,Fiber optic,No,Electronic check,Yes,No
1877-HKBQX,One year,DSL,Yes,Mailed check,Yes,No
4450-DLLMH,Month-to-month,Fiber optic,No,Credit card (automatic),Yes,No
0428-AXXLJ,One year,No,No internet service,Bank transfer (automatic),Yes,No
2746-DIJLO,One year,DSL,No,Credit card (automatic),Yes,No
5955-ERIHD,Month-to-month,Fiber optic,No,Electronic check,Yes,Yes
0917-EZOLA,Two year,Fiber optic,No,Bank transfer (automatic),Yes,Yes
3508-VLHCZ,Two year,DSL,Yes,Credit card (automatic),Yes,No
4086-ATNFV,One year,DSL,No,Mailed check,Yes,No
0468-YRPXN,Month-to-month,Fiber optic,Yes,Credit card (automatic),Yes,No
5996-NRVXR,One year,Fiber optic,Yes,Credit card (automatic),Yes,No
3739-YBWAB,One year,DSL,No,Mailed check,No,No
7047-FWEYA,One year,Fiber optic,Yes,Electronic check,Yes,No
2000-MPKCA,One year,Fiber optic,No,Electronic check,Yes,No
9762-YAQAA,One year,Fiber optic,No,Credit card (automatic),No,No
5949-EBSQK,Month-to-month,DSL,Yes,Credit card (automatic),No,Yes
5473-KHBPS,One year,Fiber optic,No,Credit card (automatic),Yes,No
0100-DUVFC,One year,Fiber optic,No,Electronic check,Yes,No
5397-TUPSH,One year,Fiber optic,No,Bank transfer (automatic),Yes,No
8950-MTZNV,Month-to-month,DSL,No,Mailed check,Yes,No
0326-VDYXE,One year,Fiber optic,No,Electronic check,Yes,No
6773-LQTVT,Month-to-month,DSL,No,Mailed check,Yes,No
7274-RTAPZ,Month-to-month,Fiber optic,No,Electronic check,Yes,Yes
0436-TWFFZ,Two year,DSL,Yes,Mailed check,Yes,No
8566-YPRGL,Month-to-month,No,No internet service,Mailed check,Yes,No
0311-UNPFF,Month-to-month,Fiber optic,No,Bank transfer (automatic),Yes,Yes
6609-MXJHJ,Two year,No,No internet service,Mailed check,Yes,No
2669-OIDSD,Month-to-month,Fiber optic,Yes,Credit card (automatic),Yes,No
8400-WZICQ,Month-to-month,DSL,No,Electronic check,No,No
3834-XUIFC,Month-to-month,Fiber optic,No,Mailed check,Yes,Yes
9576-SYUHJ,Month-to-month,Fiber optic,No,Electronic check,Yes,No
0410-IPFTY,Month-to-month,Fiber optic,No,Bank transfer (automatic),Yes,No
2831-EBWRN,Month-to-month,DSL,No,Electronic check,Yes,No
9430-NKQLY,Two year,No,No internet service,Credit card (automatic),Yes,No
8414-MYSHR,Month-to-month,Fiber optic,No,Electronic check,Yes,Yes
0247-SLUJI,Month-to-month,No,No internet service,Mailed check,No,No
9402-ORRAH,Month-to-month,Fiber optic,No,Electronic check,Yes,No
6483-OATDN,Month-to-month,DSL,No,Credit card (automatic),Yes,No
1293-HHSHJ,One year,No,No internet service,Mailed check,No,No
4840-ORQXB,Month-to-month,Fiber optic,No,Electronic check,No,No
7599-FKVXZ,Month-to-month,Fiber optic,Yes,Bank transfer (automatic),Yes,Yes
3982-DQLUS,Month-to-month,Fiber optic,No,Electronic check,Yes,No
8610-ZIKJJ,One year,No,No internet service,Mailed check,No,No
3756-VNWDH,One year,Fiber optic,No,Electronic check,Yes,No
7801-KICAO,Month-to-month,Fiber optic,No,Electronic check,Yes,No
7673-LPRNY,One year,DSL,No,Electronic check,Yes,No
8229-TNIQA,Month-to-month,DSL,No,Mailed check,Yes,Yes
6060-QBMGV,Two year,No,No internet service,Credit card (automatic),No,No
7339-POGZN,Month-to-month,DSL,No,Electronic check,No,No
2828-SLQPF,Month-to-month,DSL,No,Bank transfer (automatic),Yes,No
4465-VDKIQ,Month-to-month,Fiber optic,No,Electronic check,No,No
2921-XWDJH,Month-to-month,Fiber optic,No,Electronic check,Yes,No
6221-AVQYL,Month-to-month,Fiber optic,No,Credit card (automatic),Yes,Yes
2558-BUOZZ,One year,Fiber optic,No,Bank transfer (automatic),No,No
9257-AZMTZ,Two year,No,No internet service,Bank transfer (automatic),No,No
0003-MKNFE,Month-to-month,DSL,No,Mailed check,No,No
0975-UYDTX,One year,DSL,Yes,Credit card (automatic),Yes,No
7743-EXURX,Month-to-month,DSL,No,Electronic check,Yes,Yes
4682-BLBUC,One year,DSL,Yes,Electronic check,Yes,No
0975-VOOVL,Month-to-month,DSL,No,Mailed check,No,No
5968-VXZLG,Month-to-month,DSL,No,Bank transfer (automatic),Yes,No
5569-KGJHX,Month-to-month,Fiber optic,No,Bank transfer (automatic),Yes,Yes
4988-IQIGL,Month-to-month,Fiber optic,No,Electronic check,Yes,Yes
5201-FRKKS,Month-to-month,Fiber optic,No,Bank transfer (automatic),No,No
9799-CAYJJ,Month-to-month,Fiber optic,No,Electronic check,Yes,No
7730-IUTDZ,Month-to-month,Fiber optic,No,Electronic check,Yes,Yes
0426-TIRNE,Month-to-month,No,No internet service,Mailed check,No,Yes
5443-SCMKX,One year,Fiber optic,No,Electronic check,Yes,No
8295-KMENE,Two year,DSL,Yes,Mailed check,Yes,No
6738-ISCBM,One year,DSL,No,Electronic check,Yes,No
9821-BESNZ,One year,Fiber optic,Yes,Electronic check,Yes,No
3678-MNGZX,Two year,No,No internet service,Bank transfer (automatic),No,No
1335-NTIUC,Month-to-month,DSL,No,Electronic check,Yes,No
2916-BQZLN,Month-to-month,Fiber optic,No,Electronic check,Yes,No
4558-CGYCZ,Month-to-month,No,No internet service,Mailed check,No,No
2368-GAKKQ,Two year,Fiber optic,Yes,Bank transfer (automatic),Yes,No
8710-YGLWG,Month-to-month,DSL,No,Mailed check,Yes,No
3199-XGZCY,Month-to-month,Fiber optic,No,Electronic check,Yes,No
3785-KTYSH,Two year,No,No internet service,Mailed check,No,No
6814-ZPWFQ,One year,No,No internet service,Bank transfer (automatic),No,No
4063-EIKNQ,Month-to-month,No,No internet service,Bank transfer (automatic),No,No
6993-YCOBK,Two year,Fiber optic,Yes,Electronic check,Yes,No
5206-HPJKM,Month-to-month,DSL,No,Credit card (automatic),Yes,No
7587-RZNME,Month-to-month,DSL,No,Electronic check,Yes,Yes
0748-RDGGM,One year,Fiber optic,Yes,Bank transfer (automatic),Yes,Yes
8393-JMVMB,Month-to-month,No,No internet service,Mailed check,No,No
5019-GQVCR,Month-to-month,Fiber optic,No,Electronic check,Yes,No
6036-TTFYU,Month-to-month,No,No internet service,Mailed check,No,No
2550-AEVRU,One year,DSL,No,Electronic check,No,No
0969-RGKCU,One year,No,No internet service,Credit card (automatic),No,No
0378-CJKPV,Two year,Fiber optic,Yes,Credit card (automatic),No,No
4706-AXVKM,Month-to-month,Fiber optic,No,Credit card (automatic),Yes,Yes
5889-JTMUL,Month-to-month,Fiber optic,No,Electronic check,Yes,Yes
9026-RNUJS,Month-to-month,DSL,No,Electronic check,No,Yes
3746-EUBYR,Month-to-month,Fiber optic,No,Bank transfer (automatic),Yes,Yes
2332-EFBJY,Month-to-month,No,No internet service,Mailed check,Yes,Yes
2880-FPNAE,Month-to-month,Fiber optic,No,Electronic check,Yes,No
1703-MGIAB,Month-to-month,DSL,Yes,Mailed check,Yes,No
4311-QTTAI,One year,No,No internet service,Credit card (automatic),No,No
9474-PHLYD,Month-to-month,DSL,No,Electronic check,Yes,Yes
4318-RAJVY,One year,No,No internet service,Mailed check,Yes,No
2165-VOEGB,One year,Fiber optic,Yes,Bank transfer (automatic),Yes,Yes
3612-YUNGG,Two year,Fiber optic,Yes,Credit card (automatic),Yes,No
2254-DLXRI,Month-to-month,Fiber optic,No,Mailed check,Yes,No
5062-CJJKH,One year,DSL,No,Mailed check,No,No
9028-LIHRP,Two year,Fiber optic,Yes,Credit card (automatic),No,No
2219-MVUSO,Month-to-month,DSL,No,Mailed check,Yes,Yes
1053-MXTTK,Two year,Fiber optic,Yes,Bank transfer (automatic),Yes,No
1530-ZTDOZ,Month-to-month,DSL,No,Bank transfer (automatic),No,No
1301-LOPVR,One year,DSL,Yes,Credit card (automatic),Yes,No
0853-TWRVK,Two year,Fiber optic,Yes,Bank transfer (automatic),No,No
8914-RBTSB,Month-to-month,Fiber optic,No,Electronic check,No,Yes
6212-ATMLK,Month-to-month,Fiber optic,No,Electronic check,Yes,No
8200-LGKSR,Two year,DSL,Yes,Electronic check,No,No
1568-BEKZM,Two year,DSL,Yes,Credit card (automatic),No,No
0670-ANMUU,One year,Fiber optic,Yes,Credit card (automatic),No,No
6897-RWMUB,Two year,DSL,Yes,Bank transfer (automatic),Yes,No
0963-ZBDRN,Month-to-month,Fiber optic,Yes,Electronic check,Yes,Yes
7594-RQHXR,Month-to-month,Fiber optic,No,Electronic check,Yes,Yes
6999-CHVCF,Two year,Fiber optic,No,Bank transfer (automatic),Yes,No
6134-KWTBV,Two year,No,No internet service,Bank transfer (automatic),No,No
1077-HUUJM,Month-to-month,Fiber optic,No,Electronic check,Yes,No
6331-EWIEB,Month-to-month,Fiber optic,No,Electronic check,Yes,Yes
0895-LNKRC,One year,No,No internet service,Mailed check,No,No
2045-BMBTJ,Month-to-month,DSL,No,Bank transfer (automatic),Yes,No
8417-GSODA,One year,Fiber optic,No,Bank transfer (automatic),No,No
5171-EPLKN,Two year,No,No internet service,Credit card (automatic),No,No
4452-QIIEB,Month-to-month,DSL,No,Mailed check,No,No
5998-VVEJY,Month-to-month,Fiber optic,Yes,Electronic check,Yes,Yes
1624-NALOJ,Month-to-month,Fiber optic,No,Electronic check,Yes,Yes
6741-EGCBI,Month-to-month,Fiber optic,No,Credit card (automatic),Yes,No
7820-ZYGNY,One year,Fiber optic,No,Credit card (automatic),No,No
4317-VTEOA,Month-to-month,DSL,No,Electronic check,Yes,Yes
9677-AVKED,One year,DSL,Yes,Electronic check,Yes,No
1670-SVOWZ,Month-to-month,Fiber optic,Yes,Credit card (automatic),Yes,Yes
2227-JRSJX,Month-to-month,Fiber optic,Yes,Bank transfer (automatic),Yes,No
9847-HNVGP,One year,No,No internet service,Mailed check,No,No
6696-YDAYZ,Two year,No,No internet service,Mailed check,No,No
8980-WQFWL,Month-to-month,DSL,No,Electronic check,Yes,No
1730-ZMAME,Month-to-month,Fiber optic,No,Electronic check,Yes,No
6506-EYCNH,Month-to-month,No,No internet service,Bank transfer (automatic),Yes,No
4634-JLRJT,Month-to-month,No,No internet service,Mailed check,Yes,No
9501-UKKNL,Month-to-month,DSL,Yes,Electronic check,Yes,No
2560-QTSBS,One year,No,No internet service,Bank transfer (automatic),Yes,No
7541-YLXCL,One year,DSL,Yes,Mailed check,Yes,Yes
4795-WRNVT,Month-to-month,DSL,No,Mailed check,No,No
6080-TCMYC,Month-to-month,Fiber optic,No,Electronic check,Yes,No
0260-ZDLGK,Month-to-month,DSL,Yes,Mailed check,Yes,Yes
7860-UXCRM,Two year,DSL,Yes,Credit card (automatic),No,No
6357-JJPQT,Month-to-month,Fiber optic,No,Electronic check,Yes,No
2292-XQWSV,One year,DSL,Yes,Mailed check,No,No
9552-TGUZV,Month-to-month,Fiber optic,No,Mailed check,Yes,No
5913-INRQV,One year,Fiber optic,Yes,Mailed check,No,No
8722-NGNBH,Month-to-month,DSL,Yes,Mailed check,No,Yes
6210-KBBPI,Month-to-month,Fiber optic,No,Credit card (automatic),Yes,Yes
9643-YBLUR,Month-to-month,DSL,No,Credit card (automatic),Yes,No
8734-FNWVH,Month-to-month,DSL,No,Bank transfer (automatic),No,No
9447-YPTBX,One year,No,No internet service,Bank transfer (automatic),Yes,No
0133-BMFZO,Month-to-month,Fiber optic,Yes,Electronic check,Yes,Yes
6128-CZOMY,Month-to-month,DSL,No,Electronic check,Yes,Yes
9540-JYROE,Month-to-month,Fiber optic,No,Mailed check,Yes,Yes
9026-LHEVG,Month-to-month,DSL,No,Electronic check,No,No
2260-USTRB,Month-to-month,Fiber optic,No,Bank transfer (automatic),Yes,Yes
3656-TKRVZ,Month-to-month,DSL,No,Electronic check,No,Yes
7011-CVEUC,Month-to-month,Fiber optic,Yes,Credit card (automatic),Yes,No
6185-TASNN,Month-to-month,DSL,No,Electronic check,No,No
7925-PNRGI,Month-to-month,DSL,Yes,Mailed check,No,No
8623-TMRBY,Month-to-month,Fiber optic,No,Electronic check,Yes,Yes
1552-CZCLL,Month-to-month,No,No internet service,Credit card (automatic),No,No
3038-PQIUY,Month-to-month,DSL,No,Bank transfer (automatic),Yes,No
1501-SGHBW,Month-to-month,DSL,No,Mailed check,No,Yes
9313-CDOGY,Month-to-month,No,No internet service,Electronic check,No,No
8148-BPLZQ,Month-to-month,DSL,No,Electronic check,Yes,No
2623-DRYAM,One year,Fiber optic,No,Electronic check,Yes,No
9987-LUTYD,One year,DSL,Yes,Mailed check,No,No
3208-YPIOE,Month-to-month,Fiber optic,No,Electronic check,No,Yes
4488-KQFDT,One year,Fiber optic,No,Electronic check,Yes,No
2612-RANWT,Month-to-month,Fiber optic,No,Bank transfer (automatic),Yes,Yes
5693-PIPCS,Two year,Fiber optic,Yes,Credit card (automatic),Yes,No
0491-KAPQG,Month-to-month,Fiber optic,No,Electronic check,Yes,No
1925-LFCZZ,One year,DSL,No,Bank transfer (automatic),Yes,No
8039-EQPIM,Two year,DSL,Yes,Bank transfer (automatic),No,No
6900-PXRMS,Month-to-month,Fiber optic,No,Electronic check,No,Yes
8707-RMEZH,One year,Fiber optic,No,Credit card (automatic),No,No
3346-BRMIS,Month-to-month,DSL,No,Electronic check,Yes,Yes
3209-ZPKFI,Month-to-month,DSL,No,Electronic check,No,No
6479-VDGRK,Two year,DSL,Yes,Bank transfer (automatic),No,No
9373-WSLOY,Month-to-month,DSL,Yes,Electronic check,Yes,No
2933-FILNV,Month-to-month,DSL,No,Mailed check,Yes,Yes
3569-JFODW,Two year,DSL,Yes,Credit card (automatic),No,No
9819-FBNSV,Month-to-month,Fiber optic,No,Bank transfer (automatic),Yes,No
9544-PYPSJ,Month-to-month,Fiber optic,No,Credit card (automatic),Yes,No
1591-XWLGB,Two year,No,No internet service,Credit card (automatic),No,No
0396-UKGAI,Month-to-month,DSL,Yes,Bank transfer (automatic),Yes,No
3243-ZHOHY,One year,No,No internet service,Mailed check,No,No
5186-EJEGL,Month-to-month,DSL,Yes,Mailed check,Yes,No
7527-QNRUS,Two year,No,No internet service,Mailed check,Yes,No
9986-BONCE,Month-to-month,No,No internet service,Bank transfer (automatic),No,Yes
2722-JMONI,Month-to-month,DSL,No,Electronic check,Yes,Yes
2203-GHNWN,Month-to-month,Fiber optic,No,Mailed check,Yes,No
3878-AVSOQ,Month-to-month,Fiber optic,No,Electronic check,Yes,No
3258-SYSWS,Two year,Fiber optic,Yes,Bank transfer (automatic),No,No
5296-PSYVW,Two year,No,No internet service,Electronic check,No,No
6319-QSUSR,Month-to-month,No,No internet service,Credit card (automatic),No,No
4083-EUGRJ,Month-to-month,No,No internet service,Mailed check,No,Yes
7579-OOPEC,Month-to-month,DSL,No,Credit card (automatic),No,Yes
0512-FLFDW,One year,Fiber optic,No,Credit card (automatic),Yes,No
1771-OADNZ,Month-to-month,Fiber optic,No,Electronic check,Yes,Yes
0487-CRLZF,Two year,DSL,Yes,Bank transfer (automatic),Yes,No
2107-FBPTK,Month-to-month,Fiber optic,No,Electronic check,Yes,No
9451-WLYRI,One year,No,No internet service,Credit card (automatic),No,No
8219-VYBVI,Two year,No,No internet service,Mailed check,No,No
1991-VOPLL,Month-to-month,No,No internet service,Mailed check,No,No
9738-QLWTP,One year,Fiber optic,Yes,Electronic check,No,No
1016-DJTSV,Month-to-month,Fiber optic,No,Electronic check,Yes,No
9419-IPPBE,One year,Fiber optic,No,Electronic check,Yes,No
0174-QRVVY,Two year,No,No internet service,Credit card (automatic),No,No
5699-BNCAS,Two year,No,No internet service,Mailed check,Yes,No
2900-PHPLN,Two year,No,No internet service,Credit card (automatic),Yes,No
0612-RTZZA,Month-to-month,DSL,No,Electronic check,No,Yes
8106-GWQOK,Two year,DSL,Yes,Bank transfer (automatic),Yes,No
8751-EDEKA,Month-to-month,Fiber optic,No,Credit card (automatic),No,No
6878-GGDWG,Month-to-month,No,No internet service,Bank transfer (automatic),No,No
4039-PIMHX,Two year,DSL,No,Mailed check,No,No
8450-LUGUK,Two year,No,No internet service,Bank transfer (automatic),Yes,No
3604-WLABM,Month-to-month,DSL,Yes,Electronic check,No,No
0795-GMVQO,One year,Fiber optic,No,Credit card (automatic),No,No
2259-OUUSZ,One year,DSL,Yes,Credit card (automatic),Yes,No
1142-IHLOO,One year,Fiber optic,No,Credit card (automatic),No,No
6410-LEFEN,Month-to-month,DSL,No,Electronic check,No,Yes
4633-MKHYU,Month-to-month,Fiber optic,No,Mailed check,Yes,No
6257-RJOHI,Month-to-month,DSL,Yes,Mailed check,Yes,No
1545-JFUML,Two year,Fiber optic,No,Electronic check,Yes,No
3194-ORPIK,Month-to-month,Fiber optic,No,Bank transfer (automatic),Yes,Yes
7826-VVKWT,Two year,Fiber optic,No,Electronic check,Yes,No
1353-GHZOS,One year,DSL,No,Bank transfer (automatic),Yes,No
2587-EKXTS,Month-to-month,Fiber optic,No,Electronic check,Yes,No
5442-BXVND,Month-to-month,No,No internet service,Bank transfer (automatic),No,No
8816-VXNZD,Month-to-month,Fiber optic,No,Electronic check,Yes,Yes
9378-FXTIZ,One year,DSL,No,Credit card (automatic),Yes,Yes
1723-HKXJQ,Month-to-month,Fiber optic,No,Electronic check,Yes,Yes
7825-GKXMW,Month-to-month,DSL,No,Electronic check,No,Yes
9753-OYLBX,Month-to-month,No,No internet service,Mailed check,No,No
2364-UFROM,One year,DSL,Yes,Electronic check,No,No
6656-JWRQX,Month-to-month,DSL,Yes,Mailed check,No,No
6473-ULUHT,Month-to-month,DSL,Yes,Electronic check,No,No
1240-KNSEZ,Month-to-month,No,No internet service,Mailed check,Yes,Yes
0836-SEYLU,Month-to-month,DSL,Yes,Mailed check,No,Yes
4433-JCGCG,Month-to-month,Fiber optic,No,Electronic check,Yes,Yes
3716-BDVDB,Month-to-month,Fiber optic,No,Electronic check,Yes,Yes
7688-AWMDX,Two year,DSL,Yes,Bank transfer (automatic),No,No
2842-BCQGE,Month-to-month,Fiber optic,No,Credit card (automatic),Yes,No
7244-QWYHG,One year,DSL,Yes,Bank transfer (automatic),Yes,No
5899-MQZZL,Month-to-month,Fiber optic,No,Mailed check,Yes,Yes
6849-OYAMU,One year,Fiber optic,Yes,Bank transfer (automatic),No,Yes
5312-UXESG,Month-to-month,Fiber optic,No,Bank transfer (automatic),No,No
9488-HGMJH,Month-to-month,Fiber optic,No,Electronic check,Yes,Yes
6038-GCYEC,Month-to-month,DSL,No,Credit card (automatic),Yes,Yes
2150-WLKUW,One year,DSL,No,Bank transfer (automatic),No,No
7159-FVYPK,Month-to-month,DSL,No,Bank transfer (automatic),Yes,No
7032-LMBHI,One year,DSL,No,Bank transfer (automatic),No,No
1150-WFARN,Two year,Fiber optic,Yes,Credit card (automatic),Yes,Yes
6088-BXMRG,Month-to-month,Fiber optic,No,Electronic check,Yes,No
3144-AUDBS,Month-to-month,DSL,Yes,Electronic check,Yes,Yes
4821-SJHJV,Month-to-month,Fiber optic,No,Electronic check,No,No
7346-MEDWM,Month-to-month,Fiber optic,No,Electronic check,Yes,No
1137-DGOWI,One year,DSL,Yes,Bank transfer (automatic),No,No
5616-PRTNT,Month-to-month,No,No internet service,Electronic check,Yes,Yes
3812-LRZIR,Two year,No,No internet service,Electronic check,No,No
4818-QIUFN,Month-to-month,Fiber optic,No,Electronic check,Yes,Yes
9483-GCPWE,One year,No,No internet service,Mailed check,No,No
4227-OJHAL,One year,DSL,No,Credit card (automatic),Yes,No
9220-CXRSC,Two year,DSL,Yes,Credit card (automatic),No,No
4993-JCRGJ,Month-to-month,Fiber optic,Yes,Mailed check,Yes,No
9537-JALFH,Two year,No,No internet service,Bank transfer (automatic),No,No
6698-OXETB,Two year,No,No internet service,Mailed check,No,No
2103-ZRXFN,Month-to-month,DSL,No,Mailed check,No,No
3724-BSCVH,One year,No,No internet service,Mailed check,No,No
4877-TSOFF,One year,DSL,Yes,Bank transfer (automatic),Yes,No
9209-NWPGU,One year,DSL,Yes,Electronic check,No,No
6961-VCPMC,Month-to-month,Fiber optic,No,Electronic check,Yes,Yes
7306-YDSOI,Two year,DSL,No,Bank transfer (automatic),Yes,No
5288-AHOUP,Month-to-month,Fiber optic,No,Electronic check,Yes,No
6688-UZPWD,Month-to-month,Fiber optic,No,Electronic check,Yes,Yes
0655-YDGFJ,Month-to-month,DSL,No,Bank transfer (automatic),No,No
8468-EHYJA,Month-to-month,Fiber optic,No,Electronic check,Yes,No
6823-SIDFQ,One year,No,No internet service,Credit card (automatic),No,No
1097-FSPVW,Month-to-month,DSL,No,Credit card (automatic),No,No
2839-RFSQE,Month-to-month,No,No internet service,Mailed check,No,Yes
8328-SKJNO,One year,DSL,Yes,Bank transfer (automatic),No,No
7010-ZMVBF,Month-to-month,No,No internet service,Mailed check,No,No
5201-CBWYG,One year,No,No internet service,Bank transfer (automatic),No,No
0968-GSIKN,Month-to-month,Fiber optic,No,Mailed check,Yes,Yes
1965-DDBWU,Month-to-month,Fiber optic,Yes,Credit card (automatic),Yes,Yes
9057-SIHCH,Month-to-month,Fiber optic,No,Electronic check,Yes,Yes
6352-GIGGQ,One year,DSL,Yes,Bank transfer (automatic),Yes,No
3635-QQRQD,Two year,No,No internet service,Credit card (automatic),Yes,No
6771-XWBDM,Month-to-month,Fiber optic,No,Credit card (automatic),Yes,Yes
2897-DOVND,Month-to-month,Fiber optic,No,Electronic check,Yes,No
3082-YVEKW,Two year,DSL,Yes,Bank transfer (automatic),Yes,No
0191-EQUUH,Two year,DSL,Yes,Bank transfer (automatic),No,No
7134-HBPBS,Two year,Fiber optic,Yes,Bank transfer (automatic),Yes,No
3489-HHPFY,Month-to-month,Fiber optic,No,Electronic check,Yes,No
2926-JEJJC,One year,No,No internet service,Bank transfer (automatic),Yes,No
8601-QACRS,Month-to-month,DSL,No,Mailed check,Yes,Yes
4950-BDEUX,Month-to-month,DSL,No,Electronic check,No,No
5789-LDFXO,One year,No,No internet service,Electronic check,No,No
0508-OOLTO,Month-to-month,Fiber optic,No,Electronic check,Yes,No
2984-TBYKU,Two year,Fiber optic,Yes,Credit card (automatic),Yes,No
9822-WMWVG,Month-to-month,Fiber optic,Yes,Electronic check,Yes,No
2391-SOORI,Month-to-month,DSL,No,Electronic check,No,Yes
9040-KZVWO,One year,Fiber optic,No,Bank transfer (automatic),No,No
2645-QTLMB,Month-to-month,Fiber optic,No,Electronic check,Yes,Yes
4806-HIPDW,Month-to-month,Fiber optic,No,Electronic check,Yes,Yes
1548-ARAGG,Month-to-month,DSL,Yes,Mailed check,Yes,No
6339-RZCBJ,Two year,DSL,Yes,Credit card (automatic),No,No
4424-TKOPW,Month-to-month,Fiber optic,No,Electronic check,Yes,Yes
4415-WNGVR,One year,DSL,Yes,Electronic check,Yes,No
2522-AHJXR,Month-to-month,Fiber optic,Yes,Bank transfer (automatic),Yes,No
0412-UCCNP,Two year,DSL,Yes,Electronic check,Yes,No
1816-FLZDK,Month-to-month,DSL,Yes,Mailed check,No,No
7096-UCLNH,Month-to-month,No,No internet service,Mailed check,No,No
8443-ZRDBZ,Month-to-month,Fiber optic,No,Electronic check,Yes,Yes
9136-ALYBR,Month-to-month,DSL,No,Mailed check,Yes,Yes
4615-PIVVU,Two year,DSL,Yes,Credit card (automatic),No,No
8885-QSQBX,Month-to-month,DSL,No,Bank transfer (automatic),No,No
7479-NITWS,Month-to-month,Fiber optic,No,Credit card (automatic),Yes,Yes
8617-ENBDS,Month-to-month,Fiber optic,No,Credit card (automatic),Yes,No
9385-NXKDA,Two year,DSL,No,Credit card (automatic),Yes,No
0430-IHCDJ,Month-to-month,DSL,No,Electronic check,Yes,No
2959-MJHIC,Month-to-month,Fiber optic,No,Electronic check,Yes,Yes
6674-KVJHG,One year,No,No internet service,Electronic check,No,No
1814-DKOLC,Month-to-month,No,No internet service,Mailed check,No,No
4201-JMNGR,Month-to-month,DSL,No,Electronic check,Yes,Yes
9351-HXDMR,Two year,Fiber optic,Yes,Credit card (automatic),Yes,No
3537-HPKQT,Month-to-month,Fiber optic,No,Credit card (automatic),Yes,No
2129-ALKBS,Month-to-month,No,No internet service,Electronic check,Yes,No
5821-MMEIL,Two year,No,No internet service,Bank transfer (automatic),No,No
5960-WPXQM,Month-to-month,Fiber optic,No,Electronic check,Yes,Yes
0684-AOSIH,Month-to-month,Fiber optic,No,Electronic check,Yes,Yes
8260-NGFNY,Month-to-month,DSL,No,Mailed check,No,Yes
1309-XGFSN,One year,DSL,No,Electronic check,Yes,No
1866-RZZQS,Month-to-month,Fiber optic,No,Electronic check,Yes,Yes
6968-URWQU,One year,DSL,No,Mailed check,Yes,No
4742-TXUEX,Two year,No,No internet service,Bank transfer (automatic),No,No
9631-XEYKE,Month-to-month,DSL,No,Bank transfer (automatic),No,No
8631-NBHFZ,Two year,DSL,Yes,Credit card (automatic),No,Yes
1335-MXCSE,Two year,DSL,Yes,Credit card (automatic),Yes,No
8873-TMKGR,One year,No,No internet service,Mailed check,No,No
8800-JOOCF,Month-to-month,Fiber optic,No,Electronic check,Yes,No
1469-LBJQJ,Month-to-month,Fiber optic,No,Electronic check,Yes,No
4958-XCBDQ,Month-to-month,Fiber optic,No,Electronic check,Yes,Yes
8337-UPOAQ,Month-to-month,Fiber optic,No,Electronic check,Yes,Yes
0064-YIJGF,Month-to-month,Fiber optic,No,Bank transfer (automatic),Yes,No
2386-OWURY,Month-to-month,Fiber optic,Yes,Electronic check,Yes,No
1725-IQNIY,Two year,Fiber optic,Yes,Bank transfer (automatic),No,Yes
0310-VQXAM,Month-to-month,No,No internet service,Mailed check,No,No
6598-RFFVI,One year,No,No internet service,Credit card (automatic),No,Yes
3453-RTHJQ,Month-to-month,Fiber optic,No,Electronic check,Yes,No
6712-OAWRH,Month-to-month,Fiber optic,No,Electronic check,Yes,Yes
6278-FEPBZ,Month-to-month,No,No internet service,Mailed check,No,No
4280-DLSHD,Month-to-month,DSL,No,Mailed check,Yes,No
1508-DFXCU,Month-to-month,Fiber optic,No,Electronic check,Yes,No
8614-VGMMV,Month-to-month,DSL,No,Electronic check,Yes,Yes
7868-BGSZA,One year,DSL,No,Electronic check,Yes,No
2800-QQUSO,Month-to-month,Fiber optic,Yes,Electronic check,Yes,No
2930-UOTMB,Month-to-month,DSL,Yes,Credit card (automatic),No,Yes
7973-DZRKH,Two year,Fiber optic,Yes,Credit card (automatic),Yes,No
5914-DVBWJ,Month-to-month,Fiber optic,Yes,Electronic check,Yes,Yes
7698-YFGEZ,Month-to-month,No,No internet service,Mailed check,No,No
2533-QVMSK,Two year,Fiber optic,Yes,Electronic check,Yes,Yes
9773-PEQBZ,Month-to-month,Fiber optic,No,Electronic check,No,No
8644-XLFBW,Month-to-month,Fiber optic,No,Electronic check,Yes,Yes
0650-BWOZN,Month-to-month,Fiber optic,No,Electronic check,Yes,No
8625-AZYZY,Month-to-month,Fiber optic,No,Electronic check,Yes,Yes
7785-RDVIG,Month-to-month,No,No internet service,Mailed check,No,No
9602-WCXPI,One year,No,No internet service,Credit card (automatic),No,No
2903-YYTBW,Month-to-month,DSL,No,Electronic check,No,No
3620-MWJNE,Month-to-month,DSL,Yes,Mailed check,Yes,No
8573-JGCZW,One year,No,No internet service,Bank transfer (automatic),Yes,No
6837-HAEVO,Two year,Fiber optic,No,Electronic check,Yes,No
6701-YVNQG,Two year,DSL,Yes,Credit card (automatic),Yes,No
9306-CPCBC,Month-to-month,Fiber optic,No,Electronic check,Yes,Yes
4304-XUMGI,Two year,DSL,No,Bank transfer (automatic),Yes,No
9504-YAZWB,Two year,No,No internet service,Mailed check,No,No
8819-ZBYNA,Two year,Fiber optic,Yes,Credit card (automatic),Yes,No
6174-NRBTZ,One year,DSL,No,Bank transfer (automatic),Yes,No
9481-IEBZY,Month-to-month,Fiber optic,Yes,Credit card (automatic),Yes,No
1833-VGRUM,Month-to-month,Fiber optic,No,Electronic check,Yes,Yes
6137-NICCO,Month-to-month,Fiber optic,No,Mailed check,Yes,No
9065-ZCPQX,Two year,DSL,Yes,Bank transfer (automatic),No,No
6402-EJMWF,Month-to-month,DSL,No,Mailed check,Yes,No
3620-EHIMZ,Two year,No,No internet service,Mailed check,No,No
3213-VVOLG,Two year,No,No internet service,Mailed check,No,No
6870-ECSHE,One year,No,No internet service,Mailed check,No,No
8747-UDCOI,Two year,No,No internet service,Bank transfer (automatic),No,No
8374-XGEJJ,Month-to-month,Fiber optic,No,Electronic check,Yes,Yes
2656-TABEH,Month-to-month,Fiber optic,No,Electronic check,Yes,Yes
6946-LMSQS,One year,Fiber optic,No,Electronic check,Yes,Yes
4626-OZDTJ,One year,DSL,Yes,Credit card (automatic),Yes,No
9169-BSVIN,Month-to-month,DSL,No,Bank transfer (automatic),No,No
2325-ZUSFD,One year,DSL,No,Bank transfer (automatic),Yes,Yes
8194-PEEBY,One year,No,No internet service,Mailed check,No,No
6872-HXFNF,One year,DSL,Yes,Bank transfer (automatic),No,No
3932-CMDTD,One year,Fiber optic,Yes,Electronic check,Yes,Yes
7714-YXSMB,Month-to-month,Fiber optic,No,Bank transfer (automatic),Yes,No
8387-UGUSU,Month-to-month,No,No internet service,Mailed check,No,No
1080-BWSYE,Two year,No,No internet service,Credit card (automatic),No,No
4039-HEUNW,Month-to-month,Fiber optic,No,Electronic check,Yes,Yes
1194-HVAIF,Month-to-month,Fiber optic,No,Credit card (automatic),No,No
0812-WUPTB,Month-to-month,Fiber optic,No,Mailed check,No,Yes
3594-UVONA,One year,DSL,Yes,Credit card (automatic),Yes,Yes
0004-TLHLJ,Month-to-month,Fiber optic,No,Electronic check,Yes,Yes
1767-TGTKO,Month-to-month,DSL,No,Electronic check,Yes,No
8439-LTUGF,Month-to-month,No,No internet service,Credit card (automatic),Yes,No
8805-JNRAZ,Month-to-month,DSL,No,Mailed check,No,No
5089-IFSDP,Two year,Fiber optic,No,Bank transfer (automatic),Yes,Yes
6418-HNFED,Two year,DSL,Yes,Credit card (automatic),Yes,No
0206-OYVOC,Two year,No,No internet service,Mailed check,Yes,No
7291-CDTMJ,Month-to-month,No,No internet service,Bank transfer (automatic),Yes,No
7128-GGCNO,Month-to-month,Fiber optic,No,Bank transfer (automatic),No,No
0237-YFUTL,Month-to-month,Fiber optic,Yes,Bank transfer (automatic),Yes,No
7691-KGKGP,Month-to-month,DSL,Yes,Credit card (automatic),No,No
6710-HSJRD,Month-to-month,Fiber optic,Yes,Electronic check,Yes,No
3675-EQOZA,Month-to-month,No,No internet service,Bank transfer (automatic),No,No
0840-DCNZE,One year,DSL,Yes,Bank transfer (automatic),Yes,No
1732-FEKLD,One year,Fiber optic,No,Bank transfer (automatic),Yes,No
9862-KJTYK,Month-to-month,DSL,No,Credit card (automatic),Yes,No
0479-HMSWA,Two year,Fiber optic,Yes,Electronic check,Yes,No
5854-KSRBJ,Two year,No,No internet service,Mailed check,No,No
0365-BZUWY,Month-to-month,Fiber optic,No,Electronic check,Yes,No
4817-VYYWS,Month-to-month,Fiber optic,No,Electronic check,Yes,Yes
5701-SVCWR,Month-to-month,No,No internet service,Mailed check,No,No
3129-AAQOU,Two year,No,No internet service,Mailed check,No,No
4922-CVPDX,Two year,DSL,No,Credit card (automatic),Yes,No
1396-QWFBJ,Month-to-month,Fiber optic,No,Bank transfer (automatic),Yes,Yes
1357-BIJKI,One year,Fiber optic,No,Electronic check,Yes,No
1099-BTKWT,One year,DSL,No,Electronic check,Yes,No
5299-SJCZT,Month-to-month,Fiber optic,No,Bank transfer (automatic),Yes,Yes
2018-PZKMU,Month-to-month,Fiber optic,Yes,Electronic check,No,No
7340-KEFQE,Two year,DSL,Yes,Bank transfer (automatic),No,No
4570-QHXHL,Month-to-month,DSL,No,Electronic check,Yes,No
2403-BCASL,One year,Fiber optic,Yes,Electronic check,Yes,Yes
7392-YYPYJ,Month-to-month,Fiber optic,No,Electronic check,Yes,No
2898-LSJGD,One year,DSL,No,Electronic check,Yes,Yes
2223-GDSHL,Two year,Fiber optic,Yes,Bank transfer (automatic),Yes,No
7359-PTSXY,Month-to-month,DSL,No,Electronic check,No,Yes
9470-RTWDV,One year,DSL,Yes,Credit card (automatic),Yes,No
2176-OSJUV,Two year,DSL,Yes,Bank transfer (automatic),No,No
9348-YVOMK,Month-to-month,DSL,No,Credit card (automatic),Yes,No
8104-OSKWT,Month-to-month,Fiber optic,No,Electronic check,Yes,No
4521-YEEHE,Month-to-month,Fiber optic,Yes,Electronic check,Yes,No
4090-KPJIP,Month-to-month,Fiber optic,No,Electronic check,Yes,No
3786-WOVKF,One year,Fiber optic,No,Bank transfer (automatic),Yes,No
4503-BDXBD,Month-to-month,Fiber optic,No,Electronic check,No,Yes
6086-ESGRL,Month-to-month,Fiber optic,No,Credit card (automatic),No,Yes
2592-HODOV,One year,No,No internet service,Credit card (automatic),No,No
3886-CERTZ,One year,Fiber optic,Yes,Electronic check,Yes,Yes
7995-ZHHNZ,One year,DSL,No,Credit card (automatic),No,No
3824-RHKVR,Month-to-month,No,No internet service,Credit card (automatic),No,No
5816-SCGFC,Month-to-month,DSL,No,Mailed check,Yes,No
5989-AXPUC,Two year,Fiber optic,Yes,Mailed check,No,No
4979-HPRFL,Two year,No,No internet service,Bank transfer (automatic),No,No
8590-OHDIW,One year,No,No internet service,Mailed check,No,No
8015-IHCGW,Two year,Fiber optic,Yes,Electronic check,Yes,No
2332-TODQS,One year,No,No internet service,Credit card (automatic),No,No
9278-VZKCD,Month-to-month,Fiber optic,No,Electronic check,Yes,No
8008-OTEZX,One year,No,No internet service,Mailed check,No,No
2773-OVBPK,Two year,Fiber optic,Yes,Bank transfer (automatic),Yes,No
5999-LCXAO,Month-to-month,DSL,No,Mailed check,No,No
5206-XZZQI,Month-to-month,Fiber optic,Yes,Mailed check,Yes,No
4803-LBYPN,Month-to-month,No,No internet service,Mailed check,No,No
5759-RCVCB,Month-to-month,DSL,No,Credit card (automatic),No,Yes
6372-RFVNS,Month-to-month,Fiber optic,No,Electronic check,No,Yes
2139-FQHLM,Month-to-month,Fiber optic,Yes,Mailed check,No,No
8261-GWDBQ,Two year,Fiber optic,Yes,Bank transfer (automatic),Yes,No
1093-YSWCA,Two year,No,No internet service,Credit card (automatic),No,No
8938-UMKPI,Month-to-month,Fiber optic,No,Electronic check,Yes,Yes
0991-BRRFB,Month-to-month,DSL,No,Electronic check,No,Yes
3882-IYOIJ,Two year,Fiber optic,Yes,Credit card (automatic),No,No
8749-TZYEC,Two year,No,No internet service,Credit card (automatic),No,No
1755-FZQEC,One year,No,No internet service,Mailed check,No,No
3115-JPJDD,One year,Fiber optic,No,Credit card (automatic),Yes,No
5600-KTXFM,Month-to-month,Fiber optic,No,Mailed check,No,No
3871-IKPYH,Month-to-month,Fiber optic,No,Electronic check,No,Yes
6319-IEJWJ,Month-to-month,Fiber optic,No,Electronic check,Yes,Yes
9025-AOMKI,Month-to-month,Fiber optic,No,Bank transfer (automatic),Yes,Yes
6339-TBELP,Two year,Fiber optic,Yes,Credit card (automatic),Yes,No
7964-YESJC,Month-to-month,DSL,No,Mailed check,No,No
6173-GOLSU,Month-to-month,Fiber optic,No,Credit card (automatic),Yes,No
5275-SQEIZ,Month-to-month,Fiber optic,No,Mailed check,Yes,Yes
7716-YTYHG,One year,Fiber optic,No,Mailed check,Yes,Yes
9938-ZREHM,One year,DSL,Yes,Mailed check,No,No
7950-XWOVN,Month-to-month,DSL,No,Mailed check,No,No
4390-KYULV,Month-to-month,No,No internet service,Credit card (automatic),Yes,Yes
4647-MUZON,Month-to-month,Fiber optic,No,Credit card (automatic),Yes,No
9702-AIUJO,One year,DSL,No,Bank transfer (automatic),Yes,No
8849-PRIQJ,One year,Fiber optic,Yes,Electronic check,Yes,No
8851-RAGOV,Month-to-month,DSL,Yes,Mailed check,Yes,No
1304-NECVQ,Month-to-month,Fiber optic,No,Electronic check,Yes,Yes
5396-IZEPB,Month-to-month,No,No internet service,Credit card (automatic),No,No
1729-VLAZJ,One year,DSL,Yes,Mailed check,No,No
8285-ABVLB,Two year,No,No internet service,Credit card (automatic),No,No
0701-TJSEF,Month-to-month,DSL,Yes,Bank transfer (automatic),Yes,No
5712-VBOXD,Month-to-month,No,No internet service,Credit card (automatic),Yes,No
6629-LADHQ,Month-to-month,DSL,No,Mailed check,No,No
8945-GRKHX,Month-to-month,Fiber optic,No,Electronic check,No,Yes
1559-DTODC,Month-to-month,DSL,No,Bank transfer (automatic),Yes,No
4797-MIWUM,Month-to-month,No,No internet service,Bank transfer (automatic),Yes,No
6959-UWKHF,Month-to-month,DSL,No,Electronic check,Yes,Yes
8720-RQSBJ,Month-to-month,DSL,No,Electronic check,No,No
4537-CIBHB,One year,No,No internet service,Mailed check,No,No
3815-SLMEF,Month-to-month,DSL,Yes,Mailed check,No,Yes
5154-VEKBL,Month-to-month,DSL,Yes,Mailed check,No,Yes
4324-AHJKS,Month-to-month,DSL,No,Credit card (automatic),No,No
4355-CVPVS,One year,Fiber optic,No,Bank transfer (automatic),No,No
4495-LHSSK,Month-to-month,DSL,No,Mailed check,No,No
5655-JSMZM,Month-to-month,Fiber optic,No,Electronic check,Yes,Yes
5915-ANOEI,Two year,DSL,Yes,Mailed check,No,No
9861-PDSZP,Two year,Fiber optic,Yes,Credit card (automatic),Yes,No
4505-EXZHB,Month-to-month,Fiber optic,No,Electronic check,No,Yes
7225-CBZPL,Month-to-month,Fiber optic,No,Electronic check,Yes,No
6704-UTUKK,Month-to-month,DSL,No,Electronic check,Yes,No
4587-VVTOX,Month-to-month,Fiber optic,No,Electronic check,Yes,Yes
2019-HDCZY,Two year,Fiber optic,No,Electronic check,No,No
4652-NNHNY,Month-to-month,Fiber optic,No,Bank transfer (automatic),Yes,Yes
8788-DOXSU,One year,DSL,No,Bank transfer (automatic),Yes,No
7404-JLKQG,Month-to-month,DSL,No,Electronic check,No,No
7421-ZLUPA,Month-to-month,DSL,No,Mailed check,Yes,No
8972-HJWNV,Month-to-month,Fiber optic,No,Electronic check,Yes,Yes
3274-NSDWE,Two year,No,No internet service,Credit card (automatic),No,No
2632-IVXVF,Two year,Fiber optic,Yes,Credit card (automatic),No,No
3692-JHONH,One year,Fiber optic,No,Electronic check,Yes,No
8915-NNTRC,Two year,Fiber optic,Yes,Credit card (automatic),Yes,No
5914-GXMDA,One year,No,No internet service,Mailed check,No,No
7463-IFMQU,Two year,No,No internet service,Bank transfer (automatic),No,No
2920-RNCEZ,Month-to-month,Fiber optic,No,Credit card (automatic),Yes,No
2541-YGPKE,One year,DSL,Yes,Credit card (automatic),No,No
8515-OCTJS,Two year,No,No internet service,Credit card (automatic),No,Yes
5382-TEMLV,Month-to-month,DSL,No,Bank transfer (automatic),Yes,No
3441-CGZJH,One year,DSL,Yes,Credit card (automatic),Yes,No
9592-ERDKV,One year,DSL,No,Mailed check,No,No
2860-RANUS,Month-to-month,Fiber optic,No,Credit card (automatic),Yes,Yes
5261-QSHQM,Month-to-month,DSL,No,Electronic check,Yes,Yes
4778-IZARL,Two year,Fiber optic,Yes,Credit card (automatic),Yes,No
0432-CAJZV,Month-to-month,Fiber optic,No,Mailed check,No,No
7008-LZVOZ,Two year,No,No internet service,Credit card (automatic),Yes,No
8868-WOZGU,Month-to-month,Fiber optic,No,Electronic check,Yes,Yes
1200-TUZHR,Month-to-month,Fiber optic,No,Electronic check,No,No
9365-CSLBQ,Two year,No,No internet service,Mailed check,No,No
1334-FJSVR,Month-to-month,DSL,No,Electronic check,Yes,Yes
5884-FBCTL,Two year,No,No internet service,Bank transfer (automatic),No,No
7130-CTCUS,Month-to-month,DSL,No,Bank transfer (automatic),Yes,No
6242-FEGFD,Two year,Fiber optic,Yes,Mailed check,No,No
7625-XCQRH,Month-to-month,Fiber optic,No,Electronic check,Yes,Yes
6194-HBGQN,One year,DSL,Yes,Credit card (automatic),Yes,No
7634-WSWDB,Month-to-month,DSL,No,Electronic check,Yes,No
6986-IXNDM,Month-to-month,Fiber optic,No,Electronic check,Yes,No
1731-TVIUK,Month-to-month,Fiber optic,Yes,Electronic check,Yes,Yes
2987-BJXIK,Two year,DSL,No,Mailed check,No,No
9769-TSBZE,Two year,DSL,Yes,Electronic check,No,No
0406-BPDVR,One year,Fiber optic,No,Credit card (automatic),Yes,Yes
0618-XWMSS,Month-to-month,Fiber optic,No,Bank transfer (automatic),Yes,Yes
1395-WSWXR,Two year,No,No internet service,Mailed check,No,No
6023-GSSXW,Two year,DSL,No,Credit card (automatic),Yes,No
6752-APNJL,Month-to-month,DSL,No,Mailed check,No,No
5276-KQWHG,Month-to-month,Fiber optic,No,Electronic check,Yes,Yes
0420-HLGXF,Month-to-month,Fiber optic,No,Electronic check,Yes,No
7446-KQISO,Two year,Fiber optic,Yes,Bank transfer (automatic),Yes,No
9823-EALYC,Two year,DSL,Yes,Bank transfer (automatic),Yes,No
0582-AVCLN,Two year,No,No internet service,Mailed check,No,No
5803-NQJZO,Two year,DSL,Yes,Bank transfer (automatic),Yes,No
2565-JSLRY,Month-to-month,No,No internet service,Mailed check,Yes,Yes
2607-DHDAK,Two year,No,No internet service,Credit card (automatic),Yes,No
1073-XXCZD,Two year,No,No internet service,Bank transfer (automatic),No,No
0743-HRVFF,One year,DSL,Yes,Electronic check,Yes,No
4006-HKYHO,Two year,DSL,Yes,Bank transfer (automatic),Yes,No
3727-JEZTU,Month-to-month,No,No internet service,Mailed check,No,No
8143-ETQTI,Two year,No,No internet service,Mailed check,Yes,No
6689-KXGBO,Month-to-month,DSL,No,Electronic check,No,Yes
9667-TKTVZ,Month-to-month,DSL,Yes,Mailed check,Yes,No
3657-COGMW,Month-to-month,Fiber optic,No,Credit card (automatic),No,No
8570-KLJYJ,One year,DSL,No,Mailed check,No,No
7754-IXRMC,Month-to-month,DSL,No,Mailed check,No,No
9473-CBZOP,One year,DSL,No,Mailed check,No,No
2969-WGHQO,One year,DSL,No,Electronic check,No,No
6615-NGGZJ,Month-to-month,Fiber optic,No,Electronic check,Yes,Yes
4334-HOWRP,Two year,DSL,Yes,Credit card (automatic),Yes,No
4255-DDUOU,Month-to-month,No,No internet service,Mailed check,Yes,Yes
5863-OOKCL,Month-to-month,No,No internet service,Mailed check,No,No
1686-STUHN,One year,No,No internet service,Bank transfer (automatic),No,No
1329-VHWNP,Month-to-month,DSL,No,Bank transfer (automatic),No,No
2984-MIIZL,Month-to-month,Fiber optic,No,Bank transfer (automatic),Yes,Yes
0266-GMEAO,Two year,Fiber optic,Yes,Credit card (automatic),Yes,No
5590-YRFJT,Month-to-month,DSL,No,Electronic check,Yes,Yes
5574-NXZIU,Two year,Fiber optic,Yes,Credit card (automatic),No,No
0019-GFNTW,Two year,DSL,Yes,Bank transfer (automatic),No,No
4256-ZWTZI,Month-to-month,DSL,Yes,Mailed check,Yes,No
8309-PPCED,Two year,Fiber optic,Yes,Bank transfer (automatic),Yes,No
4098-NAUKP,Month-to-month,Fiber optic,No,Electronic check,Yes,No
5196-WPYOW,One year,DSL,Yes,Mailed check,No,No
4608-LCIMN,Month-to-month,DSL,No,Bank transfer (automatic),No,No
1485-YDHMM,Month-to-month,Fiber optic,Yes,Bank transfer (automatic),Yes,No
4054-CUMIA,Month-to-month,No,No internet service,Mailed check,Yes,No
0603-TPMIB,Two year,No,No internet service,Mailed check,No,No
2525-GVKQU,Two year,No,No internet service,Mailed check,No,No
8161-QYMTT,Month-to-month,Fiber optic,No,Electronic check,Yes,No
9581-GVBXT,One year,DSL,No,Mailed check,No,No
5862-BRIXZ,Two year,DSL,Yes,Bank transfer (automatic),Yes,No
5404-GGUKR,Month-to-month,DSL,No,Electronic check,Yes,No
3308-JSGML,Two year,DSL,Yes,Credit card (automatic),Yes,No
2126-GSEGL,Two year,DSL,Yes,Bank transfer (automatic),Yes,No
3677-TNKIO,Month-to-month,Fiber optic,No,Credit card (automatic),Yes,Yes
0440-QEXBZ,Month-to-month,DSL,No,Mailed check,Yes,No
2434-EEVDB,Two year,Fiber optic,No,Credit card (automatic),Yes,No
6762-QVYJO,Two year,DSL,Yes,Mailed check,No,No
6199-IWKGC,One year,Fiber optic,Yes,Electronic check,No,No
2675-DHUTR,Month-to-month,Fiber optic,No,Electronic check,Yes,No
8152-VETUR,Two year,Fiber optic,No,Credit card (automatic),Yes,No
9667-EQRXU,Month-to-month,DSL,No,Electronic check,Yes,Yes
7446-YPODE,Month-to-month,DSL,No,Bank transfer (automatic),No,No
9522-BNTHX,Month-to-month,DSL,No,Electronic check,Yes,No
4676-WLUHT,Two year,DSL,No,Bank transfer (automatic),No,No
3329-WDIOK,Month-to-month,DSL,No,Electronic check,Yes,Yes
7980-MHFLQ,Two year,No,No internet service,Mailed check,No,No
2873-ZLIWT,Month-to-month,Fiber optic,Yes,Electronic check,Yes,Yes
3415-TAILE,Month-to-month,DSL,No,Mailed check,No,Yes
0757-WCUUZ,Two year,DSL,No,Credit card (automatic),No,No
1629-DQQVB,Month-to-month,DSL,No,Bank transfer (automatic),No,No
1915-IOFGU,Month-to-month,Fiber optic,No,Electronic check,No,Yes
3045-XETSH,Month-to-month,Fiber optic,No,Electronic check,Yes,Yes
0374-AACSZ,Month-to-month,DSL,No,Electronic check,No,No
7239-HZZCX,Month-to-month,No,No internet service,Mailed check,No,Yes
4872-VXRIL,One year,DSL,Yes,Bank transfer (automatic),Yes,No
9140-CZQZZ,Two year,DSL,Yes,Bank transfer (automatic),Yes,No
3423-HHXAO,One year,No,No internet service,Mailed check,Yes,No
9938-TKDGL,Two year,Fiber optic,Yes,Electronic check,Yes,No
0531-ZZJWQ,Month-to-month,Fiber optic,No,Electronic check,Yes,No
6537-QLGEX,Month-to-month,DSL,No,Electronic check,Yes,No
2688-BHGOG,Month-to-month,Fiber optic,No,Electronic check,Yes,No
7683-CBDKJ,Month-to-month,DSL,No,Electronic check,Yes,Yes
0946-CLJTI,Month-to-month,Fiber optic,No,Electronic check,Yes,Yes
3160-TYXLT,Month-to-month,DSL,No,Bank transfer (automatic),Yes,No
1325-USMEC,Two year,Fiber optic,No,Credit card (automatic),Yes,No
0916-QOFDP,Month-to-month,Fiber optic,No,Electronic check,Yes,No
0628-CNQRM,One year,DSL,Yes,Bank transfer (automatic),Yes,Yes
5606-AMZBO,Month-to-month,Fiber optic,No,Credit card (automatic),Yes,No
6199-IPCAO,Two year,No,No internet service,Mailed check,No,No
7665-TOALD,Month-to-month,Fiber optic,No,Electronic check,Yes,Yes
0112-QWPNC,One year,DSL,Yes,Electronic check,No,Yes
0324-BRPCJ,Month-to-month,Fiber optic,No,Electronic check,Yes,Yes
2777-PHDEI,Month-to-month,Fiber optic,No,Electronic check,No,Yes
5640-CAXOA,One year,DSL,Yes,Credit card (automatic),Yes,No
2235-EZAIK,Two year,DSL,Yes,Credit card (automatic),No,No
3847-BAERP,Month-to-month,No,No internet service,Mailed check,Yes,No
1196-AMORA,Month-to-month,Fiber optic,No,Electronic check,No,Yes
4282-YMKNA,Month-to-month,Fiber optic,No,Electronic check,Yes,Yes
1453-RZFON,Month-to-month,DSL,No,Mailed check,No,No
8263-OKETD,Month-to-month,DSL,Yes,Credit card (automatic),Yes,No
0670-KDOMA,Month-to-month,No,No internet service,Mailed check,Yes,No
2476-YGEFM,Month-to-month,Fiber optic,No,Credit card (automatic),Yes,No
8687-BAFGU,Month-to-month,Fiber optic,Yes,Electronic check,No,No
0641-EVBOJ,Month-to-month,Fiber optic,Yes,Mailed check,Yes,No
0829-XXPLX,Month-to-month,Fiber optic,No,Bank transfer (automatic),Yes,No
9974-JFBHQ,Month-to-month,Fiber optic,Yes,Credit card (automatic),Yes,No
5356-RHIPP,Month-to-month,No,No internet service,Mailed check,Yes,Yes
6624-JDRDS,Month-to-month,DSL,No,Bank transfer (automatic),No,No
0608-JDVEC,Two year,No,No internet service,Electronic check,No,No
9780-FKVVF,Month-to-month,DSL,No,Bank transfer (automatic),Yes,No
1919-RTPQD,Month-to-month,DSL,No,Electronic check,No,No
5214-NLTIT,Two year,Fiber optic,No,Credit card (automatic),Yes,No
3345-PBBFH,Month-to-month,DSL,No,Bank transfer (automatic),Yes,No
5055-BRMNE,Two year,Fiber optic,Yes,Credit card (automatic),No,No
9189-JWSHV,Month-to-month,Fiber optic,No,Electronic check,Yes,Yes
2190-PHBHR,Two year,Fiber optic,No,Credit card (automatic),Yes,No
2650-GYRYL,One year,No,No internet service,Bank transfer (automatic),Yes,No
0746-JTRFU,Month-to-month,DSL,No,Electronic check,Yes,Yes
5208-FVQKB,Two year,DSL,Yes,Mailed check,No,No
7184-LRUUR,One year,DSL,No,Bank transfer (automatic),No,No
6627-CFOSN,Month-to-month,Fiber optic,No,Bank transfer (automatic),Yes,No
3982-JGSFD,One year,No,No internet service,Credit card (automatic),Yes,No
1574-DYCWE,Two year,No,No internet service,Mailed check,No,No
7247-XOZPB,One year,DSL,Yes,Bank transfer (automatic),No,No
2466-FCCPT,One year,No,No internet service,Bank transfer (automatic),No,No
6211-WWLTF,Two year,Fiber optic,No,Credit card (automatic),No,No
4826-TZEVA,Month-to-month,Fiber optic,No,Credit card (automatic),No,No
6016-NXBNJ,One year,No,No internet service,Mailed check,Yes,No
9138-EFSMO,One year,Fiber optic,No,Bank transfer (automatic),No,No
0576-WNXXC,Month-to-month,Fiber optic,No,Electronic check,Yes,Yes
4632-XJMEX,One year,DSL,Yes,Credit card (automatic),No,No
8910-LEDAG,Month-to-month,Fiber optic,No,Credit card (automatic),No,No
3452-GWUIN,Month-to-month,Fiber optic,No,Electronic check,Yes,No
2716-GFZOR,Month-to-month,Fiber optic,No,Credit card (automatic),Yes,No
3724-UCSHY,Month-to-month,No,No internet service,Mailed check,No,No
8626-XHBIE,Two year,No,No internet service,Mailed check,Yes,No
4628-CTTLA,Month-to-month,DSL,No,Electronic check,Yes,Yes
3192-LNKRK,Month-to-month,Fiber optic,No,Mailed check,Yes,No
4439-YRNVD,Month-to-month,DSL,Yes,Electronic check,No,No
2876-VBBBL,Month-to-month,No,No internet service,Mailed check,Yes,Yes
6834-NXDCA,Month-to-month,DSL,No,Electronic check,Yes,Yes
2208-UGTGR,Month-to-month,Fiber optic,No,Electronic check,No,No
3005-TYFRD,Month-to-month,Fiber optic,No,Credit card (automatic),Yes,No
8670-MEFCP,Two year,DSL,Yes,Credit card (automatic),Yes,No
3079-BCHLN,One year,No,No internet service,Bank transfer (automatic),No,No
7777-UNYHB,Month-to-month,No,No internet service,Credit card (automatic),Yes,No
5597-GLBUC,Month-to-month,Fiber optic,No,Electronic check,Yes,Yes
7278-CKDNC,Month-to-month,Fiber optic,No,Electronic check,Yes,No
2748-MYRVK,One year,Fiber optic,No,Bank transfer (automatic),No,Yes
8450-UYIBU,Month-to-month,DSL,No,Electronic check,Yes,No
2969-VAPYH,One year,DSL,Yes,Credit card (automatic),No,No
4822-YCXMX,Month-to-month,Fiber optic,No,Electronic check,Yes,Yes
7181-OQCUT,Month-to-month,Fiber optic,No,Mailed check,No,No
8474-UMLNT,Month-to-month,DSL,Yes,Bank transfer (automatic),No,No
9821-POOTN,Month-to-month,Fiber optic,No,Electronic check,Yes,Yes
3836-FZSDJ,Two year,No,No internet service,Bank transfer (automatic),No,No
9142-XMYJH,Month-to-month,No,No internet service,Credit card (automatic),No,No
6559-ILWKJ,Two year,DSL,No,Electronic check,No,Yes
0187-QSXOE,Month-to-month,Fiber optic,No,Electronic check,Yes,No
7733-UDMTP,Month-to-month,DSL,No,Electronic check,Yes,No
2649-HWLYB,Two year,DSL,Yes,Bank transfer (automatic),No,No
5214-CHIWJ,One year,No,No internet service,Mailed check,No,No
4229-CZMLL,Month-to-month,Fiber optic,No,Electronic check,Yes,Yes
6904-JLBGY,Two year,Fiber optic,Yes,Credit card (automatic),Yes,No
2465-BLLEU,Month-to-month,No,No internet service,Mailed check,Yes,No
1685-VAYJF,Month-to-month,DSL,No,Credit card (automatic),No,No
8874-EJNSR,Two year,No,No internet service,Mailed check,No,No
6917-YACBP,Month-to-month,Fiber optic,No,Electronic check,Yes,No
5049-MUBWG,One year,DSL,Yes,Bank transfer (automatic),No,No
4223-WOZCM,Month-to-month,DSL,No,Mailed check,No,No
0769-MURVM,Two year,DSL,Yes,Bank transfer (automatic),No,No
9253-VIFJQ,One year,DSL,No,Credit card (automatic),No,No
7030-FZTFM,Two year,Fiber optic,Yes,Credit card (automatic),No,No
9741-YLNTD,Month-to-month,Fiber optic,Yes,Bank transfer (automatic),Yes,No
5917-RYRMG,One year,No,No internet service,Credit card (automatic),No,No
5120-ZBLAI,One year,DSL,No,Bank transfer (automatic),No,No
1194-BHJYC,Two year,DSL,Yes,Mailed check,Yes,No
3663-MITLP,Month-to-month,Fiber optic,No,Electronic check,Yes,Yes
0906-QVPMS,Two year,Fiber optic,Yes,Bank transfer (automatic),No,No
9025-ZRPVR,Month-to-month,No,No internet service,Mailed check,Yes,Yes
1905-OEILC,Month-to-month,No,No internet service,Mailed check,No,No
7858-GTZSP,Month-to-month,Fiber optic,No,Electronic check,Yes,No
3285-UCQVC,Month-to-month,DSL,Yes,Credit card (automatic),No,Yes
6248-BSHKG,One year,No,No internet service,Mailed check,No,No
4685-TFLLS,One year,No,No internet service,Bank transfer (automatic),No,No
3470-BTGQO,Month-to-month,DSL,No,Mailed check,No,No
1209-VFFOC,Two year,DSL,Yes,Mailed check,Yes,No
8224-DWCKX,Month-to-month,Fiber optic,No,Credit card (automatic),Yes,No
5482-PLVPE,Month-to-month,DSL,No,Electronic check,No,Yes
4553-DVPZG,Month-to-month,Fiber optic,No,Electronic check,Yes,No
4902-OHLSK,Month-to-month,Fiber optic,Yes,Electronic check,No,Yes
6917-IAYHD,Month-to-month,DSL,Yes,Mailed check,No,No
0495-ZBNGW,Month-to-month,Fiber optic,No,Bank transfer (automatic),Yes,Yes
8620-RJPZN,Month-to-month,No,No internet service,Electronic check,No,No
7572-KPVKK,Two year,Fiber optic,Yes,Electronic check,Yes,No
2642-MAWLJ,Two year,No,No internet service,Bank transfer (automatic),No,No
2357-COQEK,Month-to-month,Fiber optic,Yes,Electronic check,Yes,Yes
7103-ZGVNT,One year,DSL,Yes,Credit card (automatic),No,No
3737-GCSPV,Month-to-month,Fiber optic,Yes,Credit card (automatic),Yes,Yes
2027-WKXMW,Month-to-month,Fiber optic,Yes,Electronic check,Yes,No
7137-NAXML,One year,No,No internet service,Bank transfer (automatic),No,No
2428-ZMCTB,Month-to-month,No,No internet service,Credit card (automatic),No,No
2961-VNFKL,Two year,No,No internet service,Credit card (automatic),Yes,No
1768-HNVGJ,Month-to-month,DSL,Yes,Electronic check,Yes,No
6963-KQYQB,Two year,No,No internet service,Mailed check,No,No
5934-RMPOV,Month-to-month,Fiber optic,No,Electronic check,Yes,No
1207-BLKSA,Two year,No,No internet service,Mailed check,No,No
4088-YLDSU,One year,Fiber optic,Yes,Electronic check,Yes,Yes
8316-BBQAY,Two year,DSL,Yes,Credit card (automatic),No,No
1166-PQLGG,Two year,No,No internet service,Bank transfer (automatic),No,No
3146-JTQHR,One year,No,No internet service,Bank transfer (automatic),No,No
4291-YZODP,One year,No,No internet service,Mailed check,No,No
4395-PZMSN,Month-to-month,Fiber optic,No,Electronic check,Yes,No
6427-FEFIG,Two year,DSL,No,Credit card (automatic),No,No
0017-IUDMW,Two year,Fiber optic,Yes,Credit card (automatic),Yes,No
8706-HRADD,Month-to-month,DSL,Yes,Mailed check,Yes,No
9955-QOPOY,One year,DSL,Yes,Credit card (automatic),Yes,No
4385-ZKVNW,Month-to-month,DSL,Yes,Bank transfer (automatic),Yes,No
5446-DKWYW,One year,DSL,No,Electronic check,Yes,No
2034-CGRHZ,Month-to-month,Fiber optic,No,Credit card (automatic),Yes,Yes
5797-APWZC,Month-to-month,Fiber optic,No,Electronic check,No,Yes
3683-QKIUE,Month-to-month,DSL,Yes,Bank transfer (automatic),Yes,Yes
4228-ZGYUW,Month-to-month,Fiber optic,No,Electronic check,Yes,Yes
9031-ZVQPT,Two year,Fiber optic,Yes,Electronic check,Yes,No
2990-IAJSV,Two year,DSL,Yes,Bank transfer (automatic),No,No
8107-KNCIM,Month-to-month,Fiber optic,No,Electronic check,Yes,No
9027-YFHQJ,Month-to-month,No,No internet service,Bank transfer (automatic),Yes,No
5176-LDKUH,One year,Fiber optic,No,Electronic check,No,No
4644-OBGFZ,One year,No,No internet service,Mailed check,No,No
7926-IJOOU,Month-to-month,No,No internet service,Credit card (automatic),No,No
6480-YAGIY,One year,Fiber optic,Yes,Credit card (automatic),No,No
4029-HPFVY,Month-to-month,Fiber optic,No,Mailed check,Yes,No
7602-DBTOU,Two year,No,No internet service,Mailed check,No,No
5345-BMKWB,Month-to-month,No,No internet service,Mailed check,No,No
3519-ZKXGG,Month-to-month,Fiber optic,No,Electronic check,Yes,Yes
5457-COLHT,Two year,DSL,Yes,Bank transfer (automatic),No,No
6416-TVAIH,Month-to-month,Fiber optic,No,Electronic check,Yes,Yes
5451-YHYPW,Two year,Fiber optic,Yes,Credit card (automatic),Yes,No
5108-ADXWO,Month-to-month,Fiber optic,No,Electronic check,Yes,Yes
7998-WNZEM,Two year,DSL,Yes,Bank transfer (automatic),No,No
3066-RRJIO,Month-to-month,Fiber optic,No,Mailed check,Yes,Yes
4664-NJCMS,Two year,DSL,Yes,Bank transfer (automatic),No,No
0307-BCOPK,One year,No,No internet service,Mailed check,No,No
7629-WFGLW,One year,Fiber optic,Yes,Electronic check,No,No
2542-HYGIQ,Month-to-month,No,No internet service,Credit card (automatic),No,No
6715-OFDBP,Month-to-month,DSL,No,Electronic check,Yes,Yes
5016-LIPDW,One year,No,No internet service,Mailed check,No,No
6481-LXPWL,One year,DSL,No,Credit card (automatic),Yes,No
1567-DSCIC,Month-to-month,Fiber optic,No,Electronic check,Yes,Yes
2150-UWTFY,Month-to-month,DSL,No,Mailed check,No,Yes
6124-ACRHJ,Month-to-month,No,No internet service,Mailed check,No,No
9362-MWODR,Month-to-month,DSL,Yes,Credit card (automatic),Yes,No
9975-GPKZU,Two year,No,No internet service,Credit card (automatic),No,No
9625-RZFUK,Two year,No,No internet service,Mailed check,No,No
5153-LXKDT,Two year,Fiber optic,No,Electronic check,Yes,No
5161-UBZXI,Two year,Fiber optic,Yes,Credit card (automatic),Yes,No
1020-JPQOW,Month-to-month,Fiber optic,Yes,Electronic check,No,No
7919-ZODZZ,One year,DSL,No,Mailed check,Yes,No
0565-JUPYD,One year,Fiber optic,Yes,Credit card (automatic),No,No
6867-ACCZI,Two year,DSL,Yes,Mailed check,Yes,No
5939-XAIXZ,Month-to-month,DSL,No,Mailed check,Yes,No
9054-FOWNV,Month-to-month,Fiber optic,No,Electronic check,Yes,No
2683-BPJSO,Month-to-month,Fiber optic,No,Electronic check,Yes,Yes
2157-MXBJS,One year,DSL,No,Mailed check,Yes,Yes
8207-VVMYB,Two year,No,No internet service,Bank transfer (automatic),Yes,No
9732-EQMWY,Month-to-month,Fiber optic,No,Electronic check,No,No
9360-AHGNL,One year,Fiber optic,Yes,Mailed check,Yes,Yes
1087-UDSIH,Month-to-month,No,No internet service,Mailed check,Yes,Yes
5269-NRGDP,One year,DSL,Yes,Electronic check,No,No
6195-MELTI,One year,DSL,Yes,Mailed check,Yes,No
5485-WUYWF,Month-to-month,DSL,No,Bank transfer (automatic),No,Yes
2121-JAFOM,Two year,Fiber optic,Yes,Credit card (automatic),Yes,No
8818-DOPVL,Month-to-month,Fiber optic,No,Electronic check,Yes,No
2632-UCGVD,Month-to-month,Fiber optic,Yes,Credit card (automatic),Yes,Yes
5445-PZWGX,One year,Fiber optic,Yes,Electronic check,No,Yes
1227-UDMZR,Two year,DSL,Yes,Bank transfer (automatic),Yes,No
5198-HQAEN,One year,Fiber optic,Yes,Electronic check,Yes,No
9170-CCKOU,Month-to-month,Fiber optic,No,Credit card (automatic),No,Yes
2167-FQSTQ,Two year,DSL,Yes,Electronic check,Yes,No
2819-GWENI,One year,No,No internet service,Mailed check,No,No
1043-YCUTE,Two year,No,No internet service,Credit card (automatic),Yes,Yes
3814-MLAXC,Month-to-month,Fiber optic,Yes,Credit card (automatic),Yes,Yes
3572-UUHRS,One year,No,No internet service,Bank transfer (automatic),No,No
2692-PFYTJ,Month-to-month,No,No internet service,Mailed check,Yes,No
1226-UDFZR,Month-to-month,DSL,No,Mailed check,Yes,Yes
5955-EPOAZ,Month-to-month,No,No internet service,Mailed check,Yes,No
6821-JPCDC,One year,Fiber optic,No,Electronic check,Yes,No
8815-LMFLX,Month-to-month,No,No internet service,Bank transfer (automatic),Yes,No
9135-HSWOC,Two year,No,No internet service,Bank transfer (automatic),Yes,No
8582-KRHPJ,Month-to-month,DSL,No,Mailed check,Yes,No
5811-IWXYM,One year,Fiber optic,No,Bank transfer (automatic),No,No
7044-YAACC,Month-to-month,Fiber optic,No,Electronic check,Yes,No
8189-XRIKE,Month-to-month,Fiber optic,No,Electronic check,No,No
1506-YJTYT,Two year,DSL,Yes,Credit card (automatic),No,No
4123-DVHPH,Month-to-month,Fiber optic,No,Electronic check,Yes,No
6425-YQLLO,One year,Fiber optic,Yes,Credit card (automatic),Yes,Yes
5442-UTCVD,Month-to-month,Fiber optic,No,Electronic check,No,Yes
2228-BZDEE,Two year,No,No internet service,Mailed check,No,No
7734-DBOAI,Month-to-month,DSL,Yes,Electronic check,No,Yes
2789-CZANW,Two year,Fiber optic,Yes,Bank transfer (automatic),No,No
2091-RFFBA,Month-to-month,Fiber optic,No,Electronic check,Yes,Yes
2114-MGINA,Month-to-month,Fiber optic,No,Mailed check,Yes,Yes
7596-LDUXP,One year,Fiber optic,No,Credit card (automatic),Yes,No
3740-RLMVT,One year,DSL,Yes,Bank transfer (automatic),Yes,No
4489-SNOJF,Month-to-month,DSL,Yes,Electronic check,No,Yes
2192-OZITF,Two year,DSL,Yes,Mailed check,No,No
5651-CPDND,Month-to-month,DSL,No,Mailed check,No,No
2186-QZEYA,Month-to-month,DSL,No,Bank transfer (automatic),Yes,No
1131-ALZWV,One year,No,No internet service,Bank transfer (automatic),No,No
7729-XBTWX,Two year,No,No internet service,Mailed check,Yes,No
9134-WYRVP,One year,Fiber optic,No,Mailed check,No,No
3284-SVCRO,Two year,No,No internet service,Mailed check,No,No
9732-OUYRN,One year,No,No internet service,Credit card (automatic),No,No
0559-CKHUS,Two year,No,No internet service,Mailed check,Yes,No
2931-SVLTV,Month-to-month,Fiber optic,Yes,Credit card (automatic),Yes,No
6899-PPEEA,Month-to-month,Fiber optic,No,Electronic check,Yes,Yes
7504-UWHNB,Month-to-month,Fiber optic,No,Electronic check,No,No
2582-FFFZR,Month-to-month,DSL,No,Electronic check,Yes,No
8908-NMQTX,Two year,DSL,Yes,Bank transfer (automatic),Yes,No
2187-LZGPL,Month-to-month,DSL,No,Credit card (automatic),Yes,Yes
1431-AIDJQ,Two year,DSL,Yes,Credit card (automatic),No,No
6288-LBEAR,Month-to-month,Fiber optic,Yes,Mailed check,Yes,No
4597-NUCQV,Month-to-month,Fiber optic,No,Electronic check,Yes,Yes
9019-QVLZD,Month-to-month,Fiber optic,No,Electronic check,No,Yes
8413-YNHNV,Two year,DSL,Yes,Mailed check,No,No
5808-TOTXO,One year,No,No internet service,Credit card (automatic),Yes,No
4369-NYSCF,One year,DSL,Yes,Bank transfer (automatic),Yes,No
6333-YDVLT,One year,Fiber optic,Yes,Credit card (automatic),Yes,No
5324-KTGCG,One year,No,No internet service,Electronic check,No,No
5599-HVLTW,Month-to-month,Fiber optic,No,Bank transfer (automatic),Yes,No
7394-LWLYN,Month-to-month,Fiber optic,No,Electronic check,Yes,No
3707-LRWZD,One year,Fiber optic,No,Electronic check,No,Yes
6873-UDNLD,Month-to-month,DSL,No,Electronic check,No,No
2700-LUEVA,Month-to-month,No,No internet service,Credit card (automatic),No,No
1455-ESIQH,Month-to-month,Fiber optic,No,Electronic check,Yes,Yes
0958-YHXGP,Month-to-month,Fiber optic,No,Mailed check,Yes,No
1101-SSWAG,Month-to-month,DSL,No,Electronic check,Yes,No
2979-SXESE,Month-to-month,Fiber optic,No,Electronic check,No,Yes
4013-TLDHQ,Month-to-month,Fiber optic,No,Electronic check,Yes,Yes
5743-KHMNA,Two year,No,No internet service,Bank transfer (automatic),No,No
4194-FJARJ,Two year,DSL,Yes,Bank transfer (automatic),No,No
5325-UWTWJ,Month-to-month,Fiber optic,Yes,Credit card (automatic),Yes,No
3969-GYXEL,Month-to-month,Fiber optic,No,Electronic check,No,No
9208-OLGAQ,Month-to-month,Fiber optic,No,Electronic check,Yes,No
3244-CQPHU,Two year,Fiber optic,Yes,Bank transfer (automatic),Yes,No
2674-MLXMN,Month-to-month,Fiber optic,No,Credit card (automatic),Yes,No
9708-HPXWZ,Month-to-month,DSL,Yes,Credit card (automatic),No,No
6992-TKNYO,One year,DSL,Yes,Credit card (automatic),No,No
4468-YDOVK,Month-to-month,DSL,Yes,Bank transfer (automatic),Yes,No
3754-DXMRT,Month-to-month,DSL,No,Electronic check,Yes,Yes
5792-JALQC,Two year,DSL,No,Bank transfer (automatic),No,No
7130-VTEWQ,Month-to-month,Fiber optic,No,Electronic check,Yes,Yes
2200-DSAAL,Two year,DSL,No,Electronic check,Yes,No
4302-ZYFEL,One year,No,No internet service,Credit card (automatic),Yes,No
9351-LZYGF,Month-to-month,DSL,Yes,Credit card (automatic),Yes,No
4366-CTOUZ,Two year,Fiber optic,Yes,Mailed check,Yes,No
6121-VZNQB,Month-to-month,No,No internet service,Mailed check,Yes,Yes
7903-CMPEY,Month-to-month,Fiber optic,No,Electronic check,Yes,Yes
1518-OMDIK,Month-to-month,DSL,No,Credit card (automatic),Yes,No
6671-NGWON,Month-to-month,No,No internet service,Mailed check,No,No
0595-ITUDF,Month-to-month,Fiber optic,No,Electronic check,Yes,No
6996-KNSML,Month-to-month,Fiber optic,No,Electronic check,Yes,Yes
1955-IBMMB,Two year,No,No internet service,Bank transfer (automatic),Yes,No
0096-BXERS,Month-to-month,DSL,No,Electronic check,No,No
3806-YAZOV,Month-to-month,No,No internet service,Mailed check,No,No
7998-ZLXWN,Month-to-month,No,No internet service,Credit card (automatic),No,No
6253-WRFHY,One year,DSL,No,Electronic check,Yes,No
9133-AYJZG,Month-to-month,Fiber optic,No,Credit card (automatic),Yes,No
2675-OTVVJ,Month-to-month,Fiber optic,No,Electronic check,No,No
8680-CGLTP,One year,DSL,Yes,Electronic check,Yes,No
8430-TWCBX,One year,No,No internet service,Credit card (automatic),No,No
5018-GWURO,Month-to-month,Fiber optic,No,Bank transfer (automatic),Yes,No
6741-QRLUP,Two year,DSL,Yes,Credit card (automatic),Yes,No
4737-HOBAX,Two year,DSL,Yes,Credit card (automatic),No,No
0537-QYZZN,Month-to-month,Fiber optic,No,Electronic check,Yes,No
3340-QBBFM,One year,DSL,Yes,Credit card (automatic),No,No
1704-NRWYE,Month-to-month,Fiber optic,No,Electronic check,Yes,Yes
2592-SEIFQ,Month-to-month,DSL,No,Electronic check,No,Yes
8200-KLNYW,One year,DSL,Yes,Mailed check,No,No
3372-CDXFJ,One year,No,No internet service,Bank transfer (automatic),No,No
4781-ZXYGU,Month-to-month,No,No internet service,Bank transfer (automatic),Yes,No
7632-YUTXB,One year,No,No internet service,Mailed check,No,No
2718-YSKCS,Two year,No,No internet service,Bank transfer (automatic),Yes,No
9896-UYMIE,One year,Fiber optic,Yes,Bank transfer (automatic),Yes,No
0853-NWIFK,One year,Fiber optic,No,Electronic check,Yes,No
8212-CRQXP,Month-to-month,Fiber optic,No,Credit card (automatic),Yes,No
6980-CDGFC,One year,No,No internet service,Bank transfer (automatic),Yes,No
7691-XVTZH,Two year,Fiber optic,No,Bank transfer (automatic),Yes,No
2520-SGTTA,Two year,No,No internet service,Mailed check,No,No
7481-ATQQS,Month-to-month,Fiber optic,No,Credit card (automatic),Yes,Yes
2277-VWCNI,Month-to-month,DSL,No,Mailed check,No,No
1088-CNNKB,One year,DSL,Yes,Credit card (automatic),No,No
8642-GVWRF,Month-to-month,Fiber optic,No,Bank transfer (automatic),No,Yes
1930-BZLHI,One year,No,No internet service,Mailed check,Yes,No
3400-ESFUW,Two year,DSL,Yes,Bank transfer (automatic),No,Yes
5868-YTYKS,Month-to-month,No,No internet service,Mailed check,Yes,No
3525-DVKFN,Two year,No,No internet service,Mailed check,No,No
1482-OXZSY,Month-to-month,Fiber optic,No,Bank transfer (automatic),Yes,No
0377-JBKKT,Month-to-month,DSL,Yes,Mailed check,Yes,No
5778-BVOFB,Month-to-month,DSL,Yes,Bank transfer (automatic),Yes,No
3373-YZZYM,Month-to-month,No,No internet service,Mailed check,No,No
2057-ZBLPD,Month-to-month,Fiber optic,No,Electronic check,Yes,Yes
0228-MAUWC,Month-to-month,DSL,Yes,Electronic check,No,No
5502-RLUYV,Month-to-month,Fiber optic,No,Electronic check,Yes,Yes
0023-HGHWL,Month-to-month,DSL,No,Electronic check,Yes,Yes
7663-YJHSN,Two year,Fiber optic,Yes,Bank transfer (automatic),Yes,No
4915-BFSXL,Two year,DSL,No,Credit card (automatic),No,No
3086-RUCRN,Month-to-month,Fiber optic,Yes,Bank transfer (automatic),Yes,No
5215-LNLDJ,Month-to-month,DSL,No,Electronic check,Yes,No
7576-JMYWV,Month-to-month,Fiber optic,Yes,Electronic check,Yes,No
9039-RBEEE,Month-to-month,DSL,Yes,Credit card (automatic),Yes,Yes
0257-KXZGU,Month-to-month,DSL,No,Bank transfer (automatic),No,No
1307-ATKGB,Month-to-month,Fiber optic,No,Electronic check,Yes,No
8417-FMLZI,Month-to-month,Fiber optic,No,Credit card (automatic),Yes,Yes
3714-XPXBW,Month-to-month,DSL,Yes,Credit card (automatic),Yes,No
1850-AKQEP,Month-to-month,No,No internet service,Mailed check,No,No
2824-DXNKN,Two year,DSL,No,Bank transfer (automatic),Yes,No
5227-JSCFE,Two year,DSL,Yes,Credit card (automatic),No,No
0848-ZGQIJ,Month-to-month,Fiber optic,No,Bank transfer (automatic),Yes,No
3621-CHYVB,Month-to-month,DSL,Yes,Bank transfer (automatic),Yes,No
8042-RNLKO,One year,No,No internet service,Bank transfer (automatic),No,No
1792-UXAFY,Month-to-month,Fiber optic,No,Electronic check,Yes,Yes
5372-FBKBN,Month-to-month,No,No internet service,Mailed check,No,No
0420-TXVSG,Two year,DSL,No,Credit card (automatic),Yes,No
6217-TOWGS,Month-to-month,DSL,No,Bank transfer (automatic),Yes,No
0515-YPMCW,Month-to-month,Fiber optic,No,Mailed check,Yes,Yes
0378-XSZPU,One year,DSL,No,Credit card (automatic),No,Yes
1045-LTCYT,Month-to-month,No,No internet service,Credit card (automatic),No,No
1544-JJMYL,One year,DSL,Yes,Credit card (automatic),No,No
4636-JGAAI,Month-to-month,Fiber optic,No,Mailed check,No,No
6874-SGLHU,One year,Fiber optic,No,Bank transfer (automatic),Yes,No
5951-AOFIH,Month-to-month,DSL,No,Credit card (automatic),Yes,No
4729-XKASR,Month-to-month,DSL,No,Electronic check,No,Yes
3059-NGMXB,Month-to-month,DSL,No,Mailed check,No,No
8652-YHIYU,One year,Fiber optic,Yes,Credit card (automatic),Yes,No
5278-PNYOX,Two year,Fiber optic,Yes,Credit card (automatic),No,No
5449-FIBXJ,Month-to-month,Fiber optic,Yes,Electronic check,No,Yes
3486-HOOGQ,Two year,DSL,Yes,Bank transfer (automatic),No,No
5061-PBXFW,Month-to-month,DSL,Yes,Bank transfer (automatic),No,No
8630-FJLIB,Month-to-month,Fiber optic,No,Electronic check,Yes,No
3891-NLXJB,Two year,DSL,Yes,Mailed check,Yes,No
4749-OJKQU,Month-to-month,Fiber optic,No,Electronic check,Yes,No
0577-WHMEV,Month-to-month,Fiber optic,No,Electronic check,No,No
5453-AXEPF,Month-to-month,Fiber optic,No,Bank transfer (automatic),Yes,No
3639-XJHKQ,Month-to-month,DSL,No,Electronic check,Yes,No
3716-LRGXK,Two year,Fiber optic,No,Credit card (automatic),No,No
2263-SFSQZ,Two year,No,No internet service,Mailed check,Yes,No
9950-MTGYX,Two year,No,No internet service,Credit card (automatic),Yes,No
3397-AVTKU,Two year,DSL,No,Electronic check,Yes,No
4825-FUREZ,Two year,No,No internet service,Electronic check,No,No
9837-BMCLM,Month-to-month,Fiber optic,No,Electronic check,Yes,Yes
2672-OJQZP,Month-to-month,DSL,No,Mailed check,No,No
0137-UDEUO,Month-to-month,No,No internet service,Mailed check,No,Yes
3134-DSHVC,Two year,Fiber optic,No,Credit card (automatic),No,No
6161-UUUTA,Month-to-month,Fiber optic,No,Electronic check,Yes,Yes
7821-DPRQE,Month-to-month,Fiber optic,Yes,Electronic check,Yes,No
6543-XRMYR,Month-to-month,Fiber optic,No,Electronic check,Yes,Yes
2001-EWBQU,Two year,Fiber optic,No,Electronic check,No,No
4925-LMHOK,Month-to-month,DSL,Yes,Credit card (automatic),Yes,Yes
1608-GMEWB,Month-to-month,Fiber optic,No,Bank transfer (automatic),Yes,No
6695-AMZUF,Two year,DSL,Yes,Credit card (automatic),No,No
1455-UGQVH,Month-to-month,Fiber optic,No,Electronic check,Yes,Yes
8410-BGQXN,Month-to-month,No,No internet service,Mailed check,No,No
8280-MQRQN,Month-to-month,DSL,No,Mailed check,Yes,Yes
1619-YWUBB,Two year,No,No internet service,Credit card (automatic),Yes,No
7611-YKYTC,Month-to-month,Fiber optic,No,Bank transfer (automatic),No,No
2037-SGXHH,Month-to-month,Fiber optic,No,Electronic check,Yes,Yes
3178-FESZO,Month-to-month,Fiber optic,No,Credit card (automatic),Yes,Yes
0365-GXEZS,Month-to-month,Fiber optic,Yes,Electronic check,No,No
0082-OQIQY,Month-to-month,Fiber optic,Yes,Electronic check,Yes,No
6087-MVHJH,Month-to-month,Fiber optic,No,Electronic check,Yes,Yes
4603-JANFB,Month-to-month,Fiber optic,No,Electronic check,Yes,Yes
3018-TFTSU,Month-to-month,Fiber optic,No,Bank transfer (automatic),No,Yes
3606-SBKRY,One year,DSL,No,Electronic check,Yes,No
4806-KEXQR,Month-to-month,Fiber optic,No,Electronic check,Yes,Yes
0667-NSRGI,One year,DSL,Yes,Mailed check,Yes,No
7083-YNSKY,Month-to-month,No,No internet service,Credit card (automatic),Yes,Yes
6893-ODYYE,One year,Fiber optic,Yes,Credit card (automatic),Yes,No
8242-JSVBO,Month-to-month,DSL,No,Bank transfer (automatic),Yes,No
2479-BRAMR,Month-to-month,Fiber optic,No,Bank transfer (automatic),Yes,Yes
9541-ZPSEA,Two year,Fiber optic,No,Credit card (automatic),No,No
2665-NPTGL,Month-to-month,Fiber optic,No,Bank transfer (automatic),Yes,No
1139-WUOAH,Two year,DSL,Yes,Credit card (automatic),No,No
4693-VWVBO,Month-to-month,No,No internet service,Electronic check,No,No
7434-SHXLS,Month-to-month,No,No internet service,Mailed check,No,Yes
6937-GCDGQ,One year,DSL,No,Bank transfer (automatic),Yes,No
0988-JRWWP,Month-to-month,DSL,No,Electronic check,Yes,No
5075-JSDKI,Two year,No,No internet service,Electronic check,No,No
7908-QCBCA,Month-to-month,Fiber optic,No,Mailed check,Yes,Yes
8644-XYTSV,Month-to-month,DSL,No,Bank transfer (automatic),Yes,No
6711-FLDFB,Month-to-month,Fiber optic,No,Electronic check,Yes,Yes
3873-WOSBC,Two year,No,No internet service,Credit card (automatic),No,No
7465-ZZRVX,Month-to-month,Fiber optic,No,Electronic check,Yes,No
7975-JMZNT,Two year,DSL,Yes,Bank transfer (automatic),No,No
7251-XFOIL,Month-to-month,Fiber optic,No,Mailed check,No,No
4116-IQRFR,One year,No,No internet service,Credit card (automatic),No,No
3714-JTVOV,Month-to-month,Fiber optic,No,Credit card (automatic),Yes,Yes
8259-DZLIZ,One year,DSL,No,Bank transfer (automatic),Yes,No
0442-ZXKVS,One year,Fiber optic,Yes,Bank transfer (automatic),Yes,No
7853-WNZSY,Month-to-month,No,No internet service,Credit card (automatic),Yes,No
3120-FAZKD,Two year,No,No internet service,Bank transfer (automatic),Yes,No
8606-OEGQZ,Two year,No,No internet service,Credit card (automatic),No,No
0225-ZORZP,Month-to-month,Fiber optic,No,Electronic check,No,No
4702-IOQDC,Month-to-month,Fiber optic,No,Electronic check,Yes,Yes
9489-JMTTN,Two year,DSL,Yes,Credit card (automatic),No,No
0575-CUQOV,One year,Fiber optic,No,Electronic check,Yes,No
0967-BMLBD,One year,No,No internet service,Mailed check,Yes,No
6178-KFNHS,Month-to-month,Fiber optic,No,Electronic check,Yes,Yes
2830-LEWOA,One year,Fiber optic,Yes,Credit card (automatic),No,No
5006-MXVRN,Two year,No,No internet service,Credit card (automatic),No,No
1264-BYWMS,Month-to-month,Fiber optic,No,Electronic check,Yes,Yes
9658-WYUFB,Month-to-month,Fiber optic,No,Electronic check,Yes,Yes
8327-WKMIE,One year,No,No internet service,Credit card (automatic),No,No
6917-FIJHC,Two year,No,No internet service,Mailed check,Yes,No
5329-KRDTM,Two year,DSL,Yes,Credit card (automatic),No,No
7797-EJMDP,Month-to-month,DSL,Yes,Bank transfer (automatic),No,No
3530-VWVGU,Month-to-month,No,No internet service,Mailed check,No,No
2013-SGDXK,Month-to-month,Fiber optic,No,Electronic check,No,Yes
6368-NWMCE,Month-to-month,DSL,Yes,Credit card (automatic),No,No
3633-CDBUW,One year,DSL,Yes,Electronic check,No,No
0707-HOVVN,Two year,DSL,Yes,Bank transfer (automatic),Yes,No
8580-QVLOC,Two year,DSL,Yes,Credit card (automatic),No,Yes
3956-MGXOG,Month-to-month,Fiber optic,No,Electronic check,Yes,No
9274-UARKJ,Month-to-month,Fiber optic,No,Bank transfer (automatic),Yes,No
4077-HWUYD,Two year,DSL,Yes,Bank transfer (automatic),Yes,No
2012-NWRPA,Month-to-month,Fiber optic,No,Electronic check,Yes,Yes
8808-ELEHO,Month-to-month,Fiber optic,No,Electronic check,Yes,Yes
0103-CSITQ,One year,Fiber optic,Yes,Bank transfer (automatic),Yes,No
3506-LCJDC,Month-to-month,No,No internet service,Bank transfer (automatic),No,Yes
8671-KKKOS,Month-to-month,DSL,No,Electronic check,No,No
7305-ZWMAJ,One year,No,No internet service,Credit card (automatic),No,No
9518-XXBXE,Month-to-month,Fiber optic,No,Electronic check,No,No
3934-HXCFZ,Month-to-month,Fiber optic,No,Electronic check,Yes,Yes
6578-KRMAW,Month-to-month,Fiber optic,No,Credit card (automatic),Yes,No
4860-IJUDE,Month-to-month,Fiber optic,No,Credit card (automatic),Yes,No
7666-WKRON,Two year,Fiber optic,Yes,Electronic check,Yes,Yes
9688-YGXVR,Month-to-month,Fiber optic,No,Credit card (automatic),Yes,No
0423-UDIJQ,Month-to-month,DSL,Yes,Mailed check,No,No
1945-XISKS,Two year,No,No internet service,Mailed check,No,No
4910-AQFFX,Month-to-month,Fiber optic,No,Bank transfer (automatic),Yes,Yes
2154-KVJFF,Month-to-month,Fiber optic,No,Electronic check,Yes,Yes
5360-LJCNJ,Two year,Fiber optic,No,Bank transfer (automatic),Yes,No
2607-FBDFF,Month-to-month,DSL,Yes,Credit card (automatic),No,No
9647-ERGBE,Month-to-month,Fiber optic,No,Electronic check,Yes,Yes
3428-XZMAZ,Month-to-month,Fiber optic,No,Electronic check,Yes,Yes
1100-DDVRV,Month-to-month,DSL,No,Mailed check,Yes,No
0378-TOVMS,Month-to-month,Fiber optic,Yes,Electronic check,No,Yes
4355-HBJHH,Two year,DSL,No,Electronic check,Yes,Yes
6728-WYQBC,Month-to-month,No,No internet service,Bank transfer (automatic),No,No
9058-CBREO,Month-to-month,DSL,No,Mailed check,No,Yes
9029-FEGVJ,Month-to-month,Fiber optic,No,Mailed check,No,No
7216-KAOID,One year,No,No internet service,Bank transfer (automatic),No,No
0318-QUUOB,Month-to-month,Fiber optic,No,Electronic check,Yes,Yes
6145-NNPNO,Month-to-month,DSL,No,Bank transfer (automatic),No,No
5520-FVEWJ,Month-to-month,Fiber optic,No,Electronic check,Yes,Yes
5339-TJFEK,Month-to-month,Fiber optic,No,Electronic check,Yes,No
5572-ZDXHY,Month-to-month,Fiber optic,No,Mailed check,Yes,Yes
2074-GUHPQ,Month-to-month,Fiber optic,Yes,Credit card (automatic),Yes,No
4625-XMOYM,Two year,No,No internet service,Bank transfer (automatic),Yes,No
5827-MWCZK,Month-to-month,Fiber optic,Yes,Credit card (automatic),Yes,No
1385-TQOZW,Month-to-month,No,No internet service,Credit card (automatic),Yes,No
5914-XRFQB,Two year,Fiber optic,Yes,Bank transfer (automatic),Yes,No
4329-YPDDQ,Month-to-month,Fiber optic,Yes,Bank transfer (automatic),Yes,No
4804-NCPET,Two year,No,No internet service,Mailed check,No,No
3750-CKVKH,Month-to-month,Fiber optic,No,Electronic check,Yes,Yes
5944-UGLLK,One year,DSL,Yes,Credit card (automatic),No,No
8063-GBATB,Month-to-month,Fiber optic,No,Electronic check,Yes,Yes
7787-BNTZM,Month-to-month,No,No internet service,Bank transfer (automatic),No,No
2252-ISRNH,One year,Fiber optic,No,Electronic check,Yes,No
9415-TPKRV,Month-to-month,DSL,No,Electronic check,No,No
5322-TEUJK,Two year,Fiber optic,Yes,Bank transfer (automatic),No,No
4547-KQRTM,Month-to-month,Fiber optic,No,Bank transfer (automatic),Yes,Yes
4877-EVATK,Month-to-month,No,No internet service,Mailed check,No,Yes
1866-DIOQZ,One year,DSL,Yes,Bank transfer (automatic),No,No
8375-KVTHK,One year,Fiber optic,Yes,Electronic check,Yes,No
2697-NQBPF,Month-to-month,Fiber optic,Yes,Electronic check,Yes,No
3709-OIJEA,One year,Fiber optic,Yes,Electronic check,Yes,No
7639-SUPCW,Month-to-month,DSL,No,Credit card (automatic),Yes,Yes
1386-ZIKUV,Month-to-month,No,No internet service,Mailed check,Yes,No
0599-XNYDO,Month-to-month,Fiber optic,No,Bank transfer (automatic),Yes,No
6377-WHAOX,Month-to-month,Fiber optic,No,Electronic check,Yes,No
6855-VLGOS,Two year,No,No internet service,Electronic check,No,No
8999-XXGNS,One year,Fiber optic,No,Credit card (automatic),Yes,No
8746-OQQRW,Month-to-month,No,No internet service,Mailed check,No,No
3181-MIZBN,Month-to-month,No,No internet service,Electronic check,No,No
0471-ARVMX,One year,Fiber optic,No,Electronic check,Yes,No
7766-CLTIC,Month-to-month,DSL,Yes,Mailed check,Yes,No
5650-YLIBA,Month-to-month,Fiber optic,No,Electronic check,Yes,No
0825-CPPQH,Two year,No,No internet service,Credit card (automatic),No,No
9084-OAYKL,Two year,No,No internet service,Mailed check,No,No
6122-LJADA,Two year,DSL,Yes,Credit card (automatic),Yes,No
2400-XIWIO,Two year,DSL,Yes,Electronic check,No,No
7524-VRLPL,Two year,DSL,Yes,Credit card (automatic),No,No
1069-XAIEM,Month-to-month,Fiber optic,No,Electronic check,Yes,Yes
7569-NMZYQ,Two year,Fiber optic,Yes,Bank transfer (automatic),Yes,No
5201-USSQZ,Month-to-month,Fiber optic,Yes,Credit card (automatic),No,No
2105-PHWON,Month-to-month,Fiber optic,Yes,Credit card (automatic),Yes,No
1494-EJZDW,Two year,No,No internet service,Mailed check,No,No
4884-TVUQF,Two year,Fiber optic,Yes,Credit card (automatic),No,No
8003-EWNDZ,Month-to-month,No,No internet service,Electronic check,Yes,No
1897-RCFUM,One year,No,No internet service,Mailed check,Yes,No
9256-JTBNZ,Month-to-month,No,No internet service,Bank transfer (automatic),No,No
4658-HCOHW,Month-to-month,Fiber optic,Yes,Electronic check,Yes,Yes
2211-RMNHO,Two year,DSL,Yes,Bank transfer (automatic),No,No
2432-TFSMK,One year,Fiber optic,No,Credit card (automatic),Yes,No
3440-JPSCL,Month-to-month,Fiber optic,Yes,Mailed check,Yes,Yes
4929-ROART,Month-to-month,DSL,No,Mailed check,No,No
1834-ABKHQ,One year,DSL,No,Bank transfer (automatic),Yes,No
1741-WTPON,Two year,Fiber optic,Yes,Mailed check,No,No
3932-IJWDZ,Month-to-month,Fiber optic,Yes,Bank transfer (automatic),Yes,No
1240-HCBOH,Two year,No,No internet service,Mailed check,Yes,No
3594-KADLU,Month-to-month,DSL,Yes,Mailed check,No,No
8065-BVEPF,Month-to-month,Fiber optic,No,Bank transfer (automatic),Yes,No
3796-ENZGF,Two year,DSL,Yes,Mailed check,No,No
1734-ZMNTZ,Two year,No,No internet service,Mailed check,No,No
2853-CWQFQ,Month-to-month,DSL,Yes,Mailed check,Yes,No
0813-TAXXS,Two year,DSL,No,Bank transfer (automatic),Yes,No
2519-TWKFS,One year,DSL,Yes,Mailed check,Yes,No
2889-FPWRM,One year,Fiber optic,Yes,Bank transfer (automatic),Yes,Yes
0626-QXNGV,Two year,No,No internet service,Credit card (automatic),Yes,No
6723-CEGQI,Two year,DSL,Yes,Mailed check,No,No
6987-XQSJT,Month-to-month,Fiber optic,No,Electronic check,Yes,Yes
4732-RRJZC,Month-to-month,No,No internet service,Mailed check,No,No
9499-XPZXM,Two year,DSL,Yes,Bank transfer (automatic),No,No
4338-EYCER,Month-to-month,DSL,No,Bank transfer (automatic),No,No
3007-FDPEA,Month-to-month,No,No internet service,Bank transfer (automatic),Yes,No
6350-XFYGW,Month-to-month,Fiber optic,No,Electronic check,Yes,No
4290-BSXUX,Month-to-month,Fiber optic,Yes,Bank transfer (automatic),Yes,Yes
8513-OLYGY,Two year,Fiber optic,Yes,Credit card (automatic),No,No
0311-QYWSS,Month-to-month,DSL,No,Electronic check,Yes,No
8705-DWKTI,Month-to-month,Fiber optic,No,Credit card (automatic),Yes,No
8755-IWJHN,Month-to-month,Fiber optic,No,Bank transfer (automatic),Yes,No
0325-XBFAC,Month-to-month,Fiber optic,No,Electronic check,Yes,Yes
4480-QQRHC,Month-to-month,Fiber optic,No,Bank transfer (automatic),Yes,No
0929-PECLO,Month-to-month,Fiber optic,No,Bank transfer (automatic),Yes,No
3680-CTHUH,One year,Fiber optic,Yes,Credit card (automatic),Yes,No
1202-KKGFU,Month-to-month,DSL,Yes,Bank transfer (automatic),No,No
6112-KTHFQ,Month-to-month,No,No internet service,Mailed check,Yes,No
1852-XEMDW,Month-to-month,DSL,No,Mailed check,No,No
2462-XIIJB,Month-to-month,Fiber optic,No,Electronic check,Yes,Yes
4760-XOHVN,Month-to-month,No,No internet service,Mailed check,No,Yes
1820-DJFPH,Two year,No,No internet service,Bank transfer (automatic),Yes,No
9426-SXNHE,Month-to-month,No,No internet service,Bank transfer (automatic),No,No
9068-FHQHD,Two year,No,No internet service,Bank transfer (automatic),No,No
1269-FOYWN,One year,No,No internet service,Bank transfer (automatic),No,No
9470-YFUYI,One year,DSL,Yes,Bank transfer (automatic),Yes,No
7817-BOQPW,Month-to-month,Fiber optic,No,Electronic check,Yes,Yes
7402-EYFXX,Month-to-month,Fiber optic,No,Electronic check,Yes,No
1853-UDXBW,Month-to-month,Fiber optic,No,Electronic check,Yes,Yes
9895-VFOXH,Month-to-month,DSL,No,Mailed check,No,No
5458-CQJTA,Two year,DSL,Yes,Bank transfer (automatic),Yes,Yes
1230-QAJDW,Month-to-month,DSL,Yes,Mailed check,Yes,No
5701-ZIKJE,Month-to-month,DSL,Yes,Mailed check,Yes,No
5219-YIPTK,Month-to-month,Fiber optic,No,Electronic check,Yes,Yes
5032-MIYKT,Month-to-month,Fiber optic,No,Mailed check,Yes,No
7396-VJUZB,Month-to-month,DSL,No,Mailed check,No,No
9717-QEBGU,Month-to-month,Fiber optic,No,Electronic check,Yes,No
5172-RKOCB,Two year,Fiber optic,Yes,Credit card (automatic),Yes,No
6509-TSGWN,Month-to-month,No,No internet service,Mailed check,No,No
3540-RZJYU,Month-to-month,Fiber optic,No,Electronic check,No,Yes
3178-CIFOT,One year,No,No internet service,Credit card (automatic),Yes,No
2091-MJTFX,Month-to-month,DSL,Yes,Credit card (automatic),No,Yes
4530-NDRKU,One year,No,No internet service,Electronic check,Yes,No
5985-TBABQ,One year,DSL,No,Mailed check,No,No
9800-ONTFE,Month-to-month,Fiber optic,No,Bank transfer (automatic),Yes,No
6743-HHQPF,Month-to-month,DSL,No,Credit card (automatic),Yes,No
8455-HIRAQ,Month-to-month,DSL,No,Mailed check,No,No
6616-AALSR,Two year,Fiber optic,No,Credit card (automatic),Yes,No
0883-EIBTI,Month-to-month,No,No internet service,Mailed check,No,Yes
9415-ZNBSX,Two year,DSL,Yes,Bank transfer (automatic),Yes,No
4018-KJYUY,Month-to-month,No,No internet service,Credit card (automatic),No,No
0722-TROQR,Month-to-month,Fiber optic,No,Electronic check,Yes,Yes
7571-YXDAD,Month-to-month,Fiber optic,No,Credit card (automatic),No,Yes
3884-UEBXB,Two year,DSL,No,Bank transfer (automatic),No,No
8780-RSYYU,Month-to-month,No,No internet service,Credit card (automatic),Yes,No
5537-UXXVS,Month-to-month,No,No internet service,Bank transfer (automatic),No,No
1791-PQHBB,Month-to-month,DSL,No,Credit card (automatic),Yes,No
8701-DGLVH,Two year,No,No internet service,Mailed check,No,No
8741-LQOBK,Month-to-month,DSL,No,Bank transfer (automatic),No,No
3393-FMZPV,Month-to-month,Fiber optic,No,Electronic check,Yes,Yes
8082-GHXOP,Month-to-month,DSL,No,Mailed check,No,No
6402-ZFPPI,Month-to-month,Fiber optic,No,Mailed check,Yes,Yes
0980-FEXWF,One year,DSL,No,Mailed check,No,No
7486-KSRVI,One year,Fiber optic,Yes,Electronic check,Yes,Yes
3011-WQKSZ,Month-to-month,No,No internet service,Electronic check,Yes,No
8443-WVPSS,Month-to-month,Fiber optic,Yes,Electronic check,Yes,Yes
3006-XIMLN,Month-to-month,Fiber optic,No,Bank transfer (automatic),Yes,Yes
8218-FFJDS,Two year,DSL,Yes,Bank transfer (automatic),Yes,No
1986-PHGZF,Month-to-month,DSL,No,Credit card (automatic),Yes,No
9965-YOKZB,Month-to-month,Fiber optic,No,Electronic check,Yes,Yes
0504-HHAPI,Month-to-month,Fiber optic,No,Credit card (automatic),No,Yes
9360-OMDZZ,Month-to-month,Fiber optic,No,Electronic check,Yes,No
6305-YLBMM,One year,Fiber optic,Yes,Bank transfer (automatic),Yes,Yes
0345-XMMUG,Two year,Fiber optic,Yes,Credit card (automatic),Yes,No
8024-XNAFQ,Two year,Fiber optic,Yes,Bank transfer (automatic),Yes,No
3647-GMGDH,Month-to-month,Fiber optic,No,Credit card (automatic),Yes,Yes
2988-GBIVW,Month-to-month,Fiber optic,No,Electronic check,Yes,No
2832-SCUCO,Month-to-month,No,No internet service,Electronic check,No,No
7036-ZZKBD,Month-to-month,DSL,Yes,Credit card (automatic),Yes,No
3791-LGQCY,Month-to-month,Fiber optic,No,Bank transfer (automatic),Yes,Yes
0265-PSUAE,Month-to-month,Fiber optic,No,Bank transfer (automatic),No,No
0463-TXOAK,Two year,No,No internet service,Credit card (automatic),No,No
0594-UFTUL,Month-to-month,No,No internet service,Mailed check,Yes,No
9509-MPYOD,One year,No,No internet service,Mailed check,No,No
9128-CPXKI,Two year,Fiber optic,No,Electronic check,No,No
0129-KPTWJ,Month-to-month,Fiber optic,No,Electronic check,Yes,No
8166-ZZTFS,Two year,DSL,No,Bank transfer (automatic),Yes,Yes
5855-EIBDE,Two year,Fiber optic,Yes,Credit card (automatic),No,No
5365-LLFYV,Month-to-month,DSL,No,Mailed check,Yes,No
5956-YHHRX,Month-to-month,Fiber optic,No,Electronic check,Yes,No
6008-NAIXK,One year,DSL,No,Electronic check,Yes,No
2956-GGUCQ,Month-to-month,Fiber optic,No,Electronic check,Yes,Yes
1928-BXYIV,Month-to-month,DSL,No,Electronic check,No,No
5760-FXFVO,Month-to-month,Fiber optic,No,Electronic check,Yes,No
6595-COKXZ,Month-to-month,DSL,No,Mailed check,Yes,Yes
0961-ZWLVI,One year,Fiber optic,No,Credit card (automatic),Yes,No
5181-OABFK,Two year,DSL,No,Credit card (automatic),Yes,No
4007-NHVHI,Month-to-month,Fiber optic,No,Electronic check,Yes,No
7816-VGHTO,Two year,DSL,Yes,Mailed check,No,No
5871-DGTXZ,One year,No,No internet service,Mailed check,No,No
7550-WIQVA,One year,Fiber optic,No,Electronic check,Yes,No
7544-ZVIKX,One year,Fiber optic,Yes,Bank transfer (automatic),Yes,No
0016-QLJIS,Two year,DSL,Yes,Mailed check,Yes,No
7508-DQAKK,Two year,DSL,Yes,Credit card (automatic),Yes,No
5176-OLSKT,Two year,DSL,No,Bank transfer (automatic),No,No
9356-AXGMP,One year,Fiber optic,Yes,Electronic check,Yes,No
3556-BVQGL,One year,No,No internet service,Mailed check,Yes,No
0362-ZBZWJ,Month-to-month,Fiber optic,No,Electronic check,Yes,Yes
8979-CAMGB,One year,Fiber optic,Yes,Electronic check,No,No
4211-MMAZN,Month-to-month,No,No internet service,Mailed check,No,Yes
7581-EBBOU,One year,DSL,Yes,Credit card (automatic),Yes,No
4274-OWWYO,Month-to-month,Fiber optic,No,Electronic check,Yes,Yes
5073-RZGBK,One year,DSL,Yes,Bank transfer (automatic),Yes,No
1541-ETJZO,Month-to-month,DSL,Yes,Mailed check,No,Yes
2192-CKRLV,Two year,DSL,No,Electronic check,Yes,No
3154-HMWUU,Two year,No,No internet service,Bank transfer (automatic),Yes,No
6119-SPUDB,Two year,DSL,Yes,Mailed check,No,No
6522-OIQSX,Two year,DSL,No,Credit card (automatic),Yes,No
7813-ZGGAW,Month-to-month,Fiber optic,Yes,Bank transfer (automatic),Yes,No
8748-HFWBO,One year,No,No internet service,Mailed check,No,No
1052-QJIBV,Two year,No,No internet service,Credit card (automatic),No,No
1319-YLZJG,Month-to-month,Fiber optic,No,Electronic check,Yes,No
4106-HADHQ,One year,DSL,Yes,Credit card (automatic),No,Yes
0723-FDLAY,One year,DSL,Yes,Bank transfer (automatic),Yes,No
3050-RLLXC,Two year,DSL,Yes,Credit card (automatic),No,No
9298-WGMRW,Two year,Fiber optic,Yes,Bank transfer (automatic),Yes,No
2369-UAPKZ,Month-to-month,Fiber optic,No,Mailed check,No,Yes
3088-LHEFH,Month-to-month,Fiber optic,No,Bank transfer (automatic),Yes,No
2778-OCLGR,Month-to-month,DSL,No,Bank transfer (automatic),No,Yes
6583-KQJLK,Month-to-month,Fiber optic,No,Electronic check,Yes,No
8544-JNBOX,Two year,No,No internet service,Mailed check,Yes,No
6681-ZSEXG,Two year,DSL,No,Credit card (automatic),No,No
6139-ZZRBQ,Two year,No,No internet service,Bank transfer (automatic),Yes,No
6116-RFVHN,Month-to-month,Fiber optic,No,Electronic check,Yes,No
0637-KVDLV,Month-to-month,Fiber optic,No,Electronic check,Yes,Yes
8884-FEEWR,One year,No,No internet service,Bank transfer (automatic),No,No
3125-RAHBV,One year,No,No internet service,Credit card (automatic),No,No
6633-MPWBS,Month-to-month,DSL,Yes,Electronic check,Yes,Yes
0373-AIVNJ,One year,DSL,No,Mailed check,No,No
8785-EPNCG,Month-to-month,No,No internet service,Credit card (automatic),No,Yes
1682-VCOIO,One year,No,No internet service,Mailed check,No,No
5729-KLZAR,Month-to-month,Fiber optic,No,Electronic check,No,Yes
2072-ZVJJX,Two year,No,No internet service,Bank transfer (automatic),No,No
8849-AYPTR,Month-to-month,Fiber optic,No,Electronic check,No,No
9518-IMLHK,Month-to-month,DSL,Yes,Bank transfer (automatic),Yes,No
1582-RAFML,Month-to-month,DSL,Yes,Mailed check,No,Yes
3646-ITDGM,Two year,No,No internet service,Bank transfer (automatic),No,No
8740-CRYFY,Month-to-month,Fiber optic,No,Electronic check,Yes,Yes
3569-VLDHH,One year,DSL,Yes,Electronic check,Yes,No
8224-KDLKN,Two year,No,No internet service,Bank transfer (automatic),No,No
7594-LZNWR,Month-to-month,Fiber optic,No,Credit card (automatic),No,No
4001-TSBTV,Month-to-month,Fiber optic,No,Electronic check,Yes,No
2962-XPMCQ,Month-to-month,DSL,No,Electronic check,Yes,Yes
8727-XDPUD,Two year,DSL,No,Credit card (automatic),No,No
1043-UXOVO,Two year,Fiber optic,Yes,Credit card (automatic),Yes,No
1064-FBXNK,One year,No,No internet service,Credit card (automatic),No,No
3996-ZNWYK,Two year,No,No internet service,Credit card (automatic),No,No
2878-DHMIN,One year,No,No internet service,Electronic check,No,No
7762-ONLJY,One year,No,No internet service,Mailed check,No,No
1678-FYZOW,Month-to-month,Fiber optic,No,Electronic check,Yes,Yes
5795-BKOYE,One year,DSL,Yes,Bank transfer (automatic),No,No
8627-EHGIP,One year,DSL,No,Mailed check,Yes,Yes
7402-PWYJJ,One year,Fiber optic,Yes,Electronic check,Yes,No
5480-TBGPH,Month-to-month,Fiber optic,No,Credit card (automatic),Yes,Yes
0018-NYROU,Month-to-month,Fiber optic,No,Electronic check,Yes,No
7501-VTYLJ,Month-to-month,DSL,No,Mailed check,No,No
7608-RGIRO,Two year,No,No internet service,Mailed check,Yes,No
0480-BIXDE,Month-to-month,Fiber optic,No,Electronic check,Yes,No
5895-QSXOD,Month-to-month,Fiber optic,No,Mailed check,No,No
9814-AOUDH,Two year,No,No internet service,Credit card (automatic),No,No
6175-IRFIT,Month-to-month,Fiber optic,No,Mailed check,No,No
8760-ZRHKE,One year,DSL,No,Electronic check,No,No
1622-HSHSF,Month-to-month,No,No internet service,Mailed check,Yes,No
8854-CCVSQ,Month-to-month,Fiber optic,No,Electronic check,Yes,Yes
6749-UTDVX,Two year,Fiber optic,No,Electronic check,Yes,No
5542-DHSXL,Month-to-month,DSL,No,Mailed check,No,No
9102-OXKFY,Two year,DSL,No,Credit card (automatic),No,No
0511-JTEOY,Month-to-month,Fiber optic,No,Mailed check,No,Yes
5216-WASFJ,Month-to-month,Fiber optic,No,Electronic check,Yes,No
7808-DVWEP,Month-to-month,No,No internet service,Bank transfer (automatic),No,No
7067-KSAZT,One year,Fiber optic,No,Electronic check,Yes,Yes
2284-VFLKH,One year,Fiber optic,Yes,Credit card (automatic),Yes,No
0366-NQSHS,Month-to-month,No,No internet service,Mailed check,No,No
6532-YLWSI,One year,No,No internet service,Bank transfer (automatic),No,Yes
3807-BPOMJ,One year,Fiber optic,No,Electronic check,Yes,No
3892-NXAZG,Two year,Fiber optic,Yes,Credit card (automatic),Yes,No
4948-WBBKL,Month-to-month,Fiber optic,No,Bank transfer (automatic),Yes,No
4182-BGSIQ,Month-to-month,No,No internet service,Bank transfer (automatic),Yes,No
9300-AGZNL,Month-to-month,Fiber optic,No,Electronic check,Yes,Yes
0988-AADSA,Two year,DSL,Yes,Bank transfer (automatic),No,No
9972-NKTFD,Month-to-month,DSL,Yes,Bank transfer (automatic),No,No
3717-LNXKW,Month-to-month,Fiber optic,No,Bank transfer (automatic),No,No
5734-EJKXG,One year,Fiber optic,Yes,Electronic check,Yes,No
2207-RYYRL,Two year,No,No internet service,Mailed check,No,No
6729-FZWSY,One year,No,No internet service,Mailed check,Yes,No
9695-IDRZR,Two year,Fiber optic,Yes,Credit card (automatic),Yes,No
8144-DGHXP,Two year,DSL,Yes,Electronic check,No,No
7814-LEEVE,Month-to-month,No,No internet service,Bank transfer (automatic),Yes,No
1112-CUNAO,Month-to-month,Fiber optic,No,Electronic check,No,Yes
5175-AOBHI,Month-to-month,DSL,No,Mailed check,Yes,Yes
5174-RNGBH,Month-to-month,DSL,Yes,Mailed check,No,Yes
8631-WUXGY,Month-to-month,Fiber optic,No,Electronic check,Yes,No
7270-BDIOA,Month-to-month,Fiber optic,Yes,Electronic check,Yes,Yes
9565-JSNFM,One year,Fiber optic,No,Bank transfer (automatic),Yes,Yes
5906-DVAPM,One year,DSL,Yes,Credit card (automatic),Yes,No
6654-QGBZZ,Month-to-month,No,No internet service,Mailed check,No,No
8348-JLBUG,One year,Fiber optic,No,Credit card (automatic),No,No
0607-DAAHE,Two year,No,No internet service,Bank transfer (automatic),No,Yes
5641-DMBFJ,Two year,DSL,Yes,Electronic check,Yes,No
9200-NLNPD,One year,DSL,Yes,Bank transfer (automatic),Yes,No
2664-XJZNO,Two year,Fiber optic,Yes,Credit card (automatic),Yes,No
9732-KPKBW,Month-to-month,DSL,Yes,Electronic check,Yes,Yes
3339-EAQNV,One year,Fiber optic,No,Credit card (automatic),Yes,No
0921-OHLVP,Month-to-month,Fiber optic,No,Electronic check,No,No
3389-YGYAI,Month-to-month,Fiber optic,No,Electronic check,Yes,Yes
9560-ARGQJ,Month-to-month,Fiber optic,No,Electronic check,Yes,Yes
8350-NYMVI,Month-to-month,DSL,Yes,Bank transfer (automatic),No,No
1600-DILPE,Month-to-month,DSL,No,Bank transfer (automatic),Yes,No
0536-ESJEP,Two year,DSL,No,Bank transfer (automatic),Yes,No
4654-GGUII,One year,DSL,Yes,Mailed check,Yes,No
6478-HRRCZ,One year,DSL,Yes,Mailed check,No,No
8510-BBWMU,One year,No,No internet service,Mailed check,Yes,No
6857-TKDJV,Two year,No,No internet service,Bank transfer (automatic),No,No
2360-RDGRO,Month-to-month,Fiber optic,No,Electronic check,Yes,No
0584-BJQGZ,Month-to-month,DSL,Yes,Bank transfer (automatic),Yes,No
5134-IKDAY,Month-to-month,Fiber optic,No,Electronic check,Yes,Yes
1360-XFJMR,One year,Fiber optic,Yes,Credit card (automatic),Yes,No
3070-DVEYC,Month-to-month,Fiber optic,No,Mailed check,No,Yes
5730-RIITO,Month-to-month,DSL,No,Credit card (automatic),Yes,No
9058-MJLZC,Month-to-month,Fiber optic,No,Electronic check,Yes,No
5707-ORNDZ,Month-to-month,DSL,No,Electronic check,No,Yes
0902-XKXPN,Two year,No,No internet service,Bank transfer (automatic),No,No
5177-RVZNU,One year,No,No internet service,Bank transfer (automatic),No,No
0056-EPFBG,Two year,DSL,Yes,Credit card (automatic),Yes,No
8993-IZEUX,Month-to-month,Fiber optic,No,Bank transfer (automatic),No,No
8696-JKZNU,Month-to-month,Fiber optic,No,Electronic check,Yes,Yes
5380-AFSSK,Month-to-month,Fiber optic,No,Mailed check,Yes,Yes
8190-ZTQFB,One year,DSL,No,Electronic check,Yes,No
0931-MHTEM,One year,Fiber optic,No,Credit card (automatic),Yes,No
2055-PDADH,Month-to-month,Fiber optic,No,Electronic check,Yes,Yes
7515-LODFU,Two year,No,No internet service,Credit card (automatic),No,No
0440-UEDAI,One year,Fiber optic,Yes,Credit card (automatic),Yes,No
1337-BOZWO,One year,DSL,No,Credit card (automatic),No,No
0868-VJRDR,Two year,Fiber optic,Yes,Credit card (automatic),Yes,No
8714-EUHJO,Month-to-month,Fiber optic,No,Electronic check,Yes,Yes
6344-SFJVH,Month-to-month,DSL,No,Credit card (automatic),No,No
3950-VPYJB,One year,DSL,Yes,Mailed check,No,No
8041-TMEID,Two year,Fiber optic,No,Credit card (automatic),No,No
7321-ZNSLA,Two year,DSL,Yes,Mailed check,No,No
6941-KXRRV,One year,DSL,No,Bank transfer (automatic),Yes,No
3721-CNEYS,Month-to-month,Fiber optic,No,Electronic check,Yes,Yes
8727-JQFHV,Two year,No,No internet service,Mailed check,No,No
9475-NNDGC,One year,Fiber optic,Yes,Bank transfer (automatic),Yes,No
1355-KUSBG,Month-to-month,DSL,No,Electronic check,No,No
3688-FTHLT,Month-to-month,DSL,No,Bank transfer (automatic),Yes,No
0899-LIIBW,Month-to-month,Fiber optic,No,Electronic check,No,No
2568-OIADY,Month-to-month,Fiber optic,No,Electronic check,Yes,Yes
1384-RCUXW,Month-to-month,Fiber optic,No,Mailed check,Yes,No
5825-XJOCM,One year,DSL,No,Bank transfer (automatic),Yes,No
6848-YLDFR,One year,DSL,Yes,Credit card (automatic),Yes,No
8125-QPFJD,Two year,DSL,Yes,Bank transfer (automatic),Yes,No
2320-YKQBO,Month-to-month,No,No internet service,Mailed check,No,No
1193-RTSLK,Month-to-month,Fiber optic,No,Credit card (automatic),Yes,Yes
2302-ANTDP,Month-to-month,Fiber optic,Yes,Electronic check,No,Yes
5923-GXUOC,Month-to-month,Fiber optic,No,Electronic check,Yes,Yes
4973-RLZVI,One year,DSL,Yes,Credit card (automatic),No,No
7869-ZYDST,Month-to-month,DSL,No,Credit card (automatic),Yes,No
4501-UYKBC,One year,DSL,Yes,Credit card (automatic),Yes,No
1215-EXRMO,Two year,No,No internet service,Mailed check,No,No
2305-MRGLV,Month-to-month,Fiber optic,Yes,Bank transfer (automatic),No,No
8404-VIOMB,Two year,DSL,Yes,Bank transfer (automatic),Yes,No
5233-GEEAX,Month-to-month,DSL,No,Electronic check,Yes,Yes
2359-KLTEK,Month-to-month,Fiber optic,No,Bank transfer (automatic),Yes,No
5304-EFJLP,Two year,Fiber optic,Yes,Bank transfer (automatic),Yes,No
2673-ZALNP,One year,No,No internet service,Mailed check,No,No
9184-GALIL,Month-to-month,No,No internet service,Mailed check,No,No
4393-RYCRE,One year,Fiber optic,No,Electronic check,Yes,No
9746-MDMBK,One year,Fiber optic,Yes,Bank transfer (automatic),Yes,No
3162-ZJZFU,Month-to-month,Fiber optic,Yes,Electronic check,Yes,No
8404-GFGCZ,Month-to-month,DSL,No,Electronic check,No,No
8875-AKBYH,Month-to-month,Fiber optic,No,Electronic check,Yes,No
4432-ADRLB,Month-to-month,DSL,No,Mailed check,No,Yes
0533-UCAAU,One year,DSL,No,Credit card (automatic),Yes,No
1394-SUIUH,Month-to-month,Fiber optic,Yes,Electronic check,Yes,No
3521-MNKLV,Month-to-month,DSL,No,Mailed check,Yes,No
2533-TIBIX,Month-to-month,DSL,No,Bank transfer (automatic),Yes,No
8993-PHFWD,Month-to-month,DSL,No,Electronic check,No,Yes
1565-RHDJD,Month-to-month,Fiber optic,No,Bank transfer (automatic),No,Yes
7137-RYLPP,Month-to-month,Fiber optic,No,Electronic check,Yes,Yes
3765-JXVKY,Month-to-month,Fiber optic,No,Electronic check,Yes,Yes
5092-STPKP,Month-to-month,DSL,Yes,Credit card (automatic),No,No
7330-WZLNC,Month-to-month,Fiber optic,No,Electronic check,Yes,Yes
0114-PEGZZ,Month-to-month,Fiber optic,No,Electronic check,No,No
3359-DSRKA,Two year,No,No internet service,Mailed check,Yes,No
8639-NHQEI,Two year,Fiber optic,No,Bank transfer (automatic),Yes,No
7161-DFHUF,Two year,No,No internet service,Mailed check,No,No
3957-LXOLK,Month-to-month,Fiber optic,No,Electronic check,Yes,Yes
3720-DBRWL,Two year,DSL,Yes,Credit card (automatic),Yes,No
6635-MYYYZ,One year,DSL,Yes,Bank transfer (automatic),No,Yes
8565-WUXZU,Two year,Fiber optic,Yes,Credit card (automatic),Yes,No
5281-BUZGT,Month-to-month,Fiber optic,No,Electronic check,Yes,Yes
4994-OBRSZ,Two year,DSL,Yes,Bank transfer (automatic),No,No
0562-FGDCR,Two year,DSL,Yes,Mailed check,No,No
2436-QBZFP,Month-to-month,DSL,No,Electronic check,No,No
3420-YJLQT,Month-to-month,Fiber optic,No,Electronic check,No,No
6040-CGACY,Month-to-month,No,No internet service,Mailed check,No,No
6582-PLFUU,Two year,No,No internet service,Credit card (automatic),No,No
8242-PDSGJ,Two year,DSL,Yes,Credit card (automatic),Yes,No
0264-CNITK,Two year,No,No internet service,Bank transfer (automatic),No,No
0089-IIQKO,Month-to-month,Fiber optic,Yes,Credit card (automatic),Yes,No
7839-NUIAA,Month-to-month,DSL,No,Electronic check,No,No
6075-QMNRR,Month-to-month,DSL,No,Bank transfer (automatic),Yes,No
5378-IKEEG,Month-to-month,DSL,No,Electronic check,Yes,Yes
5966-EMAZU,One year,Fiber optic,Yes,Mailed check,Yes,No
0440-EKDCF,Two year,DSL,Yes,Credit card (automatic),Yes,No
4774-HHGGS,Two year,No,No internet service,Mailed check,No,No
2718-GAXQD,Month-to-month,DSL,No,Electronic check,No,Yes
2055-BFOCC,One year,DSL,Yes,Bank transfer (automatic),Yes,No
8180-AKMJV,Month-to-month,DSL,No,Credit card (automatic),Yes,No
4298-OYIFC,Month-to-month,Fiber optic,Yes,Electronic check,Yes,No
5566-SOEZD,One year,Fiber optic,No,Credit card (automatic),Yes,No
9842-EFSYY,Month-to-month,DSL,No,Mailed check,Yes,No
2272-WUSPA,Two year,Fiber optic,No,Electronic check,Yes,No
4584-LBNMK,One year,No,No internet service,Credit card (automatic),No,No
3898-GUYTS,Month-to-month,Fiber optic,Yes,Electronic check,Yes,No
0930-EHUZA,One year,DSL,Yes,Mailed check,Yes,No
6413-XKKPU,Month-to-month,Fiber optic,No,Electronic check,Yes,Yes
9975-SKRNR,Month-to-month,No,No internet service,Mailed check,No,No
3703-KBKZP,Month-to-month,Fiber optic,No,Bank transfer (automatic),Yes,No
1449-XQEMT,Month-to-month,No,No internet service,Mailed check,Yes,Yes
2626-URJFX,Month-to-month,DSL,No,Electronic check,Yes,Yes
4973-MGTON,Two year,DSL,Yes,Credit card (automatic),Yes,No
3682-YEUWS,Month-to-month,No,No internet service,Mailed check,Yes,No
1223-UNPKS,Two year,No,No internet service,Mailed check,No,No
2612-RRIDN,Month-to-month,Fiber optic,No,Electronic check,Yes,Yes
4735-ASGMA,Month-to-month,Fiber optic,No,Electronic check,Yes,Yes
3446-QDSZF,Month-to-month,DSL,No,Credit card (automatic),No,No
3669-LVWZB,Month-to-month,DSL,No,Mailed check,Yes,Yes
6892-EZDTG,Month-to-month,Fiber optic,No,Electronic check,Yes,Yes
5117-IFGPS,Month-to-month,Fiber optic,No,Electronic check,Yes,No
7379-FNIUJ,Month-to-month,Fiber optic,No,Electronic check,No,No
1627-AFWVJ,Two year,No,No internet service,Mailed check,No,No
9725-SCPZG,Month-to-month,Fiber optic,No,Electronic check,Yes,Yes
5884-GCYMI,Month-to-month,Fiber optic,No,Mailed check,No,Yes
3217-FZDMN,Month-to-month,Fiber optic,No,Credit card (automatic),Yes,Yes
4486-EFAEB,Month-to-month,No,No internet service,Electronic check,Yes,No
0060-FUALY,Month-to-month,Fiber optic,No,Electronic check,Yes,No
7853-GVUDZ,Month-to-month,No,No internet service,Credit card (automatic),Yes,Yes
7480-QNVZJ,Month-to-month,Fiber optic,No,Electronic check,Yes,Yes
6954-OOYZZ,Month-to-month,DSL,No,Bank transfer (automatic),Yes,No
7088-FBAWU,Month-to-month,DSL,No,Mailed check,No,No
8313-AFGBW,Two year,DSL,No,Electronic check,No,No
3943-KDREE,Month-to-month,Fiber optic,No,Bank transfer (automatic),Yes,Yes
9239-ZBZZV,Month-to-month,DSL,No,Electronic check,Yes,Yes
3097-IDVPU,Month-to-month,DSL,No,Credit card (automatic),No,No
4398-HSCJH,Month-to-month,DSL,Yes,Electronic check,Yes,Yes
2197-OMWGI,Two year,DSL,No,Electronic check,Yes,No
2303-PJYHN,Month-to-month,No,No internet service,Bank transfer (automatic),No,No
9795-VOWON,One year,DSL,No,Credit card (automatic),Yes,No
1237-WIYYZ,Month-to-month,No,No internet service,Mailed check,Yes,No
1987-AUELQ,Two year,No,No internet service,Credit card (automatic),No,No
7852-LECYP,Month-to-month,Fiber optic,No,Credit card (automatic),No,No
4430-UZIPO,Month-to-month,DSL,Yes,Mailed check,Yes,Yes
4822-LPTYJ,Two year,Fiber optic,No,Bank transfer (automatic),Yes,No
8165-CBKXO,Two year,DSL,No,Credit card (automatic),Yes,No
6527-PZFPV,One year,No,No internet service,Credit card (automatic),Yes,No
4855-SNKMY,Month-to-month,DSL,No,Electronic check,Yes,Yes
9593-CVZKR,Two year,No,No internet service,Mailed check,Yes,No
8595-SIZNC,One year,No,No internet service,Bank transfer (automatic),No,No
8008-HAWED,Month-to-month,DSL,No,Electronic check,Yes,Yes
7124-UGSUR,One year,Fiber optic,No,Credit card (automatic),Yes,Yes
1862-SKORY,Month-to-month,DSL,No,Electronic check,Yes,Yes
5236-XMZJY,Month-to-month,DSL,No,Bank transfer (automatic),No,No
4827-DPADN,Two year,DSL,Yes,Bank transfer (automatic),Yes,No
2694-CIUMO,Month-to-month,Fiber optic,Yes,Credit card (automatic),Yes,No
5846-ABOBJ,Two year,No,No internet service,Bank transfer (automatic),No,No
1439-LCGVL,One year,No,No internet service,Mailed check,No,No
0909-SDHNU,Month-to-month,DSL,No,Mailed check,No,No
4647-XXZAM,Month-to-month,DSL,No,Mailed check,No,No
1502-XFCVR,One year,Fiber optic,No,Electronic check,Yes,Yes
7740-KKCXF,Month-to-month,DSL,No,Credit card (automatic),Yes,No
5360-XGYAZ,Two year,DSL,Yes,Bank transfer (automatic),Yes,No
9692-TUSXH,Month-to-month,Fiber optic,No,Electronic check,Yes,Yes
7912-SYRQT,Month-to-month,Fiber optic,No,Bank transfer (automatic),Yes,Yes
3557-HTYWR,Two year,DSL,Yes,Mailed check,No,No
4816-JBHOV,Month-to-month,DSL,No,Electronic check,Yes,Yes
8920-NAVAY,One year,Fiber optic,Yes,Bank transfer (automatic),Yes,No
1699-TLDLZ,Two year,No,No internet service,Mailed check,No,No
5600-PDUJF,Month-to-month,DSL,Yes,Credit card (automatic),Yes,No
8292-TYSPY,Month-to-month,DSL,Yes,Credit card (automatic),Yes,Yes
0567-XRHCU,Two year,DSL,No,Credit card (automatic),Yes,No
1867-BDVFH,Month-to-month,Fiber optic,No,Electronic check,Yes,Yes
2067-QYTCF,Month-to-month,Fiber optic,Yes,Electronic check,Yes,No
2359-QWQUL,One year,Fiber optic,Yes,Credit card (automatic),Yes,Yes
9103-TCIHJ,Month-to-month,DSL,No,Mailed check,Yes,Yes
7407-SUJIZ,Month-to-month,No,No internet service,Mailed check,No,No
9150-KPBJQ,Two year,No,No internet service,Credit card (automatic),No,No
0052-DCKON,One year,Fiber optic,Yes,Bank transfer (automatic),No,No
3654-ARMGP,Two year,DSL,Yes,Credit card (automatic),No,No
9699-UBQFS,Month-to-month,Fiber optic,No,Electronic check,Yes,No
9367-TCUYN,Month-to-month,No,No internet service,Mailed check,No,No
1261-FWTTE,Month-to-month,DSL,No,Bank transfer (automatic),Yes,No
3528-HFRIQ,Month-to-month,DSL,No,Bank transfer (automatic),Yes,No
0708-SJDIS,Month-to-month,DSL,Yes,Mailed check,No,No
4140-WJAWW,Month-to-month,No,No internet service,Credit card (automatic),No,Yes
2073-QBVBI,One year,DSL,Yes,Mailed check,No,No
6928-ONTRW,Two year,No,No internet service,Credit card (automatic),No,No
3320-VEOYC,Month-to-month,Fiber optic,No,Electronic check,Yes,No
5231-FIQPA,Two year,No,No internet service,Mailed check,Yes,No
6617-WLBQC,One year,Fiber optic,No,Credit card (automatic),No,No
2599-CIPQE,Two year,Fiber optic,Yes,Credit card (automatic),No,No
6653-CBBOM,Month-to-month,Fiber optic,No,Electronic check,Yes,Yes
8774-GSBUN,Two year,No,No internet service,Mailed check,No,No
7326-RIGQZ,Month-to-month,Fiber optic,No,Electronic check,Yes,No
1401-FTHFQ,One year,No,No internet service,Credit card (automatic),Yes,No
3247-ZVOUO,Month-to-month,Fiber optic,No,Electronic check,No,Yes
0254-FNMCI,Two year,Fiber optic,Yes,Electronic check,Yes,No
1848-LBZHY,Month-to-month,DSL,No,Bank transfer (automatic),Yes,No
6101-IMRMM,Month-to-month,Fiber optic,No,Mailed check,No,Yes
8118-TJAFG,Month-to-month,Fiber optic,Yes,Electronic check,Yes,No
5429-LWCMV,Month-to-month,Fiber optic,No,Electronic check,Yes,No
7298-IZWLY,Month-to-month,No,No internet service,Mailed check,Yes,No
9758-MFWGD,One year,DSL,No,Bank transfer (automatic),No,No
3955-JBZZM,Month-to-month,Fiber optic,No,Electronic check,No,No
1268-ASBGA,Month-to-month,Fiber optic,No,Credit card (automatic),Yes,Yes
8943-URTMR,Month-to-month,Fiber optic,No,Mailed check,Yes,Yes
4815-TUMEQ,One year,No,No internet service,Mailed check,Yes,No
4713-LZDRV,Month-to-month,Fiber optic,No,Electronic check,Yes,Yes
9909-IDLEK,Month-to-month,Fiber optic,Yes,Mailed check,No,No
4092-OFQZS,One year,No,No internet service,Mailed check,No,No
1561-BWHIN,One year,No,No internet service,Mailed check,No,No
4325-NFSKC,Month-to-month,Fiber optic,No,Electronic check,Yes,Yes
9927-DSWDF,Month-to-month,Fiber optic,Yes,Electronic check,Yes,No
9500-LTVBP,Month-to-month,Fiber optic,Yes,Credit card (automatic),No,No
7252-NTGSS,Month-to-month,DSL,No,Mailed check,No,No
8149-AIQCG,Month-to-month,Fiber optic,No,Credit card (automatic),Yes,No
1360-JYXKQ,One year,Fiber optic,Yes,Electronic check,Yes,No
2955-PSXOE,Month-to-month,No,No internet service,Bank transfer (automatic),Yes,Yes
7762-URZQH,Two year,Fiber optic,No,Credit card (automatic),Yes,Yes
0899-WZRSD,Month-to-month,Fiber optic,Yes,Mailed check,Yes,No
3255-GRXMG,Month-to-month,DSL,No,Credit card (automatic),Yes,No
4828-FAZPK,Month-to-month,Fiber optic,No,Credit card (automatic),Yes,No
6094-ZIVKX,One year,DSL,No,Credit card (automatic),Yes,No
6925-BAYGL,Two year,No,No internet service,Credit card (automatic),No,No
3262-EIDHV,Two year,DSL,Yes,Credit card (automatic),No,No
7354-OIJLX,Month-to-month,Fiber optic,No,Electronic check,Yes,No
1376-HHBDV,Month-to-month,DSL,No,Mailed check,Yes,No
6907-NZZIJ,Month-to-month,Fiber optic,No,Electronic check,Yes,Yes
6133-OZILE,Month-to-month,DSL,Yes,Electronic check,Yes,No
4135-FRWKJ,One year,DSL,Yes,Electronic check,No,No
2911-UREFD,Month-to-month,DSL,No,Electronic check,No,Yes
3744-ZRRDZ,Month-to-month,Fiber optic,No,Electronic check,Yes,Yes
5673-TIYIB,Month-to-month,DSL,Yes,Credit card (automatic),Yes,Yes
6551-ZCOTS,One year,No,No internet service,Bank transfer (automatic),Yes,No
7191-ADRGF,Two year,DSL,No,Bank transfer (automatic),No,No
5018-LXQQG,Month-to-month,DSL,Yes,Bank transfer (automatic),No,No
6892-BOGQE,Two year,No,No internet service,Bank transfer (automatic),Yes,No
1602-IJQQE,Month-to-month,Fiber optic,No,Electronic check,No,Yes
4628-WQCQQ,One year,Fiber optic,No,Electronic check,Yes,Yes
1746-TGTWV,Month-to-month,Fiber optic,No,Credit card (automatic),No,No
5995-SNNEW,Month-to-month,Fiber optic,No,Electronic check,Yes,No
8050-WYBND,One year,DSL,No,Credit card (automatic),Yes,No
2821-WARNZ,One year,No,No internet service,Credit card (automatic),No,No
4879-GZLFH,Month-to-month,Fiber optic,No,Electronic check,Yes,No
1644-IRKSF,One year,Fiber optic,No,Electronic check,Yes,Yes
8314-HTWVE,Two year,No,No internet service,Mailed check,No,No
9402-ROUMJ,One year,Fiber optic,Yes,Bank transfer (automatic),Yes,No
2507-QZPQS,Month-to-month,Fiber optic,Yes,Electronic check,No,No
7159-NOKYQ,Two year,Fiber optic,No,Electronic check,Yes,No
5707-ZMDJP,Two year,DSL,Yes,Mailed check,Yes,No
8779-YIQQA,One year,No,No internet service,Mailed check,No,No
7136-IHZJA,Month-to-month,DSL,Yes,Mailed check,Yes,No
8966-OIQHG,One year,No,No internet service,Bank transfer (automatic),No,No
7074-STDCN,Month-to-month,DSL,Yes,Electronic check,Yes,No
3705-PSNGL,One year,No,No internet service,Electronic check,Yes,Yes
8739-QOTTN,Month-to-month,No,No internet service,Mailed check,No,No
1399-OUPJN,Two year,No,No internet service,Bank transfer (automatic),No,No
0277-BKSQP,Month-to-month,DSL,No,Electronic check,Yes,No
6502-HCJTI,Month-to-month,Fiber optic,No,Credit card (automatic),Yes,Yes
2606-RMDHZ,Month-to-month,DSL,No,Credit card (automatic),Yes,Yes
5774-XZTQC,Month-to-month,No,No internet service,Mailed check,No,No
2676-SSLTO,Two year,DSL,Yes,Bank transfer (automatic),Yes,No
6266-QHOJZ,One year,Fiber optic,Yes,Electronic check,Yes,No
7269-JISCY,One year,DSL,No,Bank transfer (automatic),No,No
0363-SVHYR,Two year,DSL,Yes,Bank transfer (automatic),No,No
8547-NSBBO,Month-to-month,Fiber optic,Yes,Mailed check,Yes,No
8258-GSTJK,Month-to-month,Fiber optic,No,Electronic check,Yes,Yes
6861-OKBCE,Month-to-month,No,No internet service,Credit card (automatic),No,Yes
9940-RHLFB,Month-to-month,Fiber optic,No,Electronic check,No,Yes
6591-QGOYB,Month-to-month,Fiber optic,Yes,Bank transfer (automatic),Yes,No
9070-BCKQP,Two year,Fiber optic,Yes,Credit card (automatic),Yes,No
6421-SZVEM,One year,Fiber optic,No,Bank transfer (automatic),Yes,No
1328-EUZHC,Two year,No,No internet service,Mailed check,No,No
2995-UPRYS,One year,Fiber optic,Yes,Credit card (automatic),Yes,Yes
8878-RYUKI,Month-to-month,DSL,No,Electronic check,Yes,No
9633-DENPU,Month-to-month,DSL,No,Bank transfer (automatic),Yes,No
7811-JIVPF,Month-to-month,DSL,No,Credit card (automatic),No,No
7113-HIPFI,Two year,DSL,Yes,Mailed check,No,No
8541-QVFKM,Month-to-month,Fiber optic,No,Electronic check,Yes,No
6686-YPGHK,Month-to-month,Fiber optic,No,Mailed check,No,Yes
1383-EZRWL,Month-to-month,No,No internet service,Mailed check,No,Yes
9258-CNWAC,Two year,Fiber optic,Yes,Credit card (automatic),No,No
5371-VYLSX,Month-to-month,Fiber optic,No,Electronic check,Yes,No
6374-AFWOX,Two year,DSL,Yes,Mailed check,No,No
4759-TRPLW,Month-to-month,Fiber optic,No,Electronic check,No,Yes
5317-FLPJF,Two year,DSL,Yes,Bank transfer (automatic),Yes,No
7621-VPNET,Month-to-month,Fiber optic,Yes,Credit card (automatic),Yes,No
6034-YMTOB,Month-to-month,Fiber optic,Yes,Mailed check,Yes,No
8563-IIOXK,One year,DSL,No,Electronic check,Yes,Yes
4903-CNOZC,One year,DSL,No,Credit card (automatic),No,No
4353-HYOJD,Month-to-month,DSL,No,Mailed check,No,No
8020-BWHYL,Month-to-month,Fiber optic,No,Credit card (automatic),Yes,Yes
7267-FRMJW,Two year,No,No internet service,Mailed check,No,No
2982-VPSGI,Month-to-month,Fiber optic,No,Electronic check,Yes,Yes
4188-FRABG,Month-to-month,Fiber optic,Yes,Electronic check,Yes,No
8199-ZLLSA,One year,Fiber optic,Yes,Bank transfer (automatic),Yes,Yes
4128-ETESU,Month-to-month,Fiber optic,No,Electronic check,No,No
0620-DLSLK,Month-to-month,Fiber optic,No,Mailed check,Yes,No
4625-EWPTF,Month-to-month,DSL,No,Electronic check,Yes,Yes
5980-NOPLP,Month-to-month,Fiber optic,No,Electronic check,Yes,Yes
3850-OKINF,One year,DSL,No,Electronic check,Yes,No
6892-XPFPU,Month-to-month,Fiber optic,No,Electronic check,Yes,Yes
8010-EZLOU,Month-to-month,Fiber optic,No,Electronic check,Yes,Yes
1156-ZFYDO,Month-to-month,No,No internet service,Electronic check,No,No
3295-YVUSR,Month-to-month,Fiber optic,No,Mailed check,Yes,No
8016-NCFVO,Month-to-month,Fiber optic,Yes,Electronic check,Yes,No
4119-ZYPZY,Two year,Fiber optic,Yes,Electronic check,Yes,No
5549-ZGHFB,Two year,No,No internet service,Mailed check,No,No
7577-SWIFR,Month-to-month,Fiber optic,No,Electronic check,Yes,No
0303-WMMRN,Month-to-month,No,No internet service,Mailed check,Yes,No
6408-OTUBZ,One year,Fiber optic,Yes,Bank transfer (automatic),Yes,No
5204-HMGYF,One year,DSL,Yes,Mailed check,Yes,No
1078-TDCRN,Month-to-month,DSL,No,Electronic check,Yes,No
3727-OVPRY,One year,No,No internet service,Credit card (automatic),Yes,No
3797-FKOGQ,Month-to-month,Fiber optic,No,Electronic check,No,No
7622-NXQZR,Month-to-month,DSL,Yes,Credit card (automatic),Yes,No
6196-HBOBZ,Two year,Fiber optic,No,Electronic check,Yes,No
3970-XGJDU,Two year,No,No internet service,Credit card (automatic),Yes,No
7017-VFULY,Month-to-month,No,No internet service,Bank transfer (automatic),No,No
5562-YJQGT,Month-to-month,No,No internet service,Credit card (automatic),No,No
8807-OPMBM,Two year,No,No internet service,Credit card (automatic),Yes,No
5439-WIKXB,Month-to-month,Fiber optic,No,Electronic check,Yes,No
9874-QLCLH,Month-to-month,Fiber optic,No,Electronic check,Yes,Yes
8294-UIMBA,One year,Fiber optic,Yes,Bank transfer (automatic),Yes,No
8109-YUOHE,One year,DSL,No,Mailed check,No,No
5840-NVDCG,Two year,DSL,Yes,Bank transfer (automatic),No,No
8092-NLTGF,Two year,No,No internet service,Bank transfer (automatic),No,No
5928-QLDHB,Month-to-month,Fiber optic,No,Electronic check,Yes,No
9840-EFJQB,Month-to-month,Fiber optic,No,Electronic check,No,No
0696-UKTOX,Month-to-month,DSL,Yes,Electronic check,No,No
4801-KFYKL,Month-to-month,No,No internet service,Bank transfer (automatic),No,No
3472-OAOOR,Month-to-month,DSL,No,Mailed check,Yes,No
6135-OZQVA,Month-to-month,DSL,No,Electronic check,Yes,No
8062-YBDOE,Month-to-month,Fiber optic,No,Electronic check,Yes,Yes
2252-JHJGE,One year,Fiber optic,No,Electronic check,No,No
4188-PCPIG,Two year,DSL,Yes,Credit card (automatic),Yes,No
6000-APYLU,Month-to-month,Fiber optic,No,Electronic check,Yes,Yes
7105-BENQF,One year,DSL,No,Mailed check,No,No
7721-DVEKZ,Month-to-month,No,No internet service,Mailed check,No,No
3566-VVORZ,Month-to-month,DSL,No,Bank transfer (automatic),No,No
9507-HSMMZ,Two year,No,No internet service,Mailed check,No,No
2480-SQIOB,Month-to-month,DSL,No,Electronic check,No,No
0947-IDHRQ,Month-to-month,Fiber optic,No,Mailed check,Yes,Yes
7813-TKCVO,One year,No,No internet service,Mailed check,No,No
0128-MKWSG,Month-to-month,DSL,Yes,Mailed check,No,No
3672-YITQD,Month-to-month,Fiber optic,No,Electronic check,Yes,Yes
4350-ZTLPI,One year,Fiber optic,Yes,Bank transfer (automatic),Yes,No
9048-JVYVF,Month-to-month,DSL,Yes,Electronic check,Yes,Yes
0361-HJRDX,Two year,DSL,Yes,Credit card (automatic),No,No
5727-MYATE,Two year,DSL,Yes,Credit card (automatic),Yes,No
3823-KYNQY,One year,No,No internet service,Credit card (automatic),No,No
8988-ECPJR,Month-to-month,Fiber optic,No,Mailed check,Yes,Yes
7570-WELNY,Two year,Fiber optic,No,Bank transfer (automatic),Yes,No
3021-VLNRJ,One year,DSL,Yes,Credit card (automatic),Yes,No
3776-EKTKM,Month-to-month,DSL,No,Electronic check,Yes,Yes
2080-CAZNM,Month-to-month,Fiber optic,No,Electronic check,Yes,No
1028-FFNJK,Month-to-month,Fiber optic,Yes,Electronic check,Yes,No
6907-FLBER,Month-to-month,DSL,No,Electronic check,No,No
3001-UNBTL,Month-to-month,Fiber optic,No,Electronic check,Yes,No
5982-PSMKW,Two year,DSL,Yes,Credit card (automatic),Yes,No
3507-GASNP,Two year,No,No internet service,Mailed check,No,No
7096-ZNBZI,Two year,No,No internet service,Credit card (automatic),No,No
1902-XBTFB,Month-to-month,Fiber optic,No,Electronic check,Yes,Yes
1676-MQAOA,Two year,DSL,Yes,Bank transfer (automatic),Yes,No
0786-IVLAW,One year,Fiber optic,No,Bank transfer (automatic),No,No
7566-DSRLQ,Two year,Fiber optic,Yes,Electronic check,Yes,No
0643-OKLRP,Month-to-month,Fiber optic,No,Electronic check,No,Yes
7245-JMTTQ,One year,Fiber optic,Yes,Electronic check,Yes,No
6050-IJRHS,One year,Fiber optic,No,Electronic check,Yes,No
6202-JVYEU,One year,No,No internet service,Electronic check,Yes,No
8591-TKMZH,Two year,Fiber optic,Yes,Mailed check,Yes,No
0734-OXWBT,Month-to-month,DSL,Yes,Mailed check,No,No
4282-ACRXS,Month-to-month,DSL,No,Electronic check,Yes,No
0365-TRTPY,Month-to-month,Fiber optic,No,Bank transfer (automatic),No,No
7349-ALMUX,Two year,DSL,Yes,Bank transfer (automatic),No,No
9381-NDKME,Month-to-month,DSL,No,Credit card (automatic),Yes,Yes
6502-KUGLL,Month-to-month,DSL,Yes,Bank transfer (automatic),No,No
1841-YSJGV,Two year,Fiber optic,Yes,Credit card (automatic),Yes,No
2794-XIMMO,One year,DSL,Yes,Electronic check,Yes,Yes
8382-SHQEH,Month-to-month,Fiber optic,No,Electronic check,Yes,Yes
3511-BFTJW,Two year,DSL,No,Credit card (automatic),No,No
7668-XCFYV,Month-to-month,Fiber optic,No,Electronic check,Yes,No
2983-ZANRP,Month-to-month,Fiber optic,No,Bank transfer (automatic),Yes,Yes
7845-URHJN,Month-to-month,No,No internet service,Bank transfer (automatic),No,Yes
3034-ZBEQN,One year,DSL,No,Mailed check,No,Yes
5018-HEKFO,Month-to-month,No,No internet service,Mailed check,Yes,No
2923-ARZLG,One year,No,No internet service,Mailed check,Yes,No
3976-NLDEZ,Month-to-month,No,No internet service,Mailed check,No,No
2282-YGNOR,One year,DSL,Yes,Credit card (automatic),No,No
5336-UFNZP,One year,Fiber optic,No,Electronic check,Yes,No
6854-EXGSF,Month-to-month,DSL,No,Bank transfer (automatic),Yes,No
1241-EZFMJ,Two year,No,No internet service,Bank transfer (automatic),No,No
9233-PSYHO,One year,Fiber optic,No,Bank transfer (automatic),Yes,No
5376-PCKNB,One year,Fiber optic,No,Credit card (automatic),Yes,No
8044-BGWPI,Month-to-month,No,No internet service,Electronic check,Yes,No
4060-LDNLU,Month-to-month,Fiber optic,No,Electronic check,No,No
3589-PPVKW,Month-to-month,DSL,No,Mailed check,Yes,No
8327-LZKAS,One year,Fiber optic,Yes,Electronic check,Yes,Yes
5887-IKKYO,Two year,Fiber optic,Yes,Bank transfer (automatic),No,No
1075-BGWOH,Month-to-month,Fiber optic,No,Electronic check,Yes,Yes
1755-RMCXH,Month-to-month,No,No internet service,Mailed check,No,No
0302-JOIVN,Month-to-month,Fiber optic,No,Electronic check,No,Yes
3858-XHYJO,One year,Fiber optic,No,Bank transfer (automatic),No,No
4299-SIMNS,Month-to-month,Fiber optic,No,Electronic check,Yes,No
7025-IWFHT,One year,Fiber optic,Yes,Electronic check,Yes,No
6261-LHRTG,Month-to-month,DSL,No,Credit card (automatic),Yes,No
7841-FCRQD,One year,DSL,Yes,Credit card (automatic),Yes,No
2056-EVGZL,One year,Fiber optic,Yes,Credit card (automatic),No,No
8777-MBMTS,Two year,Fiber optic,Yes,Credit card (automatic),Yes,No
7753-USQYQ,One year,DSL,Yes,Electronic check,Yes,No
5366-IJEQJ,Month-to-month,Fiber optic,No,Electronic check,Yes,Yes
7661-CPURM,One year,Fiber optic,Yes,Credit card (automatic),Yes,No
6233-HXJMX,Month-to-month,Fiber optic,No,Credit card (automatic),Yes,No
5902-WBLSE,Two year,No,No internet service,Credit card (automatic),Yes,No
1981-INRFU,Month-to-month,Fiber optic,No,Electronic check,Yes,Yes
4971-PUYQO,Month-to-month,Fiber optic,No,Mailed check,Yes,Yes
3239-TPHPZ,Two year,No,No internet service,Electronic check,Yes,No
5115-GZDEL,Two year,DSL,Yes,Credit card (automatic),No,No
3338-CVVEH,Month-to-month,Fiber optic,No,Electronic check,No,No
8485-GJCDN,Month-to-month,Fiber optic,No,Mailed check,Yes,Yes
2615-YVMYX,Month-to-month,Fiber optic,No,Electronic check,Yes,No
2851-STERV,One year,DSL,Yes,Electronic check,Yes,No
4393-GEADV,Two year,Fiber optic,Yes,Credit card (automatic),No,No
8486-AYEQH,Month-to-month,Fiber optic,No,Electronic check,Yes,No
1527-SXDPN,Two year,Fiber optic,Yes,Bank transfer (automatic),Yes,Yes
6029-WTIPC,Month-to-month,Fiber optic,No,Electronic check,Yes,Yes
8634-CILSZ,One year,Fiber optic,Yes,Bank transfer (automatic),Yes,Yes
5419-JKZNQ,Month-to-month,Fiber optic,No,Mailed check,No,No
2495-KZNFB,Month-to-month,Fiber optic,No,Electronic check,Yes,No
1409-PHXTF,Two year,Fiber optic,Yes,Electronic check,Yes,No
4560-WQAQW,One year,DSL,Yes,Bank transfer (automatic),No,No
9591-YVTEB,Month-to-month,DSL,No,Electronic check,Yes,No
9309-BZGNT,One year,DSL,No,Credit card (automatic),Yes,No
4274-DRSQT,One year,Fiber optic,No,Bank transfer (automatic),Yes,No
2027-DNKIV,One year,DSL,Yes,Mailed check,Yes,No
8075-GXIUB,One year,No,No internet service,Credit card (automatic),No,No
2885-HIJDH,Two year,DSL,Yes,Bank transfer (automatic),No,No
5424-RLQLC,Month-to-month,DSL,No,Mailed check,Yes,No
6682-QJDGB,Month-to-month,DSL,No,Mailed check,Yes,Yes
6507-DTJZV,Month-to-month,DSL,No,Credit card (automatic),No,No
8780-IXSTS,Month-to-month,Fiber optic,No,Electronic check,Yes,Yes
7673-BQGKU,Two year,No,No internet service,Bank transfer (automatic),No,No
6723-WSNTY,One year,Fiber optic,Yes,Credit card (automatic),Yes,No
9530-EHPOH,Month-to-month,DSL,No,Electronic check,No,Yes
2725-IWWBA,One year,DSL,Yes,Mailed check,No,No
0345-HKJVM,Month-to-month,Fiber optic,No,Electronic check,No,Yes
1061-PNTHC,Month-to-month,Fiber optic,Yes,Mailed check,Yes,No
0394-YONDK,Two year,No,No internet service,Credit card (automatic),No,No
6574-MCOEH,One year,DSL,Yes,Electronic check,Yes,No
7399-QHBJS,Two year,DSL,Yes,Credit card (automatic),No,No
3049-SOLAY,Month-to-month,Fiber optic,No,Electronic check,Yes,Yes
0997-YTLNY,Month-to-month,DSL,Yes,Mailed check,No,No
3317-HRTNN,Month-to-month,DSL,No,Electronic check,No,Yes
9479-HYNYL,Two year,DSL,Yes,Credit card (automatic),Yes,No
3235-ETOOB,Month-to-month,Fiber optic,No,Electronic check,Yes,Yes
9708-KFDBY,Month-to-month,No,No internet service,Credit card (automatic),No,No
8058-INTPH,Month-to-month,Fiber optic,No,Electronic check,Yes,Yes
3642-GKTCT,One year,Fiber optic,Yes,Mailed check,Yes,No
0774-RMNUW,Two year,DSL,Yes,Bank transfer (automatic),No,No
1334-PDUKM,One year,Fiber optic,No,Credit card (automatic),No,No
0756-MPZRL,One year,DSL,Yes,Credit card (automatic),No,No
2242-MFOTG,One year,Fiber optic,No,Bank transfer (automatic),No,No
2927-CVULT,Two year,Fiber optic,Yes,Bank transfer (automatic),Yes,No
2144-BFDSO,Month-to-month,Fiber optic,No,Bank transfer (automatic),No,No
8745-PVESG,One year,DSL,Yes,Credit card (automatic),Yes,No
7647-GYYKX,Two year,No,No internet service,Bank transfer (automatic),Yes,No
5647-FXOTP,Month-to-month,Fiber optic,No,Electronic check,Yes,No
5569-OUICF,Month-to-month,Fiber optic,Yes,Credit card (automatic),Yes,Yes
8821-XNHVZ,Month-to-month,Fiber optic,No,Mailed check,Yes,Yes
2082-OJVTK,Month-to-month,Fiber optic,No,Electronic check,Yes,Yes
9700-ISPUP,Month-to-month,DSL,Yes,Electronic check,Yes,No
9839-ETQOE,Month-to-month,DSL,No,Electronic check,Yes,No
6078-VESFR,Month-to-month,Fiber optic,No,Bank transfer (automatic),No,No
9027-TMATR,Two year,DSL,Yes,Electronic check,Yes,No
5940-NFXKV,Month-to-month,Fiber optic,No,Electronic check,Yes,Yes
1941-HOSAM,Month-to-month,Fiber optic,No,Electronic check,Yes,No
9110-HSGTV,Two year,DSL,Yes,Credit card (automatic),Yes,No
0704-VCUMB,Two year,No,No internet service,Credit card (automatic),No,No
6171-ZTVYB,Month-to-month,DSL,Yes,Bank transfer (automatic),No,No
8053-WWDRO,Month-to-month,No,No internet service,Bank transfer (automatic),No,Yes
9564-KCLHR,Month-to-month,DSL,Yes,Mailed check,No,Yes
1935-IMVBB,Month-to-month,Fiber optic,No,Mailed check,No,No
2535-PBCGC,Two year,DSL,Yes,Bank transfer (automatic),No,No
2082-CEFLT,Month-to-month,DSL,No,Electronic check,Yes,Yes
1470-PSXNM,One year,Fiber optic,No,Electronic check,Yes,No
1213-NGCUN,Month-to-month,DSL,Yes,Bank transfer (automatic),Yes,Yes
2498-XLDZR,Two year,DSL,Yes,Mailed check,No,No
9866-OCCKE,Two year,Fiber optic,Yes,Mailed check,Yes,No
5338-YHWYT,Two year,DSL,Yes,Credit card (automatic),No,No
7718-UPSKJ,One year,Fiber optic,Yes,Credit card (automatic),Yes,No
8731-WBBMB,Month-to-month,DSL,Yes,Bank transfer (automatic),No,No
1448-CYWKC,One year,Fiber optic,No,Credit card (automatic),Yes,No
7901-IIDQV,One year,DSL,Yes,Bank transfer (automatic),No,No
2690-DVRVK,One year,No,No internet service,Electronic check,No,No
5688-KZTSN,Month-to-month,No,No internet service,Electronic check,Yes,Yes
1270-XKUCC,Two year,No,No internet service,Mailed check,No,No
0334-ZFJSR,One year,DSL,Yes,Credit card (automatic),Yes,No
2894-QOJRX,Month-to-month,DSL,No,Bank transfer (automatic),Yes,Yes
5747-PMBSQ,Month-to-month,Fiber optic,Yes,Mailed check,Yes,Yes
5583-EJXRD,Two year,DSL,Yes,Credit card (automatic),Yes,No
4565-EVZMJ,One year,DSL,Yes,Mailed check,Yes,No
3143-JQEGI,Month-to-month,Fiber optic,No,Electronic check,No,Yes
6386-SZZKH,Two year,Fiber optic,Yes,Bank transfer (automatic),Yes,Yes
3327-YBAKM,One year,Fiber optic,Yes,Mailed check,Yes,No
9441-QHEVC,Month-to-month,No,No internet service,Mailed check,No,No
6705-LNMDD,Month-to-month,DSL,Yes,Mailed check,No,No
2580-ASVVY,Two year,DSL,Yes,Electronic check,No,No
3370-GQEAL,Month-to-month,Fiber optic,No,Electronic check,No,No
5032-USPKF,One year,DSL,No,Bank transfer (automatic),No,No
2982-IHMFT,Month-to-month,Fiber optic,No,Mailed check,Yes,Yes
3521-SYVOR,Month-to-month,DSL,No,Electronic check,Yes,Yes
4254-QPEDE,Two year,DSL,Yes,Credit card (automatic),No,No
6283-GITPX,Two year,DSL,Yes,Credit card (automatic),Yes,No
9526-JAWYF,Month-to-month,Fiber optic,No,Electronic check,No,Yes
0771-CHWSK,Two year,DSL,No,Credit card (automatic),Yes,No
9788-HNGUT,Two year,Fiber optic,Yes,Credit card (automatic),Yes,No
9495-REDIY,One year,DSL,No,Credit card (automatic),Yes,No
5375-XLDOF,Two year,Fiber optic,Yes,Bank transfer (automatic),Yes,No
1172-VIYBP,Two year,DSL,No,Bank transfer (automatic),No,No
5649-VUKMC,One year,Fiber optic,No,Mailed check,No,Yes
6559-PDZLR,Month-to-month,Fiber optic,Yes,Electronic check,Yes,No
8992-OBVDG,Month-to-month,DSL,No,Mailed check,No,No
4273-MBHYA,Month-to-month,Fiber optic,No,Electronic check,Yes,No
4724-WXVWF,Month-to-month,Fiber optic,Yes,Electronic check,Yes,No
5701-GUXDC,One year,DSL,No,Credit card (automatic),No,No
1460-UZPRJ,Two year,No,No internet service,Mailed check,No,No
6082-GLJIX,Month-to-month,No,No internet service,Mailed check,No,No
5143-EGQFK,Month-to-month,DSL,Yes,Electronic check,Yes,Yes
4919-IKATY,Month-to-month,Fiber optic,No,Electronic check,Yes,Yes
2495-TTHBQ,One year,No,No internet service,Mailed check,Yes,No
0485-ZBSLN,Two year,No,No internet service,Credit card (automatic),No,No
3810-PJUHR,Two year,No,No internet service,Mailed check,No,No
9050-QLROH,Month-to-month,Fiber optic,No,Credit card (automatic),Yes,Yes
0847-HGRML,Two year,No,No internet service,Bank transfer (automatic),No,No
8232-CTLKO,Two year,DSL,No,Electronic check,Yes,No
9227-YBAXE,Two year,DSL,Yes,Bank transfer (automatic),Yes,No
6168-WFVVF,Month-to-month,Fiber optic,No,Electronic check,Yes,Yes
9860-LISIZ,Month-to-month,No,No internet service,Mailed check,No,No
0112-QAWRZ,Month-to-month,Fiber optic,No,Bank transfer (automatic),Yes,No
0877-SDMBN,One year,Fiber optic,No,Bank transfer (automatic),Yes,Yes
2786-GCDPI,Month-to-month,Fiber optic,Yes,Electronic check,Yes,No
4043-MKDTV,Two year,Fiber optic,Yes,Electronic check,Yes,No
8065-YKXKD,Month-to-month,Fiber optic,No,Electronic check,Yes,Yes
9637-EIHEQ,Month-to-month,DSL,Yes,Electronic check,Yes,Yes
9229-RQABD,One year,No,No internet service,Mailed check,No,No
8313-KTIHG,Month-to-month,DSL,Yes,Electronic check,Yes,No
5320-BRKGK,Two year,DSL,Yes,Mailed check,No,No
6284-KMNUF,One year,Fiber optic,No,Electronic check,Yes,No
9689-PTNPG,Month-to-month,Fiber optic,No,Electronic check,Yes,Yes
9465-RWMXL,Month-to-month,Fiber optic,No,Electronic check,Yes,Yes
6229-UOLQL,One year,DSL,Yes,Mailed check,Yes,No
2362-IBOOY,Month-to-month,Fiber optic,No,Electronic check,Yes,Yes
3137-LUPIX,Month-to-month,DSL,Yes,Mailed check,Yes,No
0843-WTBXE,Month-to-month,Fiber optic,No,Bank transfer (automatic),No,Yes
6143-JQKEA,Month-to-month,DSL,No,Credit card (automatic),Yes,No
8676-OOQEJ,Month-to-month,DSL,Yes,Electronic check,No,No
5515-IDEJJ,Month-to-month,No,No internet service,Mailed check,No,Yes
9701-CDXHR,Month-to-month,Fiber optic,No,Mailed check,No,No
7450-NWRTR,Month-to-month,Fiber optic,No,Electronic check,Yes,Yes
8124-NZVGJ,One year,DSL,Yes,Mailed check,Yes,No
2162-FRZAA,Two year,DSL,Yes,Bank transfer (automatic),No,No
5376-DEQCP,Month-to-month,Fiber optic,No,Electronic check,Yes,Yes
5118-MUEYH,Month-to-month,Fiber optic,Yes,Credit card (automatic),Yes,No
9095-HFAFX,Month-to-month,Fiber optic,No,Credit card (automatic),Yes,Yes
5627-TVBPP,One year,No,No internet service,Credit card (automatic),Yes,No
2379-ENZGV,Month-to-month,Fiber optic,No,Electronic check,Yes,Yes
3936-QQFLL,Month-to-month,No,No internet service,Mailed check,No,No
2589-AYCRP,One year,No,No internet service,Bank transfer (automatic),No,No
4067-HLYQI,Month-to-month,Fiber optic,No,Bank transfer (automatic),Yes,No
5124-EOGYE,Two year,No,No internet service,Mailed check,No,No
5057-RKGLH,Two year,No,No internet service,Mailed check,No,No
0292-WEGCH,Month-to-month,DSL,Yes,Electronic check,Yes,No
8910-ICHIU,One year,Fiber optic,No,Credit card (automatic),Yes,No
4097-YODCF,One year,Fiber optic,No,Electronic check,Yes,No
9715-WZCLW,Two year,Fiber optic,No,Electronic check,Yes,No
9786-YWNHU,Two year,DSL,Yes,Mailed check,No,No
6407-GSJNL,Two year,No,No internet service,Bank transfer (automatic),No,No
6005-OBZPH,Month-to-month,Fiber optic,No,Electronic check,Yes,Yes
4049-ZPALD,Two year,Fiber optic,No,Bank transfer (automatic),Yes,No
7932-WPTDS,Month-to-month,DSL,No,Electronic check,Yes,Yes
3733-UOCWF,One year,Fiber optic,Yes,Bank transfer (automatic),Yes,No
6833-JMZYP,Month-to-month,Fiber optic,No,Credit card (automatic),Yes,No
2722-VOJQL,One year,Fiber optic,Yes,Credit card (automatic),Yes,Yes
1310-QRITU,Month-to-month,DSL,No,Electronic check,Yes,No
8961-QDZZJ,One year,Fiber optic,No,Electronic check,Yes,No
9715-SBVSU,Two year,DSL,No,Bank transfer (automatic),Yes,No
8490-BXHEO,Month-to-month,Fiber optic,No,Credit card (automatic),Yes,No
7173-TETGO,Two year,Fiber optic,No,Bank transfer (automatic),No,No
7929-SKFGK,Two year,Fiber optic,Yes,Credit card (automatic),No,No
2300-RQGOI,Two year,No,No internet service,Mailed check,No,No
3563-SVYLG,Two year,DSL,Yes,Credit card (automatic),No,No
5228-EXCET,Month-to-month,Fiber optic,No,Electronic check,Yes,Yes
6435-VWCCY,Two year,Fiber optic,No,Credit card (automatic),Yes,No
4998-IKFSE,Month-to-month,Fiber optic,No,Electronic check,No,No
8630-QSGXK,Two year,DSL,Yes,Bank transfer (automatic),Yes,No
2455-USLMV,Month-to-month,Fiber optic,No,Credit card (automatic),Yes,No
7394-FKDNK,Month-to-month,Fiber optic,No,Electronic check,No,Yes
9488-FVZCC,Two year,DSL,Yes,Bank transfer (automatic),Yes,No
6331-LWDTQ,Month-to-month,DSL,No,Credit card (automatic),Yes,Yes
5995-WWKKG,One year,No,No internet service,Electronic check,Yes,No
1597-FZREH,Month-to-month,DSL,Yes,Electronic check,No,Yes
7879-CGSFV,One year,Fiber optic,No,Mailed check,Yes,No
9921-EZKBY,Month-to-month,Fiber optic,No,Bank transfer (automatic),Yes,No
7432-FFVAR,One year,Fiber optic,Yes,Bank transfer (automatic),No,No
7246-ZGQDF,Month-to-month,DSL,Yes,Electronic check,No,No
7000-WCEVQ,Month-to-month,DSL,No,Mailed check,Yes,Yes
0727-IWKVK,Month-to-month,Fiber optic,No,Electronic check,Yes,Yes
5959-BELXA,Month-to-month,Fiber optic,No,Credit card (automatic),Yes,Yes
4456-RHSNB,Month-to-month,DSL,No,Bank transfer (automatic),Yes,No
3512-IZIKN,Two year,DSL,Yes,Credit card (automatic),No,Yes
2481-SBOYW,Two year,No,No internet service,Credit card (automatic),Yes,No
7109-MFBYV,Month-to-month,DSL,No,Electronic check,No,No
1833-TCXKK,Month-to-month,Fiber optic,No,Bank transfer (automatic),Yes,No
1832-PEUTS,Two year,Fiber optic,No,Credit card (automatic),Yes,No
6141-OOXUQ,Month-to-month,No,No internet service,Mailed check,No,Yes
8660-BUETV,Month-to-month,DSL,No,Mailed check,No,No
0580-PIQHM,One year,Fiber optic,No,Bank transfer (automatic),Yes,No
5696-CEIQJ,Two year,Fiber optic,Yes,Bank transfer (automatic),No,No
7503-ZGUZJ,Month-to-month,Fiber optic,No,Mailed check,Yes,Yes
1696-HXOWK,One year,Fiber optic,No,Mailed check,No,No
3026-ATZYV,One year,DSL,No,Bank transfer (automatic),No,No
4012-YCFAI,Two year,DSL,Yes,Mailed check,Yes,No
2506-TNFCO,Month-to-month,Fiber optic,No,Electronic check,Yes,Yes
9970-QBCDA,Month-to-month,No,No internet service,Credit card (automatic),No,No
8718-PTMEZ,Month-to-month,DSL,No,Electronic check,Yes,Yes
9496-IVVRP,Month-to-month,DSL,No,Bank transfer (automatic),No,No
2207-OBZNX,Month-to-month,DSL,No,Mailed check,Yes,Yes
2657-VPXTA,Month-to-month,Fiber optic,No,Electronic check,Yes,No
6551-VLJMV,Two year,No,No internet service,Credit card (automatic),No,No
1221-GHZEP,Two year,DSL,Yes,Mailed check,Yes,No
9289-LBQVU,One year,DSL,Yes,Mailed check,Yes,No
6142-VSJQO,Month-to-month,DSL,No,Bank transfer (automatic),Yes,Yes
3458-IDMFK,Two year,No,No internet service,Mailed check,Yes,No
6933-FHBZC,One year,DSL,No,Mailed check,Yes,No
0221-NAUXK,One year,No,No internet service,Bank transfer (automatic),Yes,No
9770-KXGQU,One year,Fiber optic,No,Mailed check,No,No
6437-UKHMV,Month-to-month,Fiber optic,No,Electronic check,Yes,Yes
6538-POCHL,Month-to-month,Fiber optic,No,Credit card (automatic),Yes,No
6726-NNFWD,Two year,Fiber optic,No,Credit card (automatic),No,No
3002-WQZWT,Month-to-month,Fiber optic,No,Electronic check,Yes,No
4277-UDIEF,Month-to-month,DSL,Yes,Bank transfer (automatic),No,No
1208-NBVFH,Month-to-month,DSL,No,Electronic check,Yes,No
4912-PIGUY,Month-to-month,Fiber optic,No,Electronic check,Yes,No
1114-CENIM,Month-to-month,DSL,No,Credit card (automatic),Yes,Yes
6060-DRTNL,Month-to-month,Fiber optic,No,Mailed check,Yes,Yes
2725-TTRIQ,Two year,DSL,Yes,Bank transfer (automatic),Yes,No
3374-TTZTK,Two year,Fiber optic,Yes,Electronic check,Yes,No
8990-ZXLSU,Month-to-month,Fiber optic,No,Electronic check,No,No
2275-RBYQS,Month-to-month,DSL,No,Mailed check,Yes,No
8473-VUVJN,Month-to-month,Fiber optic,No,Electronic check,Yes,Yes
6289-CPNLD,One year,DSL,Yes,Mailed check,Yes,Yes
5536-SLHPM,Month-to-month,Fiber optic,No,Electronic check,Yes,Yes
4419-UJMUS,Two year,Fiber optic,Yes,Electronic check,Yes,No
7794-JASDG,Month-to-month,DSL,No,Mailed check,Yes,No
7609-YBPXG,Two year,DSL,Yes,Bank transfer (automatic),No,No
5519-TEEUH,One year,No,No internet service,Mailed check,Yes,No
7856-GANIL,One year,Fiber optic,Yes,Bank transfer (automatic),Yes,No
0804-XBFBV,Month-to-month,DSL,No,Electronic check,No,No
2676-OXPPQ,Month-to-month,DSL,No,Bank transfer (automatic),Yes,No
3703-TTEPD,Month-to-month,DSL,No,Bank transfer (automatic),No,No
2799-TSLAG,Two year,No,No internet service,Bank transfer (automatic),Yes,No
0196-VULGZ,Month-to-month,Fiber optic,No,Electronic check,Yes,Yes
8837-VVWLQ,Month-to-month,Fiber optic,No,Electronic check,No,Yes
2696-NARTR,Month-to-month,Fiber optic,Yes,Electronic check,Yes,Yes
2208-NKVVH,Two year,No,No internet service,Mailed check,No,No
7614-QVWQL,One year,DSL,No,Bank transfer (automatic),Yes,Yes
1976-CFOCS,Month-to-month,DSL,No,Electronic check,No,Yes
4631-OACRM,Month-to-month,Fiber optic,No,Electronic check,Yes,Yes
7139-JZFVG,Two year,DSL,No,Bank transfer (automatic),No,No
4987-GQWPO,Month-to-month,DSL,No,Credit card (automatic),No,No
3755-JBMNH,Month-to-month,Fiber optic,No,Bank transfer (automatic),Yes,Yes
1757-TCATG,One year,No,No internet service,Bank transfer (automatic),No,No
6345-ULYRW,One year,Fiber optic,No,Mailed check,No,Yes
4776-XSKYQ,One year,DSL,Yes,Credit card (automatic),No,No
8048-DSDFQ,Month-to-month,No,No internet service,Mailed check,No,No
5753-QQWPW,One year,DSL,Yes,Electronic check,Yes,No
6010-DDPPW,Two year,No,No internet service,Bank transfer (automatic),No,No
1809-DMJHQ,Month-to-month,DSL,No,Mailed check,No,Yes
6693-FRIRW,Month-to-month,Fiber optic,No,Credit card (automatic),No,No
6586-MYGKD,Two year,DSL,Yes,Credit card (automatic),Yes,No
3173-NVMPX,Month-to-month,DSL,No,Mailed check,Yes,No
0248-PGHBZ,Two year,Fiber optic,Yes,Bank transfer (automatic),Yes,No
0623-GDISB,Month-to-month,DSL,No,Bank transfer (automatic),Yes,No
2892-GESUL,Two year,No,No internet service,Mailed check,No,No
6923-EFPNL,Month-to-month,DSL,No,Credit card (automatic),No,Yes
7472-EQOAV,One year,Fiber optic,No,Bank transfer (automatic),Yes,No
9574-RKJIF,Month-to-month,Fiber optic,No,Electronic check,Yes,Yes
2043-WVTQJ,Month-to-month,DSL,No,Mailed check,No,No
8034-RYTVV,One year,Fiber optic,No,Credit card (automatic),Yes,No
3863-QSTYI,Month-to-month,DSL,Yes,Electronic check,Yes,No
2619-WFQWU,Month-to-month,Fiber optic,No,Mailed check,Yes,Yes
5044-LRQAQ,Month-to-month,Fiber optic,No,Bank transfer (automatic),Yes,No
1716-LSAMB,Two year,DSL,Yes,Bank transfer (automatic),No,No
1333-PBMXB,One year,No,No internet service,Bank transfer (automatic),Yes,No
6546-OPBBH,One year,No,No internet service,Mailed check,Yes,No
5985-BEHZK,One year,Fiber optic,No,Credit card (automatic),No,No
9127-QRZMH,One year,DSL,Yes,Bank transfer (automatic),Yes,No
5919-VCZYM,Month-to-month,No,No internet service,Mailed check,No,No
9644-KVCNC,One year,Fiber optic,No,Bank transfer (automatic),Yes,No
2137-DQMEV,One year,DSL,No,Mailed check,No,No
8174-LNWMW,Two year,No,No internet service,Credit card (automatic),No,No
9279-CJEOJ,Month-to-month,Fiber optic,No,Bank transfer (automatic),Yes,No
7964-VEXDG,Month-to-month,Fiber optic,No,Electronic check,No,No
2404-JIBFC,Two year,DSL,Yes,Bank transfer (automatic),Yes,No
0778-NELLA,Month-to-month,DSL,No,Credit card (automatic),Yes,Yes
8029-XYPWT,Two year,Fiber optic,Yes,Bank transfer (automatic),Yes,No
4614-NUVZD,Month-to-month,Fiber optic,No,Electronic check,Yes,Yes
4632-PAOYU,One year,No,No internet service,Mailed check,No,No
3803-KMQFW,Month-to-month,No,No internet service,Mailed check,No,Yes
6804-GDMOI,Two year,Fiber optic,Yes,Electronic check,Yes,Yes
2990-OGYTD,Two year,DSL,Yes,Bank transfer (automatic),No,No
6646-JPPHA,Month-to-month,Fiber optic,No,Electronic check,No,No
9572-MTILT,Month-to-month,Fiber optic,Yes,Electronic check,Yes,Yes
7658-UYUQS,Month-to-month,Fiber optic,No,Bank transfer (automatic),No,No
7880-XSOJX,Month-to-month,DSL,Yes,Mailed check,No,No
9611-CTWIH,Month-to-month,Fiber optic,No,Electronic check,Yes,Yes
4589-IUAJB,Two year,No,No internet service,Bank transfer (automatic),No,No
0329-GTIAJ,Month-to-month,Fiber optic,Yes,Electronic check,Yes,Yes
8746-BFOAJ,One year,No,No internet service,Bank transfer (automatic),No,No
8457-XIGKN,Month-to-month,No,No internet service,Credit card (automatic),Yes,No
6072-NUQCB,One year,No,No internet service,Bank transfer (automatic),No,No
6629-CZTTH,Month-to-month,DSL,No,Mailed check,Yes,Yes
8838-GPHZP,Two year,No,No internet service,Mailed check,Yes,No
8750-QWZAJ,Two year,No,No internet service,Bank transfer (automatic),No,No
5364-EVNIB,Month-to-month,Fiber optic,No,Electronic check,Yes,Yes
6918-UMQCG,Month-to-month,Fiber optic,No,Electronic check,No,No
0675-NCDYU,Two year,Fiber optic,Yes,Credit card (automatic),Yes,No
6339-DKLMK,Month-to-month,DSL,No,Electronic check,Yes,No
1346-PJWTK,Month-to-month,Fiber optic,Yes,Credit card (automatic),No,No
5088-QZLRL,Month-to-month,No,No internet service,Electronic check,No,No
8023-QHAIO,Month-to-month,Fiber optic,Yes,Bank transfer (automatic),Yes,No
4397-FRLTA,Month-to-month,No,No internet service,Mailed check,No,No
3057-VJJQE,Two year,DSL,No,Mailed check,No,No
5087-SUURX,Month-to-month,DSL,No,Electronic check,Yes,Yes
2302-OUZXB,Two year,DSL,No,Bank transfer (automatic),No,No
8133-ANHHJ,One year,Fiber optic,Yes,Bank transfer (automatic),No,No
2270-CHBFN,Month-to-month,Fiber optic,Yes,Credit card (automatic),Yes,No
0013-EXCHZ,Month-to-month,Fiber optic,Yes,Mailed check,Yes,Yes
5982-FPVQN,Month-to-month,Fiber optic,No,Electronic check,Yes,No
9107-UKCKY,One year,DSL,No,Electronic check,Yes,No
4654-ULTTN,Two year,DSL,Yes,Credit card (automatic),Yes,No
5550-VFRLC,Month-to-month,Fiber optic,No,Electronic check,Yes,Yes
5546-BYZSM,Month-to-month,No,No internet service,Electronic check,No,No
1492-KGETH,One year,DSL,Yes,Bank transfer (automatic),No,No
4929-BSTRX,Month-to-month,DSL,No,Mailed check,Yes,Yes
4163-HFTUK,One year,No,No internet service,Electronic check,No,No
8215-NGSPE,Two year,No,No internet service,Mailed check,No,No
2225-ZRGSG,Two year,Fiber optic,Yes,Bank transfer (automatic),No,Yes
8859-YSTWS,One year,No,No internet service,Bank transfer (automatic),No,No
5271-YNWVR,Two year,Fiber optic,Yes,Electronic check,Yes,Yes
7601-DHFWZ,Two year,No,No internet service,Credit card (automatic),No,No
2657-ALMWY,Month-to-month,Fiber optic,No,Electronic check,No,Yes
6330-JKLPC,Month-to-month,Fiber optic,No,Bank transfer (automatic),Yes,Yes
4667-OHGKG,Month-to-month,No,No internet service,Mailed check,Yes,Yes
1998-VHJHK,One year,No,No internet service,Mailed check,No,No
1707-HABPF,One year,Fiber optic,No,Bank transfer (automatic),Yes,No
1660-HSOOQ,Month-to-month,DSL,No,Mailed check,Yes,Yes
7253-UVNDW,Two year,DSL,Yes,Credit card (automatic),No,Yes
0487-VVUVK,Month-to-month,No,No internet service,Mailed check,Yes,No
7228-OMTPN,Month-to-month,Fiber optic,No,Electronic check,Yes,Yes
5063-IUOKK,Two year,No,No internet service,Mailed check,No,No
4508-OEBEY,One year,DSL,Yes,Credit card (automatic),Yes,No
0027-KWYKW,Month-to-month,Fiber optic,No,Electronic check,Yes,No
2308-STERM,Month-to-month,No,No internet service,Mailed check,No,No
5982-XMDEX,Two year,No,No internet service,Bank transfer (automatic),No,No
6284-AHOOQ,Month-to-month,Fiber optic,Yes,Bank transfer (automatic),Yes,Yes
6051-PTVNS,One year,No,No internet service,Credit card (automatic),No,No
2344-JMOGN,Month-to-month,Fiber optic,Yes,Mailed check,Yes,Yes
3799-ISUZQ,Month-to-month,Fiber optic,No,Bank transfer (automatic),Yes,Yes
2877-VDUER,One year,DSL,Yes,Mailed check,No,No
9152-AMKAK,Two year,DSL,Yes,Mailed check,Yes,No
1794-HBQTJ,Month-to-month,DSL,No,Credit card (automatic),Yes,Yes
9432-VOFYX,Month-to-month,Fiber optic,No,Electronic check,Yes,No
8049-WJCLQ,Month-to-month,DSL,No,Mailed check,No,No
6586-PSJOX,One year,DSL,Yes,Credit card (automatic),No,No
2460-FPSYH,Month-to-month,DSL,No,Electronic check,Yes,Yes
9705-ZJBCG,One year,DSL,Yes,Bank transfer (automatic),No,No
4818-DRBQT,Month-to-month,Fiber optic,No,Bank transfer (automatic),Yes,Yes
1320-HTRDR,Month-to-month,Fiber optic,No,Electronic check,Yes,Yes
6847-KJLTS,Month-to-month,Fiber optic,Yes,Bank transfer (automatic),Yes,No
9670-BPNXF,One year,DSL,Yes,Credit card (automatic),Yes,No
3913-FCUUW,Two year,DSL,Yes,Bank transfer (automatic),Yes,No
3301-VKTGC,One year,Fiber optic,No,Bank transfer (automatic),Yes,No
1493-AMTIE,Month-to-month,No,No internet service,Bank transfer (automatic),Yes,Yes
9555-SAHUZ,Month-to-month,DSL,No,Electronic check,No,No
0816-TSPHQ,Month-to-month,No,No internet service,Mailed check,No,No
9932-WBWIK,Month-to-month,No,No internet service,Mailed check,No,No
4619-EVPHY,One year,Fiber optic,No,Bank transfer (automatic),Yes,No
5286-YHCVC,Two year,Fiber optic,No,Bank transfer (automatic),Yes,No
6424-ELEYH,Month-to-month,Fiber optic,No,Credit card (automatic),Yes,Yes
4391-RESHN,Month-to-month,Fiber optic,Yes,Mailed check,Yes,Yes
9115-YQHGA,Month-to-month,DSL,Yes,Electronic check,Yes,No
4462-CYWMH,Month-to-month,Fiber optic,No,Bank transfer (automatic),Yes,No
8963-MQVYN,Month-to-month,No,No internet service,Electronic check,Yes,No
2458-EOMRE,Month-to-month,DSL,No,Bank transfer (automatic),No,No
9334-GWGOW,Month-to-month,Fiber optic,No,Electronic check,Yes,No
6821-BUXUX,Month-to-month,Fiber optic,No,Electronic check,Yes,Yes
5028-HTLJB,Month-to-month,No,No internet service,Mailed check,No,Yes
9801-GDWGV,Month-to-month,Fiber optic,No,Electronic check,Yes,Yes
6542-LWGXJ,Month-to-month,DSL,No,Mailed check,No,No
5567-GZKQY,Two year,No,No internet service,Credit card (automatic),No,No
1222-LRYKO,Month-to-month,No,No internet service,Mailed check,No,No
2320-JRSDE,Month-to-month,No,No internet service,Electronic check,Yes,Yes
2087-QAREY,Month-to-month,DSL,No,Mailed check,Yes,No
0601-WZHJF,Month-to-month,DSL,No,Electronic check,No,Yes
4423-JWZJN,One year,Fiber optic,No,Credit card (automatic),No,No
5143-WMWOG,Month-to-month,No,No internet service,Electronic check,No,Yes
6490-FGZAT,Month-to-month,No,No internet service,Mailed check,No,No
5393-RXQSZ,Month-to-month,Fiber optic,No,Electronic check,No,Yes
7452-FOLON,One year,No,No internet service,Bank transfer (automatic),No,No
2320-TZRRH,One year,No,No internet service,Mailed check,No,No
0231-LXVAP,Month-to-month,Fiber optic,Yes,Electronic check,Yes,Yes
9444-JTXHZ,Month-to-month,Fiber optic,No,Electronic check,No,Yes
4942-VZZOM,One year,DSL,No,Credit card (automatic),Yes,No
5510-BOIUJ,Month-to-month,No,No internet service,Mailed check,No,Yes
7502-BNYGS,Month-to-month,DSL,No,Credit card (automatic),Yes,No
4291-HYEBC,One year,DSL,No,Electronic check,Yes,No
6147-CBCRA,Month-to-month,No,No internet service,Mailed check,No,No
6047-SUHPR,One year,DSL,No,Electronic check,No,No
4471-KXAUH,Month-to-month,Fiber optic,Yes,Electronic check,Yes,Yes
9752-ZNQUT,Month-to-month,DSL,No,Electronic check,Yes,No
7638-QVMVY,Month-to-month,Fiber optic,No,Electronic check,Yes,Yes
1576-PFZIW,Two year,Fiber optic,No,Credit card (automatic),No,No
5666-MBJPT,Two year,No,No internet service,Bank transfer (automatic),Yes,No
7312-XSBAT,Month-to-month,DSL,No,Electronic check,No,No
3096-GKWEB,Month-to-month,Fiber optic,No,Electronic check,Yes,No
2371-JQHZZ,Month-to-month,Fiber optic,No,Electronic check,Yes,No
0674-GCDXG,Two year,DSL,Yes,Bank transfer (automatic),Yes,No
1121-QSIVB,One year,DSL,No,Mailed check,Yes,No
4396-KLSEH,Month-to-month,No,No internet service,Electronic check,Yes,No
3244-DCJWY,Month-to-month,Fiber optic,No,Electronic check,Yes,Yes
2824-MYYBN,Month-to-month,Fiber optic,No,Electronic check,Yes,No
0875-CABNR,Month-to-month,Fiber optic,No,Credit card (automatic),Yes,Yes
6345-HOVES,Month-to-month,DSL,No,Bank transfer (automatic),Yes,No
8318-LCNBW,One year,DSL,No,Credit card (automatic),No,No
6469-QJKZW,Month-to-month,No,No internet service,Electronic check,No,No
0147-ESWWR,Month-to-month,Fiber optic,Yes,Electronic check,Yes,No
1217-VASWC,One year,Fiber optic,No,Bank transfer (automatic),Yes,No
7812-FZHPE,Month-to-month,No,No internet service,Mailed check,No,Yes
6370-ZVHDV,Two year,No,No internet service,Bank transfer (automatic),No,No
5915-DGNVC,One year,DSL,No,Electronic check,No,No
6260-XLACS,One year,No,No internet service,Mailed check,No,No
3566-CAAYU,Two year,DSL,Yes,Electronic check,No,No
4983-CCWMC,Month-to-month,Fiber optic,No,Mailed check,Yes,No
9103-CXVOK,Month-to-month,No,No internet service,Electronic check,No,No
2896-TBNBE,One year,Fiber optic,No,Electronic check,No,No
4797-AXPXK,Month-to-month,DSL,Yes,Electronic check,Yes,Yes
5229-PRWKT,Month-to-month,Fiber optic,No,Electronic check,Yes,Yes
6982-UQZLY,Month-to-month,No,No internet service,Mailed check,Yes,Yes
2522-WLNSF,One year,DSL,Yes,Bank transfer (automatic),No,No
3841-CONLJ,Month-to-month,DSL,No,Electronic check,No,No
5057-LCOUI,Month-to-month,DSL,No,Electronic check,Yes,Yes
0193-ESZXP,One year,Fiber optic,Yes,Credit card (automatic),Yes,Yes
4475-NVTLU,Two year,No,No internet service,Electronic check,No,No
4369-HTUIF,Month-to-month,Fiber optic,No,Bank transfer (automatic),Yes,Yes
9386-LDCZR,One year,Fiber optic,Yes,Credit card (automatic),Yes,No
9585-KKMFD,Two year,No,No internet service,Mailed check,Yes,No
5399-ZIMKF,Month-to-month,Fiber optic,No,Electronic check,Yes,No
0336-KXKFK,Two year,DSL,Yes,Credit card (automatic),Yes,No
5619-XZZKR,One year,No,No internet service,Mailed check,No,No
3948-FVVRP,Month-to-month,DSL,Yes,Mailed check,No,No
5327-XOKKY,Two year,DSL,No,Credit card (automatic),Yes,No
0983-TATYJ,One year,DSL,Yes,Mailed check,Yes,No
1813-JYWTO,Two year,Fiber optic,No,Bank transfer (automatic),No,No
0156-FVPTA,Month-to-month,DSL,Yes,Electronic check,Yes,Yes
1984-FCOWB,One year,Fiber optic,Yes,Electronic check,Yes,Yes
0654-HMSHN,Month-to-month,Fiber optic,No,Electronic check,No,Yes
6719-OXYBR,Month-to-month,Fiber optic,No,Electronic check,No,No
3312-ZWLGF,Month-to-month,Fiber optic,Yes,Electronic check,Yes,No
6476-YHMGA,Month-to-month,DSL,Yes,Bank transfer (automatic),No,No
5287-QWLKY,Month-to-month,Fiber optic,No,Credit card (automatic),Yes,Yes
0795-XCCTE,Two year,No,No internet service,Bank transfer (automatic),No,No
0168-XZKBB,Month-to-month,Fiber optic,No,Electronic check,Yes,No
3785-NRHYR,Month-to-month,No,No internet service,Mailed check,No,No
5196-SGOAK,Month-to-month,Fiber optic,No,Electronic check,Yes,Yes
4537-DKTAL,Month-to-month,DSL,No,Electronic check,No,No
7072-MBHEV,Month-to-month,Fiber optic,No,Credit card (automatic),Yes,No
5602-BVFMK,One year,No,No internet service,Mailed check,No,No
6297-NOOPG,Two year,Fiber optic,Yes,Electronic check,Yes,No
1891-UAWWU,Month-to-month,Fiber optic,No,Electronic check,No,Yes
8204-TIFGJ,Month-to-month,No,No internet service,Bank transfer (automatic),Yes,No
8050-DVOJX,Two year,DSL,Yes,Credit card (automatic),No,No
6108-OQZDQ,Month-to-month,Fiber optic,No,Electronic check,Yes,Yes
0363-QJVFX,Month-to-month,Fiber optic,Yes,Credit card (automatic),Yes,Yes
8903-XEBGX,Month-to-month,DSL,No,Electronic check,Yes,No
8169-SAEJD,Two year,DSL,No,Credit card (automatic),No,No
9840-DVNDC,Month-to-month,Fiber optic,No,Credit card (automatic),Yes,Yes
1089-XZWHH,Two year,No,No internet service,Mailed check,Yes,No
2325-WINES,One year,Fiber optic,No,Credit card (automatic),Yes,No
6064-ZATLR,Two year,DSL,No,Bank transfer (automatic),No,No
3096-JRDSO,Month-to-month,Fiber optic,Yes,Bank transfer (automatic),Yes,Yes
7824-PANSQ,Month-to-month,Fiber optic,Yes,Bank transfer (automatic),No,No
8042-JVNFH,Month-to-month,Fiber optic,No,Mailed check,Yes,Yes
9648-BCHKM,Two year,No,No internet service,Credit card (automatic),Yes,No
2888-ADFAO,Two year,No,No internet service,Bank transfer (automatic),Yes,No
8707-HOEDG,Two year,Fiber optic,Yes,Electronic check,Yes,No
3374-LXDEV,Month-to-month,Fiber optic,Yes,Electronic check,No,Yes
4072-IPYLT,Month-to-month,DSL,No,Credit card (automatic),No,No
7167-PCEYD,Two year,No,No internet service,Mailed check,Yes,No
4936-YPJNK,Month-to-month,No,No internet service,Mailed check,Yes,No
1580-BMCMR,Month-to-month,Fiber optic,No,Electronic check,Yes,No
4817-KEQSP,Two year,No,No internet service,Bank transfer (automatic),No,No
6408-WHTEF,Two year,DSL,Yes,Mailed check,Yes,No
9251-AWQGT,Two year,No,No internet service,Mailed check,No,No
8749-CLJXC,Month-to-month,No,No internet service,Mailed check,No,No
7989-VCQOH,Month-to-month,DSL,Yes,Electronic check,No,No
5049-GLYVG,Month-to-month,No,No internet service,Mailed check,No,Yes
4199-QHJNM,Two year,Fiber optic,Yes,Bank transfer (automatic),No,No
8882-TLVRW,Two year,DSL,Yes,Mailed check,No,No
5883-GTGVD,Month-to-month,Fiber optic,No,Electronic check,Yes,Yes
5135-GRQJV,Two year,Fiber optic,Yes,Mailed check,Yes,No
2384-OVPSA,Two year,No,No internet service,Mailed check,No,No
1371-WEPDS,One year,DSL,No,Electronic check,No,No
3580-GICBM,Two year,No,No internet service,Mailed check,Yes,No
4817-QRJSX,Month-to-month,Fiber optic,No,Credit card (automatic),Yes,Yes
9730-DRTMJ,One year,DSL,Yes,Credit card (automatic),Yes,No
4686-UXDML,Month-to-month,Fiber optic,No,Credit card (automatic),Yes,No
3349-ANQNH,One year,Fiber optic,No,Electronic check,Yes,No
2398-YPMUR,Month-to-month,Fiber optic,No,Electronic check,Yes,Yes
0932-YIXYU,Two year,No,No internet service,Credit card (automatic),No,No
7480-SPLEF,Two year,No,No internet service,Bank transfer (automatic),Yes,No
7636-XUHWW,Month-to-month,No,No internet service,Credit card (automatic),Yes,No
1431-CYWMH,Month-to-month,No,No internet service,Bank transfer (automatic),No,No
5937-EORGB,Month-to-month,Fiber optic,No,Electronic check,Yes,No
6349-JDHQP,Two year,No,No internet service,Credit card (automatic),No,No
5539-HIVAK,Month-to-month,No,No internet service,Mailed check,No,No
5847-MXBEO,One year,No,No internet service,Mailed check,No,No
9985-MWVIX,Month-to-month,Fiber optic,No,Mailed check,Yes,Yes
4583-PARNH,Month-to-month,Fiber optic,Yes,Electronic check,Yes,No
1116-FRYVH,Two year,DSL,Yes,Mailed check,No,No
1421-HCERK,Month-to-month,Fiber optic,Yes,Bank transfer (automatic),Yes,No
9633-XQABV,Month-to-month,Fiber optic,No,Electronic check,Yes,No
0716-BQNDX,Two year,Fiber optic,Yes,Electronic check,No,No
1265-XTECC,One year,Fiber optic,No,Credit card (automatic),Yes,Yes
1183-CANVH,One year,DSL,Yes,Bank transfer (automatic),No,No
1972-XMUWV,Two year,DSL,Yes,Credit card (automatic),Yes,No
8679-LZBMD,One year,Fiber optic,No,Bank transfer (automatic),Yes,No
3407-JMJQQ,Two year,Fiber optic,No,Bank transfer (automatic),Yes,No
6252-DFGTK,One year,DSL,Yes,Credit card (automatic),No,No
1539-LNKHM,Month-to-month,No,No internet service,Mailed check,No,No
8645-KOMJQ,Two year,DSL,Yes,Bank transfer (automatic),Yes,No
0289-IVARM,Month-to-month,DSL,No,Electronic check,No,No
9761-XUJWD,Month-to-month,DSL,Yes,Bank transfer (automatic),Yes,No
4057-FKCZK,Two year,Fiber optic,No,Bank transfer (automatic),No,No
4291-TPNFG,Two year,DSL,Yes,Bank transfer (automatic),Yes,No
6087-YPWHO,Two year,DSL,Yes,Mailed check,No,No
3090-QFUVD,Month-to-month,No,No internet service,Credit card (automatic),No,No
2237-ZFSMY,One year,Fiber optic,Yes,Electronic check,Yes,Yes
1722-LDZJS,One year,No,No internet service,Credit card (automatic),No,No
1818-ESQMW,Month-to-month,Fiber optic,Yes,Electronic check,Yes,No
4871-JTKJF,Month-to-month,Fiber optic,No,Electronic check,Yes,Yes
1415-YFWLT,Month-to-month,Fiber optic,No,Electronic check,Yes,Yes
7401-RUBNK,Month-to-month,Fiber optic,No,Electronic check,No,No
0506-YLVKJ,Two year,No,No internet service,Mailed check,Yes,No
8661-BOYNW,Two year,DSL,Yes,Credit card (automatic),Yes,No
6711-VTNRE,Month-to-month,Fiber optic,Yes,Electronic check,Yes,Yes
4815-GBTCD,Month-to-month,DSL,No,Electronic check,Yes,No
2805-AUFQN,Two year,No,No internet service,Credit card (automatic),No,No
0980-PVMRC,Month-to-month,DSL,No,Electronic check,Yes,No
7233-DRTRF,Month-to-month,Fiber optic,No,Electronic check,Yes,No
3500-RMZLT,Month-to-month,Fiber optic,Yes,Mailed check,Yes,Yes
3873-NFTGI,Month-to-month,DSL,No,Credit card (automatic),Yes,No
1162-ECVII,Two year,Fiber optic,Yes,Bank transfer (automatic),Yes,No
7048-GXDAY,Month-to-month,Fiber optic,No,Electronic check,Yes,No
8571-ZCMCX,Two year,DSL,No,Credit card (automatic),Yes,No
1169-WCVAK,Month-to-month,Fiber optic,Yes,Credit card (automatic),Yes,No
4548-SDBKE,Month-to-month,Fiber optic,No,Electronic check,Yes,Yes
8066-POXGX,Month-to-month,DSL,No,Electronic check,Yes,Yes
7129-CAKJW,Month-to-month,Fiber optic,No,Bank transfer (automatic),No,No
8695-ARGXZ,Month-to-month,Fiber optic,No,Electronic check,Yes,No
3570-YUEKJ,Month-to-month,DSL,No,Electronic check,Yes,No
4143-OOBWZ,Month-to-month,Fiber optic,No,Electronic check,Yes,Yes
1555-HAPSU,Two year,No,No internet service,Credit card (automatic),No,No
1697-NVVGY,Month-to-month,DSL,No,Bank transfer (automatic),No,No
7854-EKTJL,Month-to-month,No,No internet service,Electronic check,Yes,Yes
8464-EETCQ,Two year,No,No internet service,Credit card (automatic),No,No
2419-FSORS,Two year,Fiber optic,Yes,Electronic check,Yes,No
8132-YPVBX,Month-to-month,Fiber optic,No,Mailed check,Yes,No
9102-IAYHT,Month-to-month,Fiber optic,No,Electronic check,Yes,Yes
6754-LZUKA,Two year,DSL,No,Bank transfer (automatic),No,No
3422-LYEPQ,Month-to-month,Fiber optic,No,Electronic check,Yes,Yes
8099-MZPUJ,Two year,Fiber optic,Yes,Credit card (automatic),No,No
0787-LHDYT,Month-to-month,No,No internet service,Credit card (automatic),Yes,No
2642-DTVCO,Month-to-month,Fiber optic,No,Electronic check,Yes,Yes
0374-IOEGQ,Month-to-month,DSL,No,Electronic check,No,No
4361-JEIVL,Month-to-month,DSL,No,Electronic check,Yes,Yes
3197-NNYNB,Two year,Fiber optic,No,Credit card (automatic),No,No
3396-DKDEL,Two year,Fiber optic,Yes,Credit card (automatic),Yes,No
1752-OZXFY,One year,DSL,No,Mailed check,Yes,No
9066-QRSDU,One year,No,No internet service,Electronic check,Yes,No
9112-WSNPU,Month-to-month,Fiber optic,No,Electronic check,No,No
9867-NNXLC,Month-to-month,No,No internet service,Mailed check,Yes,No
5321-NTRKC,Two year,DSL,No,Bank transfer (automatic),No,No
1363-TXLSL,Month-to-month,Fiber optic,No,Electronic check,Yes,Yes
9507-EXLTT,Month-to-month,Fiber optic,No,Bank transfer (automatic),Yes,Yes
3161-GETRM,Month-to-month,Fiber optic,No,Credit card (automatic),Yes,No
0402-OAMEN,Two year,No,No internet service,Bank transfer (automatic),No,No
6933-VLYFX,One year,DSL,Yes,Electronic check,No,No
6754-WKSHP,One year,No,No internet service,Bank transfer (automatic),No,No
9846-GKXAS,Month-to-month,Fiber optic,No,Bank transfer (automatic),Yes,Yes
6017-PPLPX,Month-to-month,Fiber optic,No,Electronic check,Yes,Yes
4976-LNFVV,Month-to-month,DSL,No,Credit card (automatic),Yes,No
5055-MGMGF,Month-to-month,Fiber optic,No,Electronic check,Yes,No
4641-FROLU,Two year,No,No internet service,Mailed check,No,No
2862-JVEOY,One year,No,No internet service,Mailed check,No,No
2969-QWUBZ,Month-to-month,DSL,No,Electronic check,No,No
9822-BIIGN,Month-to-month,DSL,Yes,Electronic check,No,No
2077-MPJQO,Month-to-month,Fiber optic,No,Electronic check,Yes,No
1534-OULXE,One year,DSL,No,Bank transfer (automatic),Yes,No
7136-RVDTZ,One year,DSL,No,Electronic check,Yes,Yes
2971-SGAFL,Month-to-month,DSL,No,Electronic check,Yes,No
1480-IVEVR,One year,Fiber optic,No,Bank transfer (automatic),Yes,No
2905-KFQUV,Month-to-month,Fiber optic,No,Credit card (automatic),Yes,No
4581-SSPWD,Month-to-month,Fiber optic,No,Electronic check,Yes,Yes
3370-HXOPH,Month-to-month,Fiber optic,No,Electronic check,No,No
9391-YZEJW,One year,Fiber optic,No,Bank transfer (automatic),Yes,No
9958-MEKUC,Two year,Fiber optic,Yes,Credit card (automatic),No,No
0281-CNTZX,Two year,No,No internet service,Bank transfer (automatic),Yes,No
6927-WTFIV,Month-to-month,Fiber optic,No,Credit card (automatic),No,Yes
4118-CEVPF,One year,Fiber optic,Yes,Bank transfer (automatic),Yes,No
3398-ZOUAA,Month-to-month,Fiber optic,No,Electronic check,Yes,Yes
9114-VEPUF,One year,Fiber optic,No,Electronic check,No,No
7876-BEUTG,Month-to-month,DSL,No,Mailed check,Yes,No
2338-BQEZT,Month-to-month,DSL,No,Credit card (automatic),Yes,No
9873-MNDKV,Month-to-month,DSL,No,Mailed check,Yes,No
0378-NHQXU,Month-to-month,Fiber optic,No,Electronic check,No,Yes
8241-JUIQO,One year,No,No internet service,Bank transfer (automatic),No,No
2194-IIQOF,Two year,DSL,Yes,Credit card (automatic),No,No
4512-ZUIYL,Month-to-month,Fiber optic,No,Bank transfer (automatic),No,Yes
9631-RXVJM,Two year,No,No internet service,Mailed check,No,No
9584-EXCDZ,Month-to-month,Fiber optic,No,Bank transfer (automatic),No,No
7969-AULMZ,Month-to-month,Fiber optic,No,Electronic check,Yes,Yes
5093-FEGLU,Two year,No,No internet service,Bank transfer (automatic),No,No
2621-UDNLU,Month-to-month,No,No internet service,Mailed check,No,No
7526-IVLYU,Month-to-month,No,No internet service,Mailed check,Yes,No
2428-HYUNX,Two year,No,No internet service,Credit card (automatic),Yes,No
9214-EKVXR,Month-to-month,DSL,No,Mailed check,Yes,No
3410-MHHUM,One year,Fiber optic,No,Electronic check,No,No
0568-ONFPC,Month-to-month,No,No internet service,Bank transfer (automatic),Yes,Yes
0733-VUNUW,Month-to-month,DSL,No,Bank transfer (automatic),Yes,Yes
4550-EVXNY,Month-to-month,Fiber optic,No,Electronic check,Yes,Yes
2122-YWVYA,Month-to-month,Fiber optic,No,Electronic check,Yes,No
2968-SSGAA,Month-to-month,Fiber optic,No,Electronic check,Yes,Yes
2296-DKZFP,Two year,DSL,No,Bank transfer (automatic),No,No
4844-JJWUY,Month-to-month,Fiber optic,No,Electronic check,Yes,Yes
6777-TGHTM,One year,Fiber optic,No,Credit card (automatic),Yes,Yes
8909-BOLNL,One year,No,No internet service,Mailed check,No,No
6603-YRDCJ,Two year,DSL,Yes,Mailed check,Yes,No
3538-WZPHD,Month-to-month,DSL,No,Electronic check,Yes,Yes
3229-USWAR,One year,DSL,Yes,Bank transfer (automatic),Yes,No
2138-VFAPZ,Two year,No,No internet service,Mailed check,Yes,No
6131-JLWZM,Month-to-month,No,No internet service,Mailed check,Yes,No
4785-QRJHC,One year,DSL,Yes,Bank transfer (automatic),Yes,Yes
0269-XFESX,One year,No,No internet service,Mailed check,No,No
1709-EJDOX,Two year,No,No internet service,Mailed check,No,No
4316-XCSLJ,Month-to-month,DSL,No,Mailed check,Yes,No
8610-WFCJF,Month-to-month,Fiber optic,No,Electronic check,Yes,Yes
9693-XMUOB,Month-to-month,DSL,No,Electronic check,Yes,No
0383-CLDDA,Two year,DSL,Yes,Credit card (automatic),Yes,No
4905-JEFDW,One year,DSL,No,Electronic check,Yes,Yes
2709-UQGNP,Month-to-month,DSL,No,Mailed check,Yes,No
3549-ZTMNH,Two year,No,No internet service,Bank transfer (automatic),Yes,No
7881-INRLC,Month-to-month,Fiber optic,No,Credit card (automatic),Yes,Yes
8033-ATFAS,Month-to-month,DSL,No,Mailed check,Yes,No
1635-NZATJ,Two year,No,No internet service,Credit card (automatic),No,No
0562-HKHML,Two year,No,No internet service,Credit card (automatic),No,No
8277-RVRSV,One year,No,No internet service,Credit card (automatic),No,No
9943-VSZUV,Month-to-month,Fiber optic,No,Mailed check,Yes,No
0117-LFRMW,Month-to-month,DSL,No,Bank transfer (automatic),No,Yes
6172-FECYY,Month-to-month,Fiber optic,No,Electronic check,No,Yes
7054-ENNGU,Month-to-month,DSL,No,Mailed check,No,No
1455-HFBXA,Two year,Fiber optic,Yes,Credit card (automatic),Yes,No
9402-CXWPL,One year,Fiber optic,No,Electronic check,No,No
1628-BIZYP,Month-to-month,Fiber optic,No,Electronic check,Yes,No
1965-AKTSX,Month-to-month,Fiber optic,No,Electronic check,Yes,Yes
0082-LDZUE,Month-to-month,DSL,No,Mailed check,Yes,No
4786-UKSNZ,Month-to-month,No,No internet service,Mailed check,No,Yes
5343-SGUBI,One year,Fiber optic,No,Mailed check,Yes,No
0856-NAOES,Month-to-month,DSL,No,Mailed check,No,No
1976-AZZPJ,Month-to-month,DSL,No,Mailed check,No,No
7248-VZQLC,Month-to-month,Fiber optic,No,Bank transfer (automatic),Yes,Yes
6156-UZDLF,One year,Fiber optic,Yes,Credit card (automatic),Yes,No
3099-OONVS,Month-to-month,DSL,Yes,Electronic check,No,No
9500-WBGRP,Two year,No,No internet service,Mailed check,Yes,No
5183-KLYEM,Two year,Fiber optic,Yes,Credit card (automatic),Yes,No
5144-PQCDZ,Month-to-month,No,No internet service,Mailed check,Yes,No
8514-VZHEB,Two year,No,No internet service,Mailed check,No,No
6625-IUTTT,Two year,DSL,No,Bank transfer (automatic),No,No
9355-NPPFS,Month-to-month,Fiber optic,No,Electronic check,Yes,No
0068-FIGTF,One year,DSL,Yes,Mailed check,No,No
5965-GGPRW,Two year,Fiber optic,No,Bank transfer (automatic),No,No
8035-PWSEV,Month-to-month,Fiber optic,Yes,Electronic check,Yes,No
2236-HILPA,Two year,No,No internet service,Credit card (automatic),No,No
1840-BIUOG,One year,DSL,Yes,Electronic check,Yes,No
1356-MKYSK,Month-to-month,DSL,Yes,Credit card (automatic),No,No
6080-LNESI,Two year,No,No internet service,Mailed check,No,No
1830-IPXVJ,Two year,No,No internet service,Credit card (automatic),No,No
5828-DWPIL,Month-to-month,Fiber optic,No,Electronic check,Yes,No
8398-TBIYD,Two year,Fiber optic,Yes,Bank transfer (automatic),Yes,No
0011-IGKFF,Month-to-month,Fiber optic,No,Electronic check,Yes,Yes
4192-GORJT,Month-to-month,Fiber optic,No,Electronic check,Yes,Yes
6496-SLWHQ,Month-to-month,Fiber optic,No,Electronic check,Yes,Yes
9912-GVSEQ,Month-to-month,Fiber optic,No,Electronic check,Yes,Yes
2931-FSOHN,Month-to-month,DSL,No,Electronic check,Yes,No
9418-RUKPH,Two year,No,No internet service,Mailed check,Yes,No
5383-MMTWC,Month-to-month,Fiber optic,No,Electronic check,Yes,Yes
9971-ZWPBF,Month-to-month,Fiber optic,Yes,Electronic check,Yes,No
4712-AUQZO,Month-to-month,DSL,No,Mailed check,No,No
9711-FJTBX,One year,Fiber optic,Yes,Mailed check,Yes,No
2908-ZTPNF,Month-to-month,DSL,Yes,Bank transfer (automatic),Yes,No
7240-ETPTR,Month-to-month,DSL,No,Electronic check,Yes,Yes
2202-CUYXZ,Month-to-month,Fiber optic,No,Electronic check,Yes,Yes
5995-OIGLP,Month-to-month,DSL,Yes,Mailed check,No,Yes
8421-WZOOW,Month-to-month,Fiber optic,Yes,Credit card (automatic),Yes,No
6261-RCVNS,One year,DSL,Yes,Credit card (automatic),No,Yes
7951-QKZPL,Two year,No,No internet service,Mailed check,Yes,Yes
1414-YADCW,Two year,Fiber optic,Yes,Bank transfer (automatic),No,No
8756-RDDLT,Month-to-month,DSL,Yes,Electronic check,No,No
2862-PFNIK,Month-to-month,DSL,No,Electronic check,Yes,No
5816-QVHRX,Month-to-month,Fiber optic,Yes,Credit card (automatic),No,No
4430-YHXGG,Month-to-month,No,No internet service,Mailed check,Yes,No
6888-SBYAI,Month-to-month,DSL,No,Mailed check,Yes,No
7395-XWZOY,Month-to-month,DSL,Yes,Credit card (automatic),Yes,No
7169-YWAMK,Two year,DSL,Yes,Bank transfer (automatic),No,No
3640-PHQXK,Month-to-month,Fiber optic,No,Electronic check,Yes,Yes
6877-LGWXO,Month-to-month,Fiber optic,No,Electronic check,No,Yes
6859-RKMZJ,Month-to-month,DSL,No,Bank transfer (automatic),Yes,No
2729-VNVAP,Two year,No,No internet service,Credit card (automatic),No,No
2957-JIRMN,One year,Fiber optic,No,Electronic check,No,No
2049-BAFNW,Month-to-month,DSL,Yes,Mailed check,No,No
3842-QTGDL,Month-to-month,Fiber optic,No,Bank transfer (automatic),No,No
7163-OCEQI,One year,DSL,Yes,Mailed check,Yes,No
9782-LGXMC,Month-to-month,DSL,Yes,Bank transfer (automatic),No,No
5975-BAICR,One year,DSL,No,Credit card (automatic),Yes,No
8019-ENHXU,Month-to-month,Fiber optic,Yes,Electronic check,Yes,Yes
5167-GBFRE,Month-to-month,DSL,No,Bank transfer (automatic),Yes,Yes
9033-EOXWV,One year,DSL,Yes,Mailed check,No,Yes
4673-KKSLS,Month-to-month,Fiber optic,Yes,Electronic check,No,No
4853-OITSN,Month-to-month,Fiber optic,No,Electronic check,Yes,No
9800-OUIGR,Two year,No,No internet service,Credit card (automatic),No,No
1324-NLTJE,Month-to-month,DSL,Yes,Credit card (automatic),No,Yes
2324-EFHVG,Two year,Fiber optic,No,Bank transfer (automatic),Yes,No
7094-MSZAO,Month-to-month,No,No internet service,Credit card (automatic),Yes,No
1522-VVDMG,Month-to-month,Fiber optic,Yes,Electronic check,Yes,Yes
6907-CQGPN,Month-to-month,DSL,Yes,Electronic check,No,No
0780-XNZFN,Two year,No,No internet service,Bank transfer (automatic),No,No
0239-OXEXL,Month-to-month,Fiber optic,No,Mailed check,No,No
2675-IJRGJ,Two year,No,No internet service,Bank transfer (automatic),No,No
7049-GKVZY,One year,DSL,Yes,Credit card (automatic),No,No
8577-QSOCG,Two year,No,No internet service,Mailed check,Yes,No
3721-CNZHX,One year,No,No internet service,Mailed check,No,No
0212-ISBBF,Month-to-month,DSL,No,Electronic check,Yes,No
9185-TQCVP,Month-to-month,Fiber optic,No,Electronic check,Yes,Yes
3585-YNADK,One year,DSL,Yes,Bank transfer (automatic),No,No
5271-DBYSJ,Month-to-month,Fiber optic,No,Credit card (automatic),Yes,No
1099-GODLO,Two year,No,No internet service,Mailed check,No,No
6828-HMKWP,Two year,No,No internet service,Bank transfer (automatic),No,No
5567-WSELE,Month-to-month,Fiber optic,No,Electronic check,Yes,Yes
1472-TNCWL,Month-to-month,Fiber optic,No,Electronic check,Yes,No
8063-RJYNF,Month-to-month,Fiber optic,No,Electronic check,Yes,Yes
0687-ZVTHB,One year,DSL,No,Credit card (automatic),No,Yes
2080-GKCWQ,Month-to-month,Fiber optic,No,Electronic check,No,No
9661-ACXBS,Month-to-month,Fiber optic,No,Electronic check,Yes,Yes
2193-SFWQW,Two year,Fiber optic,Yes,Bank transfer (automatic),No,No
5656-JAMLX,Two year,No,No internet service,Bank transfer (automatic),No,No
3462-BJQQA,Month-to-month,Fiber optic,No,Electronic check,Yes,No
0442-TDYUO,Two year,No,No internet service,Mailed check,Yes,No
6733-LRIZX,Two year,Fiber optic,Yes,Electronic check,Yes,No
9503-XJUME,One year,No,No internet service,Credit card (automatic),No,No
4367-NHWMM,Month-to-month,DSL,No,Mailed check,Yes,No
3727-RJMEO,Month-to-month,Fiber optic,No,Electronic check,Yes,Yes
3779-OSWCF,Two year,DSL,Yes,Credit card (automatic),No,No
6736-DHUQI,One year,Fiber optic,No,Bank transfer (automatic),No,No
3915-ODIYG,One year,DSL,No,Electronic check,Yes,No
1360-RCYRT,Month-to-month,DSL,Yes,Bank transfer (automatic),Yes,No
2724-FJDYW,One year,DSL,Yes,Bank transfer (automatic),No,No
4451-RWASJ,One year,No,No internet service,Mailed check,Yes,No
6646-VRFOL,Month-to-month,Fiber optic,No,Electronic check,Yes,Yes
3460-TJBWI,Two year,No,No internet service,Mailed check,No,No
5917-HBSDW,Month-to-month,No,No internet service,Electronic check,No,No
5685-IIXLY,Month-to-month,Fiber optic,No,Electronic check,Yes,Yes
5671-UUNXD,One year,Fiber optic,Yes,Electronic check,Yes,No
0956-ACVZC,One year,Fiber optic,No,Credit card (automatic),Yes,No
2325-NBPZG,Month-to-month,Fiber optic,No,Electronic check,Yes,No
4250-ZBWLV,One year,Fiber optic,Yes,Electronic check,No,Yes
4482-FTFFX,Month-to-month,DSL,Yes,Electronic check,No,No
8859-DZTGQ,Two year,No,No internet service,Mailed check,No,No
0440-MOGPM,One year,DSL,No,Electronic check,Yes,No
0020-JDNXP,One year,DSL,Yes,Mailed check,No,No
3752-CQSJI,Month-to-month,No,No internet service,Mailed check,Yes,No
5025-GOOKI,Month-to-month,No,No internet service,Credit card (automatic),Yes,No
4698-KVLLG,Two year,No,No internet service,Credit card (automatic),No,No
5095-AESKG,Month-to-month,Fiber optic,No,Credit card (automatic),Yes,Yes
2887-JPYLU,Month-to-month,DSL,No,Bank transfer (automatic),No,No
4770-QAZXN,Month-to-month,No,No internet service,Credit card (automatic),No,No
4896-CPRPF,Two year,No,No internet service,Bank transfer (automatic),No,No
1871-MOWRM,Month-to-month,Fiber optic,Yes,Bank transfer (automatic),No,Yes
9714-EDSUC,Month-to-month,Fiber optic,Yes,Mailed check,Yes,No
2027-OAQQC,Month-to-month,DSL,No,Bank transfer (automatic),Yes,Yes
0282-NVSJS,Month-to-month,DSL,Yes,Mailed check,Yes,No
9090-SGQXL,Month-to-month,Fiber optic,No,Electronic check,Yes,Yes
6595-YGXIT,Month-to-month,Fiber optic,No,Electronic check,Yes,Yes
7353-YOWFP,One year,No,No internet service,Mailed check,No,No
9835-ZIITK,One year,Fiber optic,Yes,Electronic check,Yes,Yes
8008-ESFLK,One year,Fiber optic,Yes,Electronic check,No,No
7537-CBQUZ,Month-to-month,Fiber optic,No,Bank transfer (automatic),Yes,No
1555-DJEQW,Two year,Fiber optic,Yes,Bank transfer (automatic),Yes,Yes
5649-TJHOV,Month-to-month,DSL,No,Bank transfer (automatic),No,Yes
0519-XUZJU,Month-to-month,Fiber optic,No,Mailed check,No,Yes
3363-EWLGO,Month-to-month,No,No internet service,Mailed check,No,No
4750-UKWJK,One year,No,No internet service,Mailed check,No,No
6338-AVWCY,Month-to-month,DSL,No,Mailed check,Yes,Yes
1689-YQBYY,Month-to-month,Fiber optic,No,Electronic check,Yes,No
4487-ZYJZK,One year,No,No internet service,Credit card (automatic),No,No
2959-FENLU,Month-to-month,Fiber optic,No,Credit card (automatic),Yes,No
0708-LGSMF,Month-to-month,DSL,No,Electronic check,Yes,No
9253-QXKBE,Month-to-month,Fiber optic,No,Electronic check,Yes,Yes
7634-HLQJR,Two year,No,No internet service,Credit card (automatic),No,No
0487-RPVUM,Month-to-month,Fiber optic,Yes,Bank transfer (automatic),No,No
4079-ULGFR,Month-to-month,No,No internet service,Mailed check,No,No
2516-XSJKX,Two year,DSL,Yes,Electronic check,No,No
0057-QBUQH,Two year,No,No internet service,Electronic check,Yes,No
9445-SZLCH,Month-to-month,Fiber optic,No,Bank transfer (automatic),Yes,Yes
6599-SFQVE,Month-to-month,DSL,No,Electronic check,Yes,No
8331-ZXFOE,One year,DSL,Yes,Credit card (automatic),Yes,No
4003-FUSHP,Month-to-month,DSL,Yes,Credit card (automatic),Yes,No
0356-ERHVT,Month-to-month,DSL,No,Bank transfer (automatic),Yes,No
7325-ENZFI,One year,DSL,Yes,Bank transfer (automatic),Yes,No
4884-ZTHVF,Month-to-month,Fiber optic,No,Electronic check,Yes,No
3920-HIHMQ,Month-to-month,DSL,No,Mailed check,Yes,No
3055-OYMSE,Month-to-month,Fiber optic,No,Credit card (automatic),Yes,No
0613-WUXUM,Two year,No,No internet service,Mailed check,Yes,No
7568-PODML,Month-to-month,DSL,No,Mailed check,Yes,Yes
4458-KVRBJ,Two year,No,No internet service,Mailed check,No,No
5349-IECLD,Month-to-month,Fiber optic,No,Electronic check,No,Yes
1397-XKKWR,One year,DSL,No,Mailed check,No,No
3945-GFWQL,Month-to-month,DSL,No,Electronic check,Yes,Yes
8097-OMULG,One year,DSL,Yes,Credit card (automatic),No,No
6013-BHCAW,Two year,DSL,Yes,Bank transfer (automatic),Yes,No
0401-WDBXM,Two year,Fiber optic,No,Bank transfer (automatic),Yes,No
3387-PLKUI,Month-to-month,No,No internet service,Mailed check,No,No
6096-EGVTU,One year,No,No internet service,Mailed check,No,No
3797-VTIDR,Month-to-month,DSL,No,Electronic check,Yes,Yes
5081-NWSUP,One year,DSL,Yes,Mailed check,No,No
2580-ATZSQ,One year,DSL,No,Bank transfer (automatic),No,No
8085-MSNLK,Two year,Fiber optic,Yes,Mailed check,No,No
9691-HKOVS,One year,DSL,Yes,Electronic check,Yes,No
9881-VCZEP,Month-to-month,DSL,No,Electronic check,No,No
9526-BIHHD,Month-to-month,DSL,No,Mailed check,No,Yes
8757-TFHHJ,Month-to-month,DSL,No,Credit card (automatic),Yes,No
4523-WXCEF,Month-to-month,Fiber optic,No,Electronic check,No,Yes
1468-DEFNC,Two year,No,No internet service,Bank transfer (automatic),Yes,No
5119-KEPFY,Month-to-month,Fiber optic,No,Bank transfer (automatic),Yes,No
8364-TRMMK,Month-to-month,DSL,No,Mailed check,Yes,Yes
0916-KNFAJ,Two year,DSL,No,Mailed check,Yes,No
8319-QBEHW,One year,DSL,No,Bank transfer (automatic),Yes,No
3063-QFSZL,Month-to-month,DSL,No,Electronic check,Yes,Yes
8775-LHDJH,Month-to-month,Fiber optic,No,Electronic check,Yes,Yes
9625-QNLUX,Two year,Fiber optic,No,Credit card (automatic),Yes,No
3097-NQYSN,Month-to-month,Fiber optic,No,Mailed check,Yes,Yes
4024-CSNBY,Two year,Fiber optic,Yes,Bank transfer (automatic),Yes,No
7110-BDTWG,Two year,DSL,Yes,Electronic check,Yes,No
7493-GVFIO,Two year,No,No internet service,Credit card (automatic),No,No
0690-SRQID,Month-to-month,No,No internet service,Mailed check,Yes,No
9605-WGJVW,Month-to-month,Fiber optic,No,Electronic check,Yes,No
9114-DPSIA,Two year,DSL,Yes,Credit card (automatic),No,No
4700-UBQMV,One year,DSL,No,Bank transfer (automatic),Yes,No
7711-GQBZC,Two year,No,No internet service,Bank transfer (automatic),No,No
3565-UNOCC,Month-to-month,Fiber optic,No,Bank transfer (automatic),Yes,Yes
4627-MIHJH,Two year,Fiber optic,Yes,Credit card (automatic),No,No
9795-NREXC,Two year,DSL,Yes,Credit card (automatic),Yes,No
8573-CGOCC,Month-to-month,No,No internet service,Credit card (automatic),No,No
7356-AYNJP,One year,No,No internet service,Electronic check,No,No
9249-FXSCK,One year,Fiber optic,Yes,Credit card (automatic),Yes,Yes
5493-SDRDQ,Month-to-month,DSL,No,Mailed check,Yes,Yes
6286-SUUWT,Month-to-month,No,No internet service,Mailed check,No,No
4819-HJPIW,Month-to-month,DSL,No,Mailed check,No,No
8654-DHAOW,Month-to-month,DSL,No,Mailed check,No,No
5438-QMDDL,Month-to-month,DSL,No,Mailed check,Yes,No
9812-GHVRI,Month-to-month,Fiber optic,No,Bank transfer (automatic),No,No
5553-AOINX,One year,Fiber optic,No,Electronic check,Yes,No
1228-ZLNBX,Month-to-month,Fiber optic,No,Mailed check,No,No
4226-KKDON,Month-to-month,DSL,Yes,Electronic check,Yes,No
3831-YCPUO,Two year,Fiber optic,Yes,Credit card (automatic),Yes,No
7445-WMRBW,One year,DSL,Yes,Bank transfer (automatic),Yes,No
3308-DGHKL,Two year,No,No internet service,Bank transfer (automatic),Yes,No
9924-JPRMC,Two year,Fiber optic,Yes,Electronic check,Yes,No
0080-EMYVY,One year,DSL,No,Credit card (automatic),No,No
6218-KNUBD,Month-to-month,DSL,No,Electronic check,No,No
7337-CINUD,Two year,No,No internet service,Bank transfer (automatic),No,No
7609-NRNCA,One year,No,No internet service,Mailed check,No,No
0623-EJQEG,One year,Fiber optic,Yes,Electronic check,No,No
7153-CHRBV,One year,DSL,Yes,Mailed check,Yes,No
0871-URUWO,Month-to-month,Fiber optic,No,Credit card (automatic),Yes,Yes
9190-MFJLN,Month-to-month,Fiber optic,No,Credit card (automatic),Yes,Yes
6198-PNNSZ,One year,Fiber optic,No,Bank transfer (automatic),No,No
3317-VLGQT,Month-to-month,Fiber optic,No,Electronic check,Yes,No
4132-POCZS,Month-to-month,DSL,No,Electronic check,Yes,No
5614-DNZCE,Two year,DSL,Yes,Credit card (automatic),Yes,No
1095-JUDTC,Month-to-month,Fiber optic,Yes,Electronic check,Yes,Yes
3896-RCYYE,Month-to-month,DSL,Yes,Credit card (automatic),Yes,No
9638-JIQYA,Month-to-month,DSL,No,Credit card (automatic),Yes,No
3258-SANFR,Month-to-month,DSL,No,Credit card (automatic),No,No
3726-TBHQT,Two year,Fiber optic,Yes,Bank transfer (automatic),Yes,No
3190-ITQXP,Two year,No,No internet service,Bank transfer (automatic),No,No
0870-VEMYL,Month-to-month,DSL,Yes,Credit card (automatic),No,Yes
4833-QTJNO,Month-to-month,Fiber optic,No,Bank transfer (automatic),No,No
3039-MJSLN,Month-to-month,No,No internet service,Bank transfer (automatic),No,No
0178-CIIKR,Month-to-month,No,No internet service,Mailed check,No,No
5385-SUIRI,Month-to-month,Fiber optic,No,Electronic check,Yes,Yes
3982-XWFZQ,Month-to-month,DSL,No,Electronic check,Yes,Yes
5774-QPLTF,One year,No,No internet service,Mailed check,Yes,No
2322-VCZHZ,Month-to-month,Fiber optic,No,Electronic check,Yes,No
5010-IPEAQ,Two year,DSL,Yes,Credit card (automatic),No,No
4009-ALQFH,Month-to-month,Fiber optic,No,Electronic check,Yes,Yes
6383-ZTSIW,One year,Fiber optic,No,Mailed check,No,No
8990-YOZLV,Two year,DSL,Yes,Mailed check,Yes,No
3069-SSVSN,One year,DSL,No,Mailed check,No,No
5222-IMUKT,Month-to-month,Fiber optic,No,Electronic check,No,No
3627-FCRDW,Month-to-month,Fiber optic,No,Electronic check,No,Yes
7562-GSUHK,Month-to-month,Fiber optic,No,Credit card (automatic),Yes,Yes
6685-XSHHU,Two year,No,No internet service,Bank transfer (automatic),Yes,No
8901-UPRHR,Two year,Fiber optic,Yes,Bank transfer (automatic),Yes,No
4903-UYAVB,Month-to-month,No,No internet service,Mailed check,No,Yes
0118-JPNOY,Month-to-month,Fiber optic,No,Credit card (automatic),Yes,No
6776-TLWOI,Month-to-month,No,No internet service,Mailed check,No,Yes
3845-FXCYS,Month-to-month,No,No internet service,Electronic check,Yes,No
5857-XRECV,One year,No,No internet service,Bank transfer (automatic),No,No
0725-CXOTM,One year,DSL,Yes,Credit card (automatic),Yes,No
4343-EJVQB,Month-to-month,Fiber optic,No,Mailed check,No,No
9000-PLFUZ,Two year,DSL,No,Credit card (automatic),Yes,No
3427-GGZZI,Month-to-month,Fiber optic,No,Electronic check,Yes,No
7779-ORAEL,Two year,DSL,Yes,Credit card (automatic),No,No
0644-OQMDK,Month-to-month,Fiber optic,No,Electronic check,Yes,No
4077-CROMM,Month-to-month,Fiber optic,Yes,Electronic check,Yes,Yes
3154-CFSZG,Month-to-month,Fiber optic,No,Electronic check,No,No
2868-MZAGQ,Month-to-month,Fiber optic,No,Electronic check,Yes,Yes
4847-QNOKA,Month-to-month,DSL,No,Bank transfer (automatic),Yes,Yes
2220-IAHLS,Month-to-month,No,No internet service,Credit card (automatic),No,No
1658-XUHBX,Month-to-month,Fiber optic,No,Credit card (automatic),Yes,No
6379-RXJRQ,Month-to-month,Fiber optic,No,Electronic check,Yes,Yes
2378-HTWFW,Month-to-month,Fiber optic,No,Credit card (automatic),No,No
8650-RHRKE,Month-to-month,DSL,No,Electronic check,Yes,Yes
4377-VDHYI,One year,Fiber optic,No,Electronic check,Yes,No
0475-RIJEP,Month-to-month,Fiber optic,No,Electronic check,Yes,Yes
1260-TTRXI,Month-to-month,DSL,No,Electronic check,No,Yes
3719-TDVQB,Two year,No,No internet service,Mailed check,Yes,No
6328-ZPBGN,Month-to-month,Fiber optic,No,Bank transfer (automatic),Yes,Yes
0201-MIBOL,Two year,Fiber optic,No,Bank transfer (automatic),Yes,No
4937-QPZPO,One year,Fiber optic,No,Electronic check,Yes,No
2925-VDZHY,Two year,DSL,Yes,Credit card (automatic),No,No
6981-TDRFT,One year,DSL,Yes,Electronic check,Yes,No
3413-CSSTH,Month-to-month,DSL,No,Bank transfer (automatic),Yes,No
8033-VCZGH,One year,Fiber optic,No,Electronic check,Yes,No
4789-KWMXN,One year,Fiber optic,Yes,Credit card (automatic),Yes,Yes
0224-NIJLP,Two year,No,No internet service,Mailed check,No,No
7542-CYDDM,Month-to-month,No,No internet service,Mailed check,No,No
4718-WXBGI,Two year,DSL,Yes,Credit card (automatic),Yes,No
2867-UIMSS,Month-to-month,Fiber optic,No,Electronic check,No,Yes
8495-PRWFH,Month-to-month,DSL,No,Electronic check,No,No
0439-IFYUN,Month-to-month,Fiber optic,No,Electronic check,Yes,No
5716-LIBJC,One year,Fiber optic,No,Credit card (automatic),Yes,No
2868-LLSKM,One year,Fiber optic,Yes,Bank transfer (automatic),Yes,No
8111-RKSPX,Month-to-month,Fiber optic,No,Bank transfer (automatic),Yes,Yes
2988-QRAJY,Two year,Fiber optic,No,Credit card (automatic),Yes,No
1585-MQSSU,Month-to-month,DSL,Yes,Mailed check,No,Yes
0071-NDAFP,Two year,No,No internet service,Credit card (automatic),No,No
2856-NNASM,Month-to-month,Fiber optic,No,Mailed check,Yes,Yes
7328-ZJAJO,Two year,No,No internet service,Credit card (automatic),No,No
6458-CYIDZ,Month-to-month,Fiber optic,No,Electronic check,No,No
8559-CIZFV,One year,DSL,Yes,Mailed check,No,Yes
1090-PYKCI,One year,Fiber optic,Yes,Credit card (automatic),Yes,No
3058-WQDRE,Month-to-month,DSL,No,Bank transfer (automatic),Yes,No
7547-EKNFS,Month-to-month,Fiber optic,No,Bank transfer (automatic),Yes,Yes
2279-AXJJK,Month-to-month,Fiber optic,Yes,Credit card (automatic),Yes,No
6769-DYBQN,Month-to-month,Fiber optic,No,Electronic check,No,Yes
0909-SELIE,Two year,DSL,Yes,Bank transfer (automatic),Yes,No
3417-TSCIC,One year,DSL,No,Mailed check,Yes,No
1042-HFUCW,One year,DSL,Yes,Credit card (automatic),Yes,No
4439-JMPMT,Month-to-month,Fiber optic,Yes,Electronic check,Yes,Yes
6537-OTKMY,One year,DSL,No,Electronic check,No,No
8999-EXMNO,Two year,No,No internet service,Mailed check,No,No
6725-TPKJO,Two year,No,No internet service,Mailed check,No,No
2446-BEGGB,Month-to-month,Fiber optic,No,Electronic check,Yes,Yes
7162-WPHPM,Two year,DSL,Yes,Credit card (automatic),No,No
1599-MMYRQ,One year,Fiber optic,No,Credit card (automatic),Yes,No
8821-KVZKQ,One year,DSL,Yes,Bank transfer (automatic),Yes,No
1496-GGSUK,Month-to-month,DSL,No,Mailed check,Yes,Yes
6434-TTGJP,Two year,DSL,Yes,Credit card (automatic),No,No
0042-JVWOJ,One year,No,No internet service,Bank transfer (automatic),Yes,No
0130-SXOUN,Month-to-month,Fiber optic,No,Credit card (automatic),No,No
2575-GFSOE,Month-to-month,Fiber optic,No,Electronic check,Yes,Yes
2330-PQGDQ,One year,Fiber optic,Yes,Bank transfer (automatic),No,No
1452-UZOSF,Two year,Fiber optic,Yes,Credit card (automatic),Yes,No
2097-YVPKN,Two year,No,No internet service,Mailed check,No,No
2842-JTCCU,Month-to-month,DSL,No,Bank transfer (automatic),No,Yes
8597-CTXVJ,One year,DSL,Yes,Bank transfer (automatic),No,No
6631-HMANX,Two year,DSL,Yes,Credit card (automatic),Yes,No
9962-BFPDU,Month-to-month,No,No internet service,Mailed check,No,No
3296-SILRA,Month-to-month,Fiber optic,No,Mailed check,Yes,Yes
9681-OXGVC,Month-to-month,Fiber optic,No,Electronic check,Yes,Yes
6394-HHHZM,Month-to-month,No,No internet service,Mailed check,No,No
5995-LFTLE,Two year,No,No internet service,Credit card (automatic),Yes,No
5180-UCIIQ,Month-to-month,DSL,No,Mailed check,No,Yes
1932-UEDCX,Month-to-month,Fiber optic,No,Bank transfer (automatic),Yes,No
7153-OANIO,Month-to-month,Fiber optic,No,Electronic check,No,Yes
5188-HGMLP,Month-to-month,Fiber optic,No,Bank transfer (automatic),No,No
0665-XHDJU,Two year,Fiber optic,No,Electronic check,Yes,No
6521-YYTYI,Month-to-month,Fiber optic,No,Electronic check,Yes,Yes
8878-HMWBV,Month-to-month,DSL,No,Electronic check,Yes,Yes
8265-HKSOW,Two year,Fiber optic,Yes,Credit card (automatic),No,No
3544-FBCAS,Two year,DSL,No,Credit card (automatic),Yes,No
5331-RGMTT,Month-to-month,Fiber optic,No,Credit card (automatic),Yes,No
4759-PXTAN,One year,DSL,Yes,Electronic check,Yes,No
7054-DMVAS,Two year,DSL,No,Bank transfer (automatic),Yes,No
3428-MMGUB,Two year,Fiber optic,No,Electronic check,Yes,No
6549-BTYPG,Two year,DSL,Yes,Credit card (automatic),No,No
7823-JSOAG,Month-to-month,Fiber optic,No,Electronic check,No,No
3705-RHRFR,Two year,Fiber optic,No,Bank transfer (automatic),No,No
9374-YOLBJ,Month-to-month,No,No internet service,Electronic check,No,No
9074-KGVOX,Month-to-month,DSL,No,Credit card (automatic),Yes,No
6128-DAFVY,Month-to-month,DSL,No,Credit card (automatic),Yes,No
9933-QRGTX,Two year,Fiber optic,Yes,Electronic check,Yes,No
4476-OSWTN,One year,Fiber optic,Yes,Mailed check,Yes,No
3751-KTZEL,Month-to-month,DSL,No,Mailed check,No,Yes
1977-STDKI,Month-to-month,Fiber optic,No,Electronic check,Yes,Yes
5066-GFJMM,Month-to-month,No,No internet service,Mailed check,Yes,No
2661-GKBTK,Two year,DSL,Yes,Bank transfer (automatic),No,No
0458-HEUZG,Two year,DSL,Yes,Mailed check,No,No
7268-WNTCP,Two year,No,No internet service,Bank transfer (automatic),No,No
0824-VWDPO,One year,Fiber optic,No,Bank transfer (automatic),No,No
8409-WQJUX,One year,DSL,Yes,Electronic check,No,No
2578-JQPHZ,Two year,Fiber optic,Yes,Bank transfer (automatic),No,No
3278-FSIXX,Month-to-month,DSL,No,Mailed check,Yes,No
5813-UECBU,Month-to-month,Fiber optic,No,Credit card (automatic),Yes,Yes
0328-GRPMV,Month-to-month,Fiber optic,No,Electronic check,Yes,Yes
9746-UGFAC,One year,No,No internet service,Bank transfer (automatic),No,No
2946-KIQSP,Month-to-month,DSL,Yes,Mailed check,Yes,No
0625-AFOHS,Two year,No,No internet service,Mailed check,No,No
6726-WEXXK,One year,Fiber optic,No,Electronic check,Yes,No
4636-OLWOE,One year,DSL,Yes,Electronic check,Yes,No
4342-HENTK,Month-to-month,Fiber optic,No,Electronic check,Yes,Yes
4685-ERGHK,One year,Fiber optic,No,Electronic check,Yes,No
0885-HMGPY,Two year,DSL,Yes,Bank transfer (automatic),No,No
5003-OKNNK,One year,No,No internet service,Credit card (automatic),No,No
4195-SMMNX,Month-to-month,No,No internet service,Mailed check,No,Yes
7208-PSIHR,Two year,Fiber optic,Yes,Bank transfer (automatic),Yes,No
4012-ZTHBR,Month-to-month,DSL,No,Electronic check,Yes,No
0489-WMEMG,One year,DSL,Yes,Electronic check,Yes,No
7435-ZNUYY,One year,No,No internet service,Mailed check,No,No
1354-YZFNB,Two year,No,No internet service,Credit card (automatic),No,No
6956-SMUCM,Month-to-month,Fiber optic,No,Credit card (automatic),Yes,Yes
2985-FMWYF,Month-to-month,Fiber optic,No,Electronic check,Yes,No
2812-ENYMO,One year,DSL,Yes,Credit card (automatic),No,No
2717-HVIZY,Month-to-month,No,No internet service,Mailed check,No,No
3223-WZWJM,Month-to-month,Fiber optic,No,Electronic check,Yes,Yes
3422-GALYP,Month-to-month,Fiber optic,No,Electronic check,Yes,No
9053-JZFKV,Two year,Fiber optic,Yes,Credit card (automatic),No,Yes
2530-ENDWQ,Two year,Fiber optic,No,Bank transfer (automatic),Yes,Yes
2890-WFBHU,One year,DSL,Yes,Credit card (automatic),No,No
0327-WFZSY,One year,Fiber optic,No,Electronic check,No,No
7977-HXJKU,Two year,No,No internet service,Mailed check,No,No
6615-ZGEDR,Month-to-month,No,No internet service,Mailed check,No,Yes
7033-CLAMM,Two year,No,No internet service,Bank transfer (automatic),No,No
4023-RTIQM,One year,DSL,No,Credit card (automatic),Yes,No
0864-FVJNJ,One year,Fiber optic,Yes,Electronic check,No,No
7356-IWLFW,Month-to-month,Fiber optic,No,Bank transfer (automatic),Yes,No
9541-PWTWO,Two year,DSL,Yes,Bank transfer (automatic),Yes,No
3967-VQOGC,Two year,No,No internet service,Mailed check,Yes,No
7872-RDDLZ,Month-to-month,DSL,No,Electronic check,No,No
9250-WYPLL,Month-to-month,Fiber optic,No,Electronic check,No,Yes
6308-CQRBU,Two year,Fiber optic,Yes,Electronic check,No,No
2754-XBHTB,Month-to-month,Fiber optic,No,Bank transfer (automatic),Yes,Yes
1597-LHYNC,Month-to-month,Fiber optic,No,Electronic check,Yes,Yes
0186-CAERR,One year,Fiber optic,Yes,Bank transfer (automatic),Yes,No
3043-SUDUA,Month-to-month,No,No internet service,Bank transfer (automatic),No,No
5442-BHQNG,Month-to-month,Fiber optic,No,Electronic check,No,No
2169-RRLFW,Two year,No,No internet service,Credit card (automatic),No,No
5872-OEQNH,One year,DSL,No,Electronic check,Yes,No
3162-KKZXO,One year,Fiber optic,No,Electronic check,Yes,No
7055-VKGDA,One year,Fiber optic,Yes,Credit card (automatic),Yes,Yes
0754-UKWQP,Month-to-month,Fiber optic,No,Electronic check,Yes,Yes
8873-GLDMH,Month-to-month,Fiber optic,No,Mailed check,Yes,No
5696-JVVQY,Two year,DSL,No,Credit card (automatic),Yes,No
8946-BFWSG,Two year,No,No internet service,Mailed check,No,No
7493-TPUWZ,Month-to-month,Fiber optic,No,Electronic check,Yes,Yes
0547-HURJB,Month-to-month,No,No internet service,Credit card (automatic),No,No
8904-OPDCK,Month-to-month,DSL,No,Bank transfer (automatic),Yes,No
8845-LWKGE,One year,DSL,Yes,Electronic check,Yes,No
1577-HKTFG,Month-to-month,No,No internet service,Bank transfer (automatic),No,Yes
8752-STIVR,Month-to-month,Fiber optic,No,Electronic check,Yes,Yes
0691-NIKRI,One year,Fiber optic,Yes,Credit card (automatic),Yes,No
5022-JNQEQ,Month-to-month,Fiber optic,Yes,Electronic check,Yes,No
4558-FANTW,Month-to-month,Fiber optic,Yes,Electronic check,No,Yes
3249-VHRIP,Two year,DSL,No,Credit card (automatic),Yes,No
3736-BLEPA,One year,Fiber optic,Yes,Bank transfer (automatic),Yes,No
4701-LKOZD,Two year,DSL,Yes,Credit card (automatic),No,No
6603-QWSPR,Two year,Fiber optic,Yes,Bank transfer (automatic),Yes,No
9921-QFQUL,Month-to-month,Fiber optic,No,Mailed check,No,No
1929-ZCBHE,One year,DSL,Yes,Electronic check,No,No
4378-MYPGO,Two year,Fiber optic,No,Bank transfer (automatic),Yes,No
8651-ENBZX,One year,Fiber optic,Yes,Electronic check,Yes,Yes
4129-LYCOI,Two year,Fiber optic,Yes,Electronic check,Yes,No
7798-JVXYM,Month-to-month,DSL,Yes,Electronic check,Yes,No
8647-SDTWQ,Month-to-month,Fiber optic,No,Electronic check,Yes,No
2696-ECXKC,One year,Fiber optic,No,Mailed check,No,No
2081-KJSQF,Month-to-month,No,No internet service,Mailed check,Yes,No
7623-TRNQN,Month-to-month,DSL,Yes,Mailed check,Yes,Yes
3323-CPBWR,Month-to-month,Fiber optic,Yes,Credit card (automatic),Yes,No
9330-IJWIO,Month-to-month,Fiber optic,No,Electronic check,Yes,Yes
3384-CTMSF,Month-to-month,Fiber optic,No,Electronic check,Yes,No
0902-RFHOF,One year,No,No internet service,Mailed check,No,No
9286-DOJGF,Month-to-month,Fiber optic,No,Bank transfer (automatic),Yes,Yes
6048-QBXKL,Month-to-month,DSL,No,Credit card (automatic),Yes,No
9661-MHUMO,Month-to-month,DSL,Yes,Credit card (automatic),Yes,Yes
7718-RXDGG,Month-to-month,Fiber optic,No,Bank transfer (automatic),Yes,No
1025-FALIX,Month-to-month,Fiber optic,No,Credit card (automatic),Yes,No
3451-VAWLI,Two year,No,No internet service,Credit card (automatic),No,No
3407-QGWLG,Month-to-month,No,No internet service,Mailed check,Yes,No
1842-EZJMK,Month-to-month,Fiber optic,Yes,Electronic check,No,Yes
2347-WKKAE,Month-to-month,Fiber optic,No,Electronic check,Yes,No
8735-DCXNF,Month-to-month,DSL,Yes,Credit card (automatic),Yes,No
3214-IYUUQ,One year,Fiber optic,Yes,Bank transfer (automatic),No,No
1936-UAFEH,Two year,Fiber optic,Yes,Credit card (automatic),No,No
3587-PMCOY,One year,Fiber optic,No,Electronic check,Yes,No
8079-XRJRS,One year,Fiber optic,No,Electronic check,No,Yes
1027-LKKQQ,Two year,DSL,Yes,Bank transfer (automatic),Yes,No
7148-XZPHA,Month-to-month,Fiber optic,Yes,Electronic check,No,No
8073-IJDCM,Month-to-month,No,No internet service,Mailed check,Yes,Yes
5309-TAIKL,Month-to-month,DSL,Yes,Bank transfer (automatic),No,No
6856-RAURS,Month-to-month,Fiber optic,No,Mailed check,Yes,No
8778-LMWTJ,Month-to-month,Fiber optic,No,Electronic check,Yes,No
9717-IOAAF,Two year,No,No internet service,Credit card (automatic),Yes,No
8884-ADFVN,Month-to-month,Fiber optic,No,Electronic check,Yes,Yes
2845-KDHVX,Two year,DSL,Yes,Mailed check,Yes,No
0848-SOMKO,Two year,DSL,Yes,Bank transfer (automatic),No,No
2720-WGKHP,Month-to-month,Fiber optic,No,Electronic check,Yes,Yes
6734-FQAJX,Two year,Fiber optic,Yes,Electronic check,Yes,No
2869-ADAWR,Month-to-month,Fiber optic,No,Credit card (automatic),Yes,Yes
1535-VTJOQ,Two year,No,No internet service,Credit card (automatic),No,No
6368-TZZDT,Two year,No,No internet service,Credit card (automatic),No,No
0943-ZQPXH,Month-to-month,Fiber optic,No,Bank transfer (automatic),Yes,No
1293-BSEUN,Two year,No,No internet service,Mailed check,Yes,No
9894-EZEWG,Month-to-month,Fiber optic,No,Credit card (automatic),Yes,Yes
1302-TPUBN,Two year,No,No internet service,Bank transfer (automatic),No,No
7851-FLGGQ,Month-to-month,DSL,Yes,Mailed check,Yes,Yes
0637-UBJRP,Month-to-month,Fiber optic,No,Electronic check,No,Yes
0940-OUQEC,Month-to-month,Fiber optic,No,Bank transfer (automatic),Yes,Yes
2378-VTKDH,Month-to-month,Fiber optic,No,Electronic check,Yes,No
0927-CNGRH,Month-to-month,No,No internet service,Mailed check,No,No
8608-OZTLB,One year,DSL,Yes,Electronic check,No,No
2335-GSODA,Two year,DSL,Yes,Mailed check,No,No
1952-DVVSW,One year,No,No internet service,Mailed check,No,No
0702-PGIBZ,Month-to-month,Fiber optic,No,Electronic check,Yes,Yes
6656-GULJQ,Two year,DSL,Yes,Credit card (automatic),Yes,No
9853-JFZDU,Month-to-month,DSL,Yes,Electronic check,No,No
1963-VAUKV,Month-to-month,No,No internet service,Mailed check,No,Yes
3777-XROBG,Two year,No,No internet service,Credit card (automatic),No,No
6994-FGRHH,One year,Fiber optic,Yes,Electronic check,Yes,No
4000-VGMQP,One year,DSL,No,Credit card (automatic),No,No
3999-WRNGR,Month-to-month,DSL,No,Electronic check,Yes,No
3466-RITXD,Month-to-month,Fiber optic,No,Credit card (automatic),Yes,No
2680-XKKNJ,One year,DSL,Yes,Bank transfer (automatic),No,No
3058-HJCUY,One year,Fiber optic,Yes,Electronic check,Yes,Yes
2974-GGUXS,Month-to-month,Fiber optic,No,Credit card (automatic),Yes,No
7994-XIRTR,One year,DSL,Yes,Bank transfer (automatic),No,No
3259-FDWOY,Two year,Fiber optic,No,Bank transfer (automatic),Yes,Yes
2101-RANCD,Month-to-month,Fiber optic,No,Electronic check,Yes,No
7921-BEPCI,Two year,DSL,No,Bank transfer (automatic),No,No
0807-ZABDG,Month-to-month,DSL,Yes,Mailed check,Yes,Yes
8510-TMWYB,Two year,DSL,No,Bank transfer (automatic),Yes,No
3258-ZKPAI,Two year,Fiber optic,Yes,Bank transfer (automatic),Yes,No
1428-IEDPR,Two year,Fiber optic,Yes,Electronic check,Yes,No
5298-GSTLM,One year,Fiber optic,No,Bank transfer (automatic),Yes,No
4450-YOOHP,Month-to-month,DSL,No,Credit card (automatic),Yes,No
6728-CZFEI,One year,DSL,No,Mailed check,No,No
5748-RNCJT,Two year,Fiber optic,Yes,Bank transfer (automatic),Yes,Yes
3653-NCRDJ,One year,No,No internet service,Mailed check,Yes,No
6121-TNHBO,One year,DSL,Yes,Bank transfer (automatic),No,No
5119-NZPTV,Month-to-month,Fiber optic,No,Electronic check,No,No
6519-ZHPXP,Two year,Fiber optic,Yes,Bank transfer (automatic),Yes,No
7739-LAXOG,Month-to-month,Fiber optic,No,Bank transfer (automatic),Yes,Yes
3472-QPRCH,Two year,No,No internet service,Credit card (automatic),No,No
8224-UAXBZ,One year,DSL,No,Electronic check,Yes,No
9610-WCESF,Two year,DSL,Yes,Electronic check,No,No
9776-CLUJA,Month-to-month,Fiber optic,No,Electronic check,Yes,Yes
2486-WYVVE,One year,DSL,Yes,Mailed check,Yes,No
3865-ZYKAD,Month-to-month,Fiber optic,No,Credit card (automatic),Yes,No
1422-DGUBX,One year,Fiber optic,Yes,Electronic check,Yes,No
2999-AANRQ,Two year,DSL,Yes,Credit card (automatic),No,No
8668-KNZTI,One year,DSL,No,Electronic check,No,No
0480-KYJVA,Two year,No,No internet service,Credit card (automatic),No,No
6034-ZRYCV,Two year,DSL,No,Electronic check,Yes,Yes
9746-YKGXB,One year,DSL,No,Bank transfer (automatic),No,No
3926-YZVVX,One year,DSL,Yes,Bank transfer (automatic),No,No
6000-UKLWI,Two year,No,No internet service,Mailed check,No,No
2079-FBMZK,Month-to-month,Fiber optic,No,Mailed check,Yes,Yes
6332-FBZRI,One year,DSL,Yes,Credit card (automatic),Yes,No
2096-XOTMO,Month-to-month,No,No internet service,Mailed check,No,No
3266-FTKHB,Two year,No,No internet service,Mailed check,No,No
8221-EQDGL,Month-to-month,DSL,No,Mailed check,No,No
2346-LOCWC,Two year,No,No internet service,Credit card (automatic),No,No
6608-QQLVK,Month-to-month,DSL,No,Electronic check,Yes,Yes
0298-XACET,Two year,DSL,Yes,Mailed check,No,No
7560-QJAVJ,Two year,DSL,Yes,Bank transfer (automatic),No,No
2995-YWTCD,Two year,No,No internet service,Bank transfer (automatic),Yes,No
3551-HUAZH,Month-to-month,Fiber optic,No,Electronic check,Yes,Yes
9137-UIYPG,Month-to-month,Fiber optic,Yes,Electronic check,Yes,No
2809-ZMYOQ,Month-to-month,Fiber optic,No,Electronic check,Yes,No
5084-OOVCJ,Month-to-month,DSL,Yes,Credit card (automatic),Yes,No
0254-WWRKD,One year,DSL,No,Credit card (automatic),No,No
7727-SHVZV,Month-to-month,No,No internet service,Bank transfer (automatic),No,No
6302-JGYRJ,One year,DSL,Yes,Mailed check,Yes,Yes
5339-PXDVH,Month-to-month,Fiber optic,No,Electronic check,No,No
2205-LPVGL,One year,Fiber optic,Yes,Bank transfer (automatic),Yes,No
8782-NUUOL,One year,DSL,Yes,Mailed check,No,No
3685-YLCMQ,One year,Fiber optic,Yes,Electronic check,Yes,Yes
7601-WFVZV,Month-to-month,No,No internet service,Mailed check,No,No
4609-KNNWG,Two year,No,No internet service,Mailed check,No,No
4868-AADLV,One year,Fiber optic,Yes,Electronic check,Yes,No
9529-OFXHY,Month-to-month,Fiber optic,No,Bank transfer (automatic),Yes,No
8634-MPHTR,Month-to-month,Fiber optic,No,Electronic check,Yes,Yes
2669-QVCRG,Month-to-month,Fiber optic,No,Credit card (automatic),Yes,No
2478-EEWWM,Month-to-month,DSL,No,Electronic check,Yes,No
9174-IHETN,Two year,Fiber optic,No,Credit card (automatic),No,No
2233-TXSIU,One year,DSL,No,Credit card (automatic),No,No
9644-UMGQA,Month-to-month,DSL,No,Electronic check,Yes,No
3256-EZDBI,Month-to-month,DSL,No,Credit card (automatic),Yes,No
8761-NSOBC,Month-to-month,Fiber optic,Yes,Electronic check,No,Yes
0419-YAAPX,Month-to-month,Fiber optic,No,Credit card (automatic),Yes,No
8413-VONUO,Month-to-month,Fiber optic,No,Electronic check,No,Yes
0872-CASZJ,One year,DSL,Yes,Mailed check,Yes,No
4726-DLWQN,Month-to-month,DSL,No,Bank transfer (automatic),Yes,No
8164-OCKUJ,Two year,No,No internet service,Mailed check,No,No
3094-JOJAI,Month-to-month,Fiber optic,No,Mailed check,No,No
9494-MRNYX,Month-to-month,Fiber optic,No,Electronic check,No,No
2599-CZABP,One year,DSL,No,Electronic check,No,No
7945-PRBVF,Two year,No,No internet service,Bank transfer (automatic),No,No
4544-RXFMG,One year,DSL,No,Mailed check,Yes,No
0859-YGKFW,One year,No,No internet service,Bank transfer (automatic),No,No
1150-FTQGN,One year,Fiber optic,No,Bank transfer (automatic),No,No
9223-UCPVT,Month-to-month,Fiber optic,No,Electronic check,No,Yes
7196-LIWRH,Two year,No,No internet service,Mailed check,No,No
5448-VWNAM,Month-to-month,DSL,Yes,Mailed check,Yes,No
1177-XZBJL,One year,DSL,Yes,Bank transfer (automatic),No,No
3518-FSTWG,Two year,Fiber optic,No,Bank transfer (automatic),Yes,No
9330-VOFSZ,Two year,Fiber optic,Yes,Credit card (automatic),Yes,No
4351-QLCSU,Month-to-month,DSL,No,Credit card (automatic),Yes,Yes
0939-EREMR,Month-to-month,DSL,Yes,Mailed check,No,No
9389-ACWBI,Month-to-month,Fiber optic,No,Credit card (automatic),No,No
5419-JPRRN,Month-to-month,Fiber optic,No,Electronic check,Yes,Yes
3644-QXEHN,Month-to-month,Fiber optic,No,Electronic check,No,No
2911-IJORQ,One year,DSL,Yes,Bank transfer (automatic),Yes,No
5921-NGYRH,Month-to-month,Fiber optic,No,Mailed check,Yes,No
2100-BDNSN,Month-to-month,DSL,Yes,Bank transfer (automatic),No,Yes
5998-DZLYR,Two year,Fiber optic,Yes,Bank transfer (automatic),Yes,No
0488-GSLFR,Month-to-month,Fiber optic,No,Electronic check,Yes,Yes
9318-NKNFC,Month-to-month,No,No internet service,Mailed check,Yes,Yes
3985-HOYPM,One year,No,No internet service,Mailed check,No,No
9728-FTTVZ,Month-to-month,Fiber optic,No,Electronic check,Yes,Yes
9548-LERKT,Two year,No,No internet service,Mailed check,No,No
6576-FBXOJ,One year,DSL,Yes,Electronic check,No,No
4310-KEDTB,Month-to-month,DSL,No,Mailed check,Yes,No
7254-IQWOZ,Month-to-month,Fiber optic,No,Electronic check,Yes,Yes
2474-BRUCM,Month-to-month,Fiber optic,No,Electronic check,No,Yes
4062-HBMOS,Month-to-month,Fiber optic,No,Electronic check,Yes,No
0742-NXBGR,Month-to-month,Fiber optic,No,Electronic check,Yes,Yes
2676-ISHSF,Month-to-month,No,No internet service,Mailed check,No,No
9236-NDUCW,Two year,DSL,Yes,Mailed check,No,No
4753-PADAS,One year,Fiber optic,No,Bank transfer (automatic),Yes,No
6103-QCKFX,Month-to-month,DSL,Yes,Bank transfer (automatic),No,No
7781-EWARA,One year,DSL,Yes,Electronic check,No,No
6110-OHIHY,Month-to-month,Fiber optic,No,Electronic check,No,Yes
7018-FPXHH,Two year,DSL,No,Bank transfer (automatic),Yes,No
5889-LFOLL,Month-to-month,Fiber optic,No,Electronic check,Yes,Yes
5708-EVONK,Month-to-month,Fiber optic,No,Bank transfer (automatic),Yes,Yes
8708-XPXHZ,Month-to-month,Fiber optic,No,Electronic check,Yes,Yes
0616-ATFGB,Month-to-month,DSL,No,Electronic check,No,Yes
0572-ZJKLT,Two year,Fiber optic,Yes,Mailed check,No,No
5135-RDDQL,Two year,DSL,No,Bank transfer (automatic),Yes,No
1353-LJWEM,Month-to-month,DSL,Yes,Electronic check,Yes,No
1794-SWWKL,Month-to-month,DSL,Yes,Bank transfer (automatic),Yes,No
6166-YIPFO,Two year,DSL,Yes,Electronic check,Yes,No
7016-BPGEU,Month-to-month,DSL,No,Credit card (automatic),Yes,Yes
6876-ADESB,Month-to-month,DSL,No,Electronic check,No,Yes
9332-GYWLO,Month-to-month,DSL,No,Electronic check,No,No
1963-SVUCV,Month-to-month,DSL,No,Electronic check,No,Yes
4184-VODJZ,One year,Fiber optic,No,Electronic check,Yes,No
0220-EBGCE,Month-to-month,Fiber optic,No,Electronic check,Yes,Yes
1092-WPIVQ,Two year,No,No internet service,Mailed check,No,No
7233-IOQNP,Month-to-month,DSL,Yes,Bank transfer (automatic),No,No
2834-JKOOW,One year,DSL,Yes,Mailed check,No,No
2754-VDLTR,Month-to-month,Fiber optic,No,Electronic check,No,Yes
2400-FEQME,Two year,No,No internet service,Mailed check,No,No
3190-XFANI,One year,Fiber optic,Yes,Bank transfer (automatic),Yes,Yes
7551-DACSP,Month-to-month,DSL,No,Mailed check,Yes,Yes
4957-SREEC,Two year,No,No internet service,Credit card (automatic),No,No
7235-NXZCP,Month-to-month,Fiber optic,No,Mailed check,Yes,Yes
0230-UBYPQ,One year,DSL,Yes,Bank transfer (automatic),No,No
4923-ADWXJ,Month-to-month,DSL,Yes,Bank transfer (automatic),Yes,No
1763-KUAAW,One year,No,No internet service,Bank transfer (automatic),No,No
1104-TNLZA,Month-to-month,Fiber optic,Yes,Electronic check,Yes,No
5195-KPUNQ,One year,Fiber optic,Yes,Mailed check,Yes,No
0520-FDVVT,One year,Fiber optic,No,Bank transfer (automatic),Yes,Yes
3439-GVUSX,Month-to-month,DSL,No,Mailed check,No,No
1444-VVSGW,One year,Fiber optic,Yes,Credit card (automatic),No,Yes
5712-PTIWW,Month-to-month,Fiber optic,Yes,Electronic check,Yes,Yes
5949-HGVJL,Month-to-month,DSL,Yes,Electronic check,Yes,No
5203-XEHAX,One year,DSL,No,Electronic check,No,No
1635-HDGFT,Two year,No,No internet service,Mailed check,No,No
3315-TOTBP,Month-to-month,Fiber optic,No,Mailed check,Yes,Yes
8050-XGRVL,One year,DSL,No,Credit card (automatic),No,No
6661-HBGWL,Month-to-month,Fiber optic,No,Bank transfer (automatic),Yes,Yes
1518-VOWAV,Month-to-month,DSL,No,Electronic check,Yes,Yes
9828-QHFBK,Month-to-month,DSL,No,Electronic check,Yes,No
3908-MKIMJ,Two year,DSL,No,Electronic check,Yes,No
5012-YSPJJ,Month-to-month,DSL,Yes,Mailed check,No,No
5909-ECHUI,Month-to-month,DSL,No,Electronic check,Yes,Yes
1309-BXVOQ,Month-to-month,Fiber optic,Yes,Electronic check,Yes,Yes
6728-VOIFY,One year,Fiber optic,No,Electronic check,Yes,No
9317-WZPGV,Month-to-month,Fiber optic,No,Bank transfer (automatic),Yes,Yes
4891-NLUBA,Two year,DSL,Yes,Bank transfer (automatic),Yes,No
2856-HYAPG,Month-to-month,Fiber optic,No,Electronic check,No,Yes
8969-PRHFK,One year,No,No internet service,Mailed check,No,No
0661-KQHNK,One year,No,No internet service,Credit card (automatic),No,No
8709-KRDVL,Month-to-month,Fiber optic,No,Electronic check,Yes,No
4488-PSYCG,Month-to-month,No,No internet service,Bank transfer (automatic),No,Yes
1427-VERSM,Month-to-month,Fiber optic,Yes,Electronic check,Yes,No
9801-NOSHQ,One year,No,No internet service,Mailed check,No,No
6339-YPSAH,Month-to-month,Fiber optic,No,Electronic check,Yes,No
3621-CEOVK,Month-to-month,Fiber optic,No,Electronic check,Yes,Yes
6906-ANDWJ,Month-to-month,Fiber optic,No,Bank transfer (automatic),Yes,Yes
2159-TURXX,Month-to-month,No,No internet service,Credit card (automatic),No,No
1548-FEHVL,Month-to-month,Fiber optic,No,Electronic check,Yes,No
3795-CAWEX,Two year,Fiber optic,Yes,Credit card (automatic),Yes,No
6215-NQCPY,Month-to-month,Fiber optic,No,Electronic check,Yes,No
5647-URDKA,Two year,No,No internet service,Mailed check,No,No
2229-DPMBI,Two year,No,No internet service,Mailed check,No,No
9626-WEQRM,Month-to-month,DSL,No,Mailed check,Yes,No
2188-SXWVT,One year,DSL,No,Mailed check,No,No
6258-PVZWJ,Two year,DSL,Yes,Credit card (automatic),Yes,No
1094-BKOSX,One year,DSL,Yes,Bank transfer (automatic),No,No
6969-MVBAI,Month-to-month,Fiber optic,No,Electronic check,Yes,No
2978-XXSOG,Month-to-month,DSL,Yes,Mailed check,Yes,No
2342-CKIAO,Month-to-month,No,No internet service,Mailed check,No,No
6953-PBDIN,Two year,DSL,Yes,Bank transfer (automatic),No,No
3898-BSJYF,One year,DSL,Yes,Credit card (automatic),No,No
3938-YFPXD,Two year,DSL,Yes,Credit card (automatic),No,No
7696-AMHOD,One year,DSL,No,Credit card (automatic),No,No
2453-SAFNS,One year,DSL,Yes,Mailed check,No,No
9558-IHEZX,Two year,Fiber optic,No,Credit card (automatic),Yes,No
9617-UDPEU,One year,No,No internet service,Mailed check,Yes,No
6340-DACFT,Two year,No,No internet service,Credit card (automatic),No,No
4955-VCWBI,One year,No,No internet service,Mailed check,No,No
6813-GZQCG,Two year,No,No internet service,Credit card (automatic),Yes,No
7426-GSWPO,Month-to-month,Fiber optic,No,Bank transfer (automatic),Yes,No
3389-KTRXV,Two year,No,No internet service,Mailed check,No,No
3118-UHVVQ,Two year,No,No internet service,Credit card (automatic),No,No
1031-IIDEO,Month-to-month,Fiber optic,No,Electronic check,Yes,Yes
5832-XKAES,Month-to-month,Fiber optic,No,Credit card (automatic),Yes,Yes
3205-MXZRA,One year,DSL,Yes,Credit card (automatic),No,No
4701-AHWMW,Month-to-month,DSL,Yes,Bank transfer (automatic),Yes,Yes
8317-BVKSO,Month-to-month,No,No internet service,Electronic check,Yes,No
5702-KVQRD,Two year,DSL,Yes,Electronic check,Yes,No
0083-PIVIK,One year,DSL,Yes,Electronic check,No,No
9210-IAHGH,Month-to-month,DSL,Yes,Credit card (automatic),Yes,Yes
6169-PGNCD,Two year,DSL,Yes,Credit card (automatic),Yes,No
0023-XUOPT,Month-to-month,Fiber optic,No,Electronic check,No,Yes
4592-IWTJI,Month-to-month,DSL,No,Credit card (automatic),No,Yes
4909-JOUPP,Two year,Fiber optic,Yes,Credit card (automatic),No,No
4657-FWVFY,Month-to-month,Fiber optic,No,Credit card (automatic),Yes,No
2257-BOVXD,Month-to-month,DSL,Yes,Credit card (automatic),Yes,No
7729-JTEEC,Month-to-month,DSL,No,Electronic check,Yes,No
7632-MNYOY,One year,Fiber optic,Yes,Credit card (automatic),No,Yes
6518-LGAOV,Month-to-month,Fiber optic,Yes,Electronic check,Yes,Yes
7242-QZLXF,Month-to-month,DSL,No,Electronic check,Yes,Yes
4576-CSAJH,One year,DSL,Yes,Credit card (automatic),Yes,Yes
1000-AJSLD,Month-to-month,No,No internet service,Mailed check,Yes,Yes
9696-RMYBA,Month-to-month,Fiber optic,No,Mailed check,Yes,No
8690-UPCZI,One year,DSL,Yes,Bank transfer (automatic),No,No
1062-LHZOD,Month-to-month,Fiber optic,No,Mailed check,Yes,Yes
9770-LXDBK,Month-to-month,No,No internet service,Mailed check,No,No
4086-WITJG,Two year,No,No internet service,Credit card (automatic),No,No
8344-WFMFH,Month-to-month,DSL,No,Electronic check,Yes,No
9600-NAXZN,Month-to-month,Fiber optic,No,Electronic check,Yes,Yes
8822-KNBHV,One year,DSL,No,Credit card (automatic),Yes,No
8404-FYDIB,Month-to-month,Fiber optic,No,Credit card (automatic),Yes,No
2791-SFVEW,Month-to-month,No,No internet service,Bank transfer (automatic),No,No
6457-USBER,Month-to-month,Fiber optic,No,Electronic check,Yes,Yes
6762-NSODU,Two year,No,No internet service,Credit card (automatic),No,No
4662-EKDPQ,Month-to-month,DSL,No,Bank transfer (automatic),No,Yes
9248-OJYKK,Month-to-month,Fiber optic,No,Electronic check,Yes,Yes
9888-ZCUMM,Two year,DSL,Yes,Bank transfer (automatic),Yes,No
3398-FSHON,Month-to-month,Fiber optic,No,Electronic check,Yes,Yes
3319-DWOEP,Month-to-month,Fiber optic,No,Electronic check,Yes,Yes
1074-WVEVG,One year,No,No internet service,Mailed check,No,No
9979-RGMZT,One year,Fiber optic,No,Mailed check,Yes,No
6437-UDQJM,Two year,DSL,No,Credit card (automatic),Yes,No
1226-IENZN,Month-to-month,Fiber optic,No,Electronic check,Yes,No
2108-GLPQB,Month-to-month,DSL,No,Credit card (automatic),No,No
9259-PACGQ,Month-to-month,DSL,Yes,Electronic check,No,Yes
4415-IJZTP,Month-to-month,Fiber optic,No,Electronic check,Yes,Yes
1465-VINDH,Month-to-month,Fiber optic,No,Credit card (automatic),Yes,Yes
5474-LAMUQ,One year,No,No internet service,Mailed check,No,No
3468-DRVQJ,One year,DSL,No,Electronic check,No,No
1122-YJBCS,One year,DSL,No,Credit card (automatic),Yes,No
4990-ALDGW,Two year,No,No internet service,Mailed check,No,No
4816-OKWNX,One year,Fiber optic,Yes,Bank transfer (automatic),Yes,No
3315-IKYZQ,One year,DSL,Yes,Mailed check,No,No
2810-FTLEM,Month-to-month,DSL,No,Electronic check,Yes,Yes
4747-LCAQL,Month-to-month,DSL,Yes,Mailed check,Yes,No
3411-WLRSQ,Month-to-month,Fiber optic,No,Bank transfer (automatic),Yes,No
0898-XCGTF,One year,Fiber optic,No,Bank transfer (automatic),Yes,No
8006-PYCSW,Month-to-month,No,No internet service,Mailed check,No,No
8249-THVEC,One year,No,No internet service,Mailed check,No,No
8722-PRFDV,Two year,DSL,No,Credit card (automatic),No,No
2164-SOQXL,Month-to-month,No,No internet service,Mailed check,No,No
4020-KIUDI,Month-to-month,No,No internet service,Credit card (automatic),No,No
5850-BDWCY,Month-to-month,No,No internet service,Mailed check,No,No
2038-YSEZE,Month-to-month,DSL,Yes,Mailed check,No,No
0827-ITJPH,Two year,No,No internet service,Credit card (automatic),Yes,No
8799-OXZMD,Month-to-month,DSL,No,Mailed check,Yes,No
1925-TIBLE,Month-to-month,Fiber optic,No,Electronic check,Yes,Yes
1705-GUHPV,Two year,No,No internet service,Mailed check,No,No
4779-ZGICK,Two year,No,No internet service,Mailed check,No,No
0048-PIHNL,One year,No,No internet service,Bank transfer (automatic),No,No
0818-OCPZO,Month-to-month,Fiber optic,No,Electronic check,Yes,Yes
3967-KXAPS,Two year,DSL,Yes,Credit card (automatic),No,No
1447-GIQMR,Month-to-month,Fiber optic,No,Electronic check,Yes,Yes
3704-IEAXF,Two year,DSL,Yes,Credit card (automatic),No,No
6810-VCAEX,One year,DSL,Yes,Credit card (automatic),No,No
0674-EYYZV,Month-to-month,DSL,No,Electronic check,Yes,No
4480-MBMLB,One year,Fiber optic,No,Bank transfer (automatic),Yes,No
1395-OFUWC,Month-to-month,DSL,No,Credit card (automatic),No,No
0822-QGCXA,Month-to-month,DSL,Yes,Electronic check,No,No
0872-NXJYS,Month-to-month,Fiber optic,No,Electronic check,Yes,Yes
2832-KJCRD,Month-to-month,Fiber optic,Yes,Electronic check,Yes,No
3588-WSTTJ,Month-to-month,Fiber optic,No,Electronic check,Yes,No
4075-WKNIU,Two year,DSL,Yes,Mailed check,No,No
5090-EMGTC,Two year,Fiber optic,Yes,Mailed check,Yes,No
2346-CZYIL,Two year,No,No internet service,Credit card (automatic),No,No
3798-EPWRR,Month-to-month,DSL,No,Electronic check,No,No
6258-NGCNG,Month-to-month,No,No internet service,Mailed check,No,No
4186-ZBUEW,One year,DSL,Yes,Mailed check,Yes,No
5274-XHAKY,Month-to-month,Fiber optic,No,Bank transfer (automatic),Yes,No
1442-BQPVU,Month-to-month,DSL,No,Electronic check,No,No
3978-YNKDD,Two year,No,No internet service,Credit card (automatic),No,No
4940-KHCWD,Two year,DSL,Yes,Bank transfer (automatic),No,No
9412-ARGBX,Two year,Fiber optic,Yes,Mailed check,Yes,Yes
1389-CXMLU,Month-to-month,Fiber optic,No,Electronic check,No,Yes
9589-ABEPT,Two year,Fiber optic,Yes,Mailed check,Yes,No
9388-ZEYVT,One year,DSL,Yes,Electronic check,No,No
0305-SQECB,One year,DSL,Yes,Mailed check,Yes,No
7605-SNLQG,Month-to-month,DSL,No,Credit card (automatic),Yes,No
4670-TABXH,Two year,Fiber optic,Yes,Credit card (automatic),Yes,No
5561-NWEVX,Month-to-month,Fiber optic,No,Electronic check,No,Yes
0064-SUDOG,Two year,No,No internet service,Bank transfer (automatic),No,No
8561-NMTBD,One year,Fiber optic,Yes,Credit card (automatic),Yes,No
5161-XEUVX,Two year,Fiber optic,Yes,Mailed check,No,No
8292-FRFZQ,One year,DSL,Yes,Bank transfer (automatic),No,No
8591-NXRCV,Month-to-month,DSL,Yes,Bank transfer (automatic),Yes,No
7895-VONWT,Month-to-month,DSL,No,Electronic check,Yes,No
4526-RMTLL,Two year,DSL,Yes,Credit card (automatic),Yes,No
6253-GNHWH,Two year,DSL,Yes,Mailed check,No,No
4566-NECEV,Month-to-month,Fiber optic,No,Electronic check,No,No
8080-POTJR,One year,DSL,No,Credit card (automatic),Yes,No
6906-MPARY,One year,Fiber optic,Yes,Credit card (automatic),Yes,No
3662-FXJFO,Two year,No,No internet service,Mailed check,Yes,No
8107-RZLNV,Two year,Fiber optic,No,Bank transfer (automatic),Yes,No
0516-OOHAR,One year,Fiber optic,No,Bank transfer (automatic),No,No
2027-CWDNU,Month-to-month,Fiber optic,Yes,Electronic check,Yes,No
2737-WFVYW,Month-to-month,DSL,No,Electronic check,Yes,Yes
9912-OMZDS,One year,Fiber optic,No,Electronic check,Yes,No
3733-ZEECP,Month-to-month,DSL,Yes,Electronic check,Yes,No
7878-RTCZG,Month-to-month,No,No internet service,Mailed check,No,No
2452-MRMZF,Two year,No,No internet service,Credit card (automatic),Yes,No
2272-QAGFO,Month-to-month,Fiber optic,No,Electronic check,Yes,Yes
7103-IPXPJ,One year,Fiber optic,Yes,Electronic check,No,No
4342-HFXWS,One year,DSL,Yes,Bank transfer (automatic),No,No
3545-CNWRG,Month-to-month,Fiber optic,No,Electronic check,Yes,No
1785-BPHTP,Month-to-month,Fiber optic,No,Electronic check,No,No
4989-LIXVT,Month-to-month,Fiber optic,No,Electronic check,Yes,No
7315-WYOAW,Month-to-month,Fiber optic,Yes,Electronic check,No,No
1173-XZPYF,Month-to-month,Fiber optic,No,Electronic check,Yes,No
9850-OWRHQ,Month-to-month,Fiber optic,No,Credit card (automatic),Yes,Yes
3768-NLUBH,Month-to-month,Fiber optic,No,Electronic check,No,Yes
8676-TRMJS,Month-to-month,Fiber optic,No,Mailed check,No,Yes
2509-TFPJU,Two year,No,No internet service,Credit card (automatic),No,No
9530-GRMJG,Two year,DSL,Yes,Electronic check,Yes,No
6898-RBTLU,Two year,DSL,Yes,Bank transfer (automatic),No,No
5481-NTDOH,One year,Fiber optic,No,Credit card (automatic),Yes,No
2068-WWXQZ,Two year,No,No internet service,Bank transfer (automatic),No,No
7359-SSBJK,Two year,DSL,Yes,Credit card (automatic),Yes,Yes
2061-VVFST,Month-to-month,No,No internet service,Bank transfer (automatic),No,No
0685-MLYYM,Month-to-month,Fiber optic,No,Electronic check,No,Yes
0749-IRGQE,Month-to-month,DSL,No,Electronic check,No,No
2380-DAMQP,Two year,Fiber optic,Yes,Electronic check,No,No
2256-YLYLP,Two year,DSL,Yes,Bank transfer (automatic),Yes,No
1272-ILHFG,One year,No,No internet service,Mailed check,No,No
0164-XAIRP,Two year,No,No internet service,Bank transfer (automatic),Yes,No
5666-CYCYZ,Month-to-month,Fiber optic,Yes,Electronic check,Yes,No
4011-ARPHK,Month-to-month,DSL,No,Mailed check,No,No
8182-PNAGI,Month-to-month,DSL,Yes,Bank transfer (automatic),No,Yes
6365-HITVU,Two year,DSL,Yes,Credit card (automatic),No,No
7558-IMLMT,Two year,No,No internet service,Mailed check,Yes,No
9488-FYQAU,Two year,Fiber optic,Yes,Bank transfer (automatic),Yes,No
3590-TCXTB,Month-to-month,No,No internet service,Mailed check,No,No
6994-KERXL,Month-to-month,DSL,No,Electronic check,Yes,No
7957-RYHQD,Month-to-month,Fiber optic,No,Credit card (automatic),Yes,Yes
2180-DXNEG,Month-to-month,Fiber optic,No,Electronic check,Yes,Yes
1960-UOTYM,Two year,DSL,No,Electronic check,No,No
2740-JFBOK,Month-to-month,No,No internet service,Electronic check,Yes,No
6500-JVEGC,One year,Fiber optic,No,Bank transfer (automatic),No,No
5515-AKOAJ,Month-to-month,Fiber optic,Yes,Electronic check,Yes,Yes
8976-OQHGT,Month-to-month,DSL,Yes,Mailed check,No,Yes
5245-VDBUR,One year,DSL,No,Mailed check,No,No
6230-BSUXY,Month-to-month,Fiber optic,No,Electronic check,Yes,Yes
8469-SNFFH,One year,DSL,Yes,Bank transfer (automatic),No,No
2144-ESWKO,One year,DSL,No,Credit card (automatic),Yes,No
1241-FPMOF,Two year,No,No internet service,Mailed check,No,No
9928-BZVLZ,Two year,DSL,Yes,Mailed check,No,No
4114-QMKVN,One year,DSL,No,Bank transfer (automatic),No,No
2775-SEFEE,Two year,DSL,Yes,Bank transfer (automatic),Yes,No
9003-CPATH,Month-to-month,Fiber optic,No,Electronic check,No,No
1754-GKYPY,Month-to-month,Fiber optic,No,Bank transfer (automatic),Yes,No
5294-CDGWY,One year,DSL,No,Electronic check,No,Yes
7956-XQWGU,Month-to-month,No,No internet service,Credit card (automatic),Yes,No
1591-MQJTP,One year,Fiber optic,No,Bank transfer (automatic),Yes,No
5295-PCJOO,Month-to-month,DSL,No,Electronic check,Yes,Yes
2369-FEVNO,Month-to-month,No,No internet service,Mailed check,Yes,No
9863-JZAIC,Month-to-month,DSL,No,Mailed check,No,Yes
7471-MQPOS,One year,DSL,Yes,Bank transfer (automatic),Yes,No
7660-HDPJV,Month-to-month,Fiber optic,No,Electronic check,Yes,Yes
5115-SQAAU,Two year,No,No internet service,Bank transfer (automatic),Yes,No
9845-QOMAD,One year,No,No internet service,Mailed check,No,No
7672-VFMXZ,Month-to-month,DSL,Yes,Electronic check,No,No
9739-JLPQJ,Two year,Fiber optic,Yes,Credit card (automatic),No,No
9916-AYHTC,Two year,No,No internet service,Credit card (automatic),No,No
3855-ONCAR,Month-to-month,Fiber optic,No,Mailed check,Yes,No
1488-SYSFC,Month-to-month,No,No internet service,Electronic check,Yes,No
7931-PXHFC,One year,DSL,Yes,Mailed check,Yes,Yes
3990-QYKBE,Month-to-month,Fiber optic,No,Electronic check,Yes,Yes
0970-QXPXW,Month-to-month,No,No internet service,Mailed check,No,No
3259-KNMRR,Two year,DSL,No,Bank transfer (automatic),Yes,No
6120-RJKLU,Two year,DSL,Yes,Credit card (automatic),Yes,No
9572-WUKSB,Month-to-month,DSL,Yes,Electronic check,Yes,No
5893-KCLGT,Two year,No,No internet service,Mailed check,Yes,No
0076-LVEPS,Month-to-month,DSL,Yes,Mailed check,Yes,No
3640-JQGJG,Month-to-month,DSL,No,Bank transfer (automatic),No,No
4919-MOAVT,Month-to-month,Fiber optic,No,Electronic check,No,Yes
1596-OQSPS,Month-to-month,DSL,No,Electronic check,No,No
9867-XOBQA,Two year,DSL,Yes,Mailed check,No,No
9546-KDTRB,Month-to-month,No,No internet service,Bank transfer (automatic),No,No
3090-HAWSU,Two year,Fiber optic,Yes,Credit card (automatic),Yes,Yes
9820-RMCQV,Month-to-month,DSL,No,Credit card (automatic),No,Yes
3174-RKMOW,Month-to-month,Fiber optic,Yes,Electronic check,Yes,No
1760-CAZHT,Month-to-month,No,No internet service,Mailed check,No,No
7839-QRKXN,Month-to-month,No,No internet service,Mailed check,Yes,Yes
8441-SHIPE,Two year,No,No internet service,Bank transfer (automatic),Yes,No
5204-QZXPU,Month-to-month,DSL,No,Electronic check,Yes,Yes
4597-ELFTS,One year,No,No internet service,Electronic check,No,Yes
1320-GVNHT,Two year,Fiber optic,No,Credit card (automatic),Yes,No
1047-RNXZV,Two year,No,No internet service,Mailed check,No,No
3541-ZNUHK,Month-to-month,Fiber optic,No,Electronic check,Yes,No
8450-JOVAH,Month-to-month,DSL,No,Mailed check,No,Yes
8725-JEDFD,Month-to-month,Fiber optic,No,Mailed check,Yes,No
7562-UXTPG,Month-to-month,Fiber optic,No,Mailed check,Yes,No
8071-SBTRN,Two year,Fiber optic,No,Mailed check,Yes,No
1113-IUJYX,One year,Fiber optic,Yes,Mailed check,No,Yes
6668-CNMFP,One year,Fiber optic,Yes,Bank transfer (automatic),Yes,No
5626-MGTUK,Month-to-month,Fiber optic,No,Bank transfer (automatic),Yes,No
5681-LLOEI,One year,Fiber optic,Yes,Credit card (automatic),Yes,No
8212-DJRCH,Month-to-month,Fiber optic,No,Mailed check,Yes,No
4323-OHFOW,One year,Fiber optic,Yes,Bank transfer (automatic),Yes,No
4933-BSAIP,Two year,No,No internet service,Mailed check,No,No
2030-BTZRO,Two year,No,No internet service,Credit card (automatic),Yes,No
1116-DXXDF,Two year,Fiber optic,No,Electronic check,Yes,No
9274-CNFMO,Month-to-month,Fiber optic,No,Electronic check,No,Yes
7758-XKCBS,Month-to-month,DSL,Yes,Electronic check,Yes,Yes
8992-JQYUN,Month-to-month,DSL,No,Electronic check,Yes,Yes
6563-VNPMN,Month-to-month,Fiber optic,Yes,Bank transfer (automatic),Yes,No
0617-AQNWT,Two year,DSL,Yes,Electronic check,No,Yes
2267-WTPYD,Month-to-month,Fiber optic,No,Credit card (automatic),No,No
0270-THENM,Two year,DSL,Yes,Bank transfer (automatic),No,No
2446-PLQVO,Month-to-month,Fiber optic,No,Electronic check,Yes,Yes
4707-MAXGU,Two year,No,No internet service,Credit card (automatic),No,No
2710-WYVXG,Two year,DSL,Yes,Mailed check,No,No
3005-NFMTA,Month-to-month,Fiber optic,No,Electronic check,Yes,Yes
6300-BWMJX,Month-to-month,Fiber optic,Yes,Electronic check,No,No
8784-CGILN,Month-to-month,Fiber optic,Yes,Bank transfer (automatic),Yes,Yes
5389-FFVKB,Month-to-month,Fiber optic,No,Credit card (automatic),Yes,Yes
7009-LGECI,Month-to-month,DSL,No,Bank transfer (automatic),Yes,No
8444-WRIDW,Month-to-month,Fiber optic,No,Credit card (automatic),Yes,Yes
5022-KVDQT,Month-to-month,Fiber optic,No,Electronic check,Yes,No
7976-CICYS,Month-to-month,No,No internet service,Credit card (automatic),Yes,No
1036-GUDCL,Month-to-month,DSL,Yes,Credit card (automatic),Yes,No
2005-DWQZJ,Two year,No,No internet service,Mailed check,No,No
8148-WOCMK,Two year,No,No internet service,Credit card (automatic),No,No
7815-PDTHL,Two year,No,No internet service,Mailed check,Yes,No
9451-LPGOO,Month-to-month,Fiber optic,No,Electronic check,Yes,Yes
9173-IVZVP,Two year,No,No internet service,Mailed check,No,No
9129-UXERG,Month-to-month,Fiber optic,Yes,Credit card (automatic),Yes,No
3635-JBPSG,Two year,DSL,No,Mailed check,Yes,No
7964-ZRKKG,One year,Fiber optic,No,Bank transfer (automatic),Yes,No
5868-YWPDW,Month-to-month,Fiber optic,No,Electronic check,Yes,Yes
6229-LSCKB,Month-to-month,Fiber optic,No,Electronic check,Yes,No
2025-JKFWI,Month-to-month,Fiber optic,Yes,Mailed check,Yes,Yes
4078-SAYYN,Month-to-month,Fiber optic,No,Electronic check,Yes,Yes
1724-IQWNM,Month-to-month,No,No internet service,Mailed check,Yes,No
8217-QYOHV,Month-to-month,DSL,Yes,Mailed check,Yes,No
5546-QUERU,One year,No,No internet service,Mailed check,Yes,No
9940-HPQPG,Month-to-month,Fiber optic,No,Bank transfer (automatic),No,Yes
6897-UUBNU,Month-to-month,Fiber optic,Yes,Mailed check,No,No
6127-IYJOZ,Month-to-month,DSL,No,Mailed check,Yes,No
6618-RYATB,Month-to-month,Fiber optic,No,Mailed check,Yes,Yes
8930-XOTDP,Month-to-month,DSL,No,Mailed check,No,No
5916-QEWPT,Month-to-month,DSL,No,Credit card (automatic),No,No
5060-TQUQN,Month-to-month,Fiber optic,Yes,Bank transfer (automatic),Yes,No
0531-XBKMM,Two year,DSL,Yes,Bank transfer (automatic),No,No
8465-SBRXP,Two year,Fiber optic,Yes,Bank transfer (automatic),Yes,No
2408-PSJVE,Month-to-month,DSL,Yes,Mailed check,Yes,No
9079-YEXQJ,Month-to-month,Fiber optic,Yes,Electronic check,No,Yes
9700-ZCLOT,Month-to-month,No,No internet service,Mailed check,No,No
8738-JOKAR,One year,DSL,Yes,Mailed check,Yes,No
4534-WGCIR,Two year,No,No internet service,Credit card (automatic),No,No
1930-WNXSB,Month-to-month,Fiber optic,No,Electronic check,Yes,No
2685-SREOM,Month-to-month,Fiber optic,No,Electronic check,Yes,Yes
3508-CFVZL,Two year,Fiber optic,Yes,Mailed check,No,No
0402-CQAJN,Month-to-month,Fiber optic,No,Bank transfer (automatic),Yes,Yes
6692-UDPJC,Month-to-month,Fiber optic,Yes,Electronic check,Yes,Yes
1273-MTETI,Month-to-month,Fiber optic,No,Electronic check,Yes,Yes
0657-DOGUM,One year,DSL,Yes,Bank transfer (automatic),Yes,No
5480-HPRRX,Month-to-month,DSL,No,Electronic check,No,Yes
8792-AOROI,Two year,DSL,Yes,Mailed check,No,No
0295-PPHDO,Month-to-month,Fiber optic,No,Electronic check,Yes,Yes
5146-YYFRZ,Two year,No,No internet service,Bank transfer (automatic),No,No
1195-OIYEJ,Month-to-month,Fiber optic,No,Electronic check,Yes,Yes
5906-CVLHP,One year,DSL,Yes,Credit card (automatic),Yes,Yes
3452-SRFEG,Month-to-month,Fiber optic,No,Bank transfer (automatic),Yes,No
4070-OKWVH,Month-to-month,Fiber optic,No,Bank transfer (automatic),No,No
5297-MDOIR,One year,Fiber optic,No,Credit card (automatic),Yes,No
6369-MCAKO,Two year,DSL,Yes,Bank transfer (automatic),Yes,No
4926-UMJZD,Month-to-month,DSL,Yes,Mailed check,Yes,No
6848-HJTXY,Two year,No,No internet service,Credit card (automatic),No,No
6341-AEVKX,One year,Fiber optic,Yes,Electronic check,Yes,No
4501-EQDRN,Month-to-month,Fiber optic,No,Bank transfer (automatic),No,Yes
2990-HWIML,Month-to-month,Fiber optic,No,Electronic check,Yes,Yes
0682-USIXD,Month-to-month,Fiber optic,Yes,Electronic check,Yes,No
6976-BWGLQ,Two year,No,No internet service,Bank transfer (automatic),No,No
7078-NVFAM,Month-to-month,DSL,No,Electronic check,Yes,No
8065-QBYTO,One year,Fiber optic,Yes,Credit card (automatic),Yes,No
2133-TSRRM,Month-to-month,Fiber optic,No,Bank transfer (automatic),Yes,No
7384-GHBPI,Month-to-month,DSL,No,Electronic check,Yes,Yes
7603-USHJS,Month-to-month,Fiber optic,No,Credit card (automatic),Yes,Yes
7234-FECYN,Month-to-month,Fiber optic,No,Electronic check,No,Yes
2511-ALLCS,Two year,No,No internet service,Bank transfer (automatic),No,No
3191-CSNMG,Month-to-month,Fiber optic,No,Electronic check,Yes,No
7952-OBOYL,Month-to-month,Fiber optic,Yes,Mailed check,Yes,No
7470-DYNOE,One year,DSL,No,Electronic check,Yes,No
7853-OETYL,Month-to-month,DSL,No,Electronic check,Yes,No
1545-ACTAS,One year,Fiber optic,No,Bank transfer (automatic),Yes,No
5876-HZVZM,Month-to-month,DSL,No,Credit card (automatic),No,Yes
1400-MMYXY,Month-to-month,Fiber optic,No,Electronic check,Yes,Yes
5126-RCXYW,Two year,DSL,Yes,Credit card (automatic),No,No
3085-QUOZK,Month-to-month,DSL,No,Mailed check,No,Yes
2363-BJLSL,Month-to-month,DSL,Yes,Bank transfer (automatic),Yes,No
1956-YIFGE,One year,Fiber optic,No,Mailed check,Yes,No
3926-CUQZX,Month-to-month,DSL,No,Bank transfer (automatic),Yes,Yes
7921-LMDFQ,One year,Fiber optic,No,Bank transfer (automatic),Yes,No
2925-MXLSX,One year,DSL,No,Credit card (automatic),Yes,No
5820-PTRYM,One year,DSL,Yes,Credit card (automatic),Yes,No
9609-BENEA,One year,DSL,Yes,Electronic check,Yes,No
6211-WHMYA,Month-to-month,DSL,Yes,Electronic check,Yes,No
4459-BBGHE,Month-to-month,DSL,No,Electronic check,Yes,No
9945-PSVIP,Two year,No,No internet service,Mailed check,Yes,No
1041-RXHRA,Month-to-month,Fiber optic,No,Bank transfer (automatic),No,Yes
1750-CSKKM,Month-to-month,DSL,No,Electronic check,No,Yes
9108-EJFJP,Month-to-month,DSL,No,Mailed check,Yes,No
0530-IJVDB,Two year,Fiber optic,Yes,Electronic check,Yes,No
0508-SQWPL,Two year,No,No internet service,Bank transfer (automatic),Yes,No
2215-ZAFGX,Month-to-month,Fiber optic,No,Electronic check,Yes,No
8213-TAZPM,One year,Fiber optic,Yes,Bank transfer (automatic),Yes,No
7142-HVGBG,Month-to-month,Fiber optic,No,Electronic check,Yes,Yes
1304-SEGFY,Two year,Fiber optic,No,Electronic check,Yes,No
7242-EDTYC,Two year,No,No internet service,Bank transfer (automatic),No,No
2904-GGUAZ,Two year,Fiber optic,No,Bank transfer (automatic),Yes,No
8267-ZNYVZ,One year,Fiber optic,Yes,Electronic check,Yes,Yes
5136-GFPMB,Month-to-month,Fiber optic,No,Credit card (automatic),No,No
2595-KIWPV,Two year,No,No internet service,Credit card (automatic),No,No
5243-SAOTC,Month-to-month,Fiber optic,No,Bank transfer (automatic),Yes,No
9398-MMQTO,Month-to-month,Fiber optic,No,Credit card (automatic),No,No
7619-PLRLP,One year,DSL,No,Bank transfer (automatic),No,No
6457-GIRWB,Month-to-month,Fiber optic,No,Electronic check,Yes,Yes
6508-NJYRO,One year,No,No internet service,Mailed check,No,No
1450-SKCVI,Month-to-month,Fiber optic,No,Electronic check,Yes,Yes
4710-NKCAW,Month-to-month,DSL,Yes,Credit card (automatic),No,No
5306-BVTKJ,One year,DSL,No,Credit card (automatic),Yes,No
0357-NVCRI,Month-to-month,No,No internet service,Credit card (automatic),No,No
5570-PTWEH,Month-to-month,Fiber optic,No,Credit card (automatic),Yes,Yes
2371-KFUOG,One year,Fiber optic,No,Bank transfer (automatic),No,No
0463-ZSDNT,Month-to-month,DSL,No,Bank transfer (automatic),Yes,No
6502-MJQAE,Month-to-month,Fiber optic,No,Electronic check,Yes,Yes
6257-DTAYD,Two year,Fiber optic,Yes,Credit card (automatic),Yes,No
4616-ULAOA,Two year,Fiber optic,Yes,Credit card (automatic),Yes,No
7693-LCKZL,Month-to-month,Fiber optic,No,Electronic check,Yes,Yes
7746-AWNQW,Month-to-month,DSL,Yes,Mailed check,Yes,No
5996-EBTKM,Two year,DSL,Yes,Bank transfer (automatic),Yes,No
2758-RNWXS,One year,Fiber optic,Yes,Electronic check,Yes,No
2314-TNDJQ,Two year,DSL,Yes,Credit card (automatic),No,No
2405-LBMUW,One year,DSL,Yes,Bank transfer (automatic),Yes,No
3454-JFUBC,Two year,No,No internet service,Credit card (automatic),Yes,No
0032-PGELS,Month-to-month,DSL,No,Bank transfer (automatic),No,Yes
9039-ZVJDC,Month-to-month,No,No internet service,Mailed check,Yes,No
6797-LNAQX,Two year,Fiber optic,No,Bank transfer (automatic),No,Yes
9013-AQORL,Month-to-month,DSL,No,Credit card (automatic),No,No
2898-MRKPI,One year,Fiber optic,No,Credit card (automatic),Yes,No
2750-BJLSB,One year,Fiber optic,Yes,Electronic check,Yes,No
3648-GZPHF,One year,DSL,Yes,Mailed check,Yes,No
2075-RMJIK,Month-to-month,DSL,No,Mailed check,Yes,No
9588-YRFHY,Two year,No,No internet service,Credit card (automatic),Yes,No
6394-MFYNG,Month-to-month,Fiber optic,No,Bank transfer (automatic),Yes,Yes
1564-NTYXF,Month-to-month,Fiber optic,No,Electronic check,Yes,Yes
9364-YKUVW,Month-to-month,No,No internet service,Mailed check,Yes,No
5392-AKEMH,Month-to-month,DSL,No,Electronic check,Yes,No
2451-YMUXS,Two year,DSL,Yes,Bank transfer (automatic),Yes,No
3914-FDRHP,Month-to-month,Fiber optic,Yes,Electronic check,No,No
3078-ZKNTS,Two year,No,No internet service,Bank transfer (automatic),Yes,No
1024-KPRBB,One year,Fiber optic,No,Mailed check,Yes,No
4690-PKDQG,Month-to-month,Fiber optic,No,Electronic check,Yes,No
8155-IBNHG,Month-to-month,Fiber optic,No,Credit card (automatic),Yes,Yes
0886-QGENL,Month-to-month,Fiber optic,No,Electronic check,Yes,Yes
9547-ITEFG,Month-to-month,Fiber optic,No,Credit card (automatic),Yes,No
1264-FUHCX,One year,DSL,Yes,Credit card (automatic),Yes,No
7789-CRUVC,Month-to-month,Fiber optic,Yes,Credit card (automatic),Yes,No
6598-KELSS,One year,DSL,No,Bank transfer (automatic),Yes,No
8739-WWKDU,Month-to-month,Fiber optic,No,Electronic check,Yes,Yes
8685-WHQPW,Month-to-month,Fiber optic,No,Bank transfer (automatic),Yes,Yes
4745-LSPLO,Month-to-month,No,No internet service,Mailed check,No,Yes
8083-YTZES,Month-to-month,Fiber optic,No,Electronic check,Yes,Yes
7240-FQLHE,Month-to-month,Fiber optic,Yes,Bank transfer (automatic),No,Yes
6664-FPDAC,One year,Fiber optic,Yes,Electronic check,Yes,Yes
9972-VAFJJ,One year,Fiber optic,Yes,Electronic check,Yes,No
0422-UXFAP,One year,Fiber optic,No,Electronic check,Yes,No
1904-WAJAA,Two year,DSL,No,Electronic check,No,No
5130-YPIRV,Two year,DSL,No,Credit card (automatic),Yes,No
2843-CQMEG,Month-to-month,DSL,No,Mailed check,Yes,No
6439-PKTRR,Two year,DSL,Yes,Electronic check,No,No
5351-QESIO,Month-to-month,DSL,No,Mailed check,No,No
0786-VSSUD,Month-to-month,DSL,No,Mailed check,Yes,Yes
5568-DMXZS,Month-to-month,DSL,Yes,Electronic check,Yes,No
8468-FZTOE,Two year,DSL,Yes,Electronic check,Yes,No
6633-SYEUS,Month-to-month,Fiber optic,Yes,Bank transfer (automatic),No,No
6447-GORXK,Month-to-month,DSL,No,Credit card (automatic),No,No
6967-PEJLL,One year,DSL,Yes,Electronic check,Yes,No
3976-BWUCK,Month-to-month,Fiber optic,Yes,Credit card (automatic),Yes,Yes
5981-ZVXOT,One year,Fiber optic,No,Electronic check,Yes,No
1684-FLBGS,Month-to-month,DSL,Yes,Credit card (automatic),Yes,No
1389-WNUIB,One year,DSL,No,Bank transfer (automatic),No,No
0376-OIWME,Month-to-month,Fiber optic,No,Electronic check,Yes,No
3585-ISXZP,Month-to-month,Fiber optic,No,Bank transfer (automatic),No,Yes
0218-QNVAS,One year,Fiber optic,No,Bank transfer (automatic),No,No
6583-QGCSI,Month-to-month,Fiber optic,No,Electronic check,Yes,Yes
0804-YGEQV,One year,No,No internet service,Bank transfer (automatic),Yes,No
7164-BPTUT,Two year,DSL,Yes,Mailed check,No,No
4174-LPGTI,One year,DSL,Yes,Bank transfer (automatic),Yes,Yes
2523-EWWZL,Month-to-month,Fiber optic,No,Electronic check,Yes,No
0928-XUTSN,Month-to-month,Fiber optic,No,Electronic check,Yes,No
2108-XWMPY,Month-to-month,DSL,No,Mailed check,Yes,Yes
0052-YNYOT,One year,No,No internet service,Electronic check,No,No
6304-IJFSQ,Month-to-month,DSL,No,Mailed check,Yes,Yes
9586-JGQKH,Two year,Fiber optic,Yes,Bank transfer (automatic),Yes,No
4501-VCPFK,Month-to-month,DSL,Yes,Electronic check,No,No
6075-SLNIL,Month-to-month,Fiber optic,No,Credit card (automatic),Yes,No
9347-AERRL,One year,No,No internet service,Credit card (automatic),No,No
0093-XWZFY,Month-to-month,Fiber optic,No,Credit card (automatic),Yes,Yes
2274-XUATA,Two year,DSL,Yes,Bank transfer (automatic),Yes,No
1980-KXVPM,Month-to-month,Fiber optic,No,Credit card (automatic),Yes,Yes
7703-ZEKEF,Month-to-month,Fiber optic,No,Electronic check,Yes,Yes
0723-DRCLG,Month-to-month,Fiber optic,No,Electronic check,Yes,Yes
5482-NUPNA,Month-to-month,DSL,Yes,Mailed check,Yes,Yes
6691-CCIHA,Two year,DSL,Yes,Electronic check,Yes,No
1685-BQULA,Month-to-month,Fiber optic,No,Bank transfer (automatic),Yes,No
9053-EJUNL,Month-to-month,Fiber optic,No,Electronic check,Yes,No
0666-UXTJO,Month-to-month,Fiber optic,No,Credit card (automatic),Yes,No
1471-GIQKQ,Month-to-month,DSL,No,Electronic check,No,No
4807-IZYOZ,Two year,No,No internet service,Bank transfer (automatic),No,No
1122-JWTJW,Month-to-month,Fiber optic,No,Mailed check,Yes,Yes
9710-NJERN,Two year,No,No internet service,Mailed check,No,No
9837-FWLCH,Month-to-month,No,No internet service,Electronic check,Yes,No
1699-HPSBG,One year,DSL,Yes,Electronic check,Yes,Yes
7203-OYKCT,One year,Fiber optic,No,Electronic check,Yes,No
1035-IPQPU,Month-to-month,Fiber optic,No,Electronic check,Yes,No
7398-LXGYX,Month-to-month,Fiber optic,No,Credit card (automatic),Yes,No
2823-LKABH,Month-to-month,Fiber optic,Yes,Bank transfer (automatic),Yes,No
8775-CEBBJ,Month-to-month,DSL,No,Bank transfer (automatic),Yes,Yes
0550-DCXLH,Month-to-month,DSL,Yes,Mailed check,No,No
9281-CEDRU,Two year,DSL,Yes,Bank transfer (automatic),No,No
2235-DWLJU,Month-to-month,DSL,No,Electronic check,Yes,No
0871-OPBXW,Month-to-month,No,No internet service,Mailed check,Yes,No
3605-JISKB,One year,DSL,No,Credit card (automatic),No,No
6894-LFHLY,Month-to-month,Fiber optic,No,Electronic check,Yes,Yes
9767-FFLEM,Month-to-month,Fiber optic,No,Credit card (automatic),Yes,No
0639-TSIQW,Month-to-month,Fiber optic,No,Credit card (automatic),Yes,Yes
8456-QDAVC,Month-to-month,Fiber optic,No,Bank transfer (automatic),Yes,No
7750-EYXWZ,One year,DSL,Yes,Electronic check,No,No
2569-WGERO,Two year,No,No internet service,Bank transfer (automatic),Yes,No
6840-RESVB,One year,DSL,Yes,Mailed check,Yes,No
2234-XADUH,One year,Fiber optic,No,Credit card (automatic),Yes,No
4801-JZAZL,Month-to-month,DSL,No,Electronic check,Yes,No
8361-LTMKD,Month-to-month,Fiber optic,No,Mailed check,Yes,Yes
3186-AJIEK,Two year,Fiber optic,Yes,Bank transfer (automatic),Yes,No
