airline,origin_city,destination_city,distance_miles,arrival_delay_minutes
Alaska Airlines,"Anchorage, AK","Chicago, IL",2846,65
Alaska Airlines,"Anchorage, AK","Cordova, AK",160,-1
Alaska Airlines,"Anchorage, AK","Fairbanks, AK",261,-18
Alaska Airlines,"Anchorage, AK","Juneau, AK",571,-21
Alaska Airlines,"Anchorage, AK","Juneau, AK",571,-14
Alaska Airlines,"Anchorage, AK","Kodiak, AK",253,-8
Alaska Airlines,"Anchorage, AK","Kodiak, AK",253,-18
Alaska Airlines,"Anchorage, AK","Kodiak, AK",253,9
Alaska Airlines,"Anchorage, AK","Los Angeles, CA",2345,-15
Alaska Airlines,"Anchorage, AK","Los Angeles, CA",2345,-44
Alaska Airlines,"Anchorage, AK","Seattle, WA",1448,-10
Alaska Airlines,"Anchorage, AK","Seattle, WA",1448,-20
Alaska Airlines,"Anchorage, AK","Seattle, WA",1448,16
Alaska Airlines,"Anchorage, AK","Seattle, WA",1448,-1
Alaska Airlines,"Barrow, AK","Anchorage, AK",725,12
Alaska Airlines,"Boise, ID","Portland, OR",344,-21
Alaska Airlines,"Boise, ID","Portland, OR",344,48
Alaska Airlines,"Boise, ID","San Diego, CA",749,17
Alaska Airlines,"Boise, ID","San Diego, CA",749,-23
Alaska Airlines,"Boise, ID","Seattle, WA",399,0
Alaska Airlines,"Boston, MA","San Diego, CA",2588,28
Alaska Airlines,"Boston, MA","San Diego, CA",2588,-45
Alaska Airlines,"Boston, MA","Seattle, WA",2496,-22
Alaska Airlines,"Boston, MA","Seattle, WA",2496,-1
Alaska Airlines,"Boston, MA","Seattle, WA",2496,21
Alaska Airlines,"Burbank, CA","Honolulu, HI",2562,-21
Alaska Airlines,"Burbank, CA","Portland, OR",817,-20
Alaska Airlines,"Burbank, CA","Seattle, WA",937,-4
Alaska Airlines,"Burbank, CA","Seattle, WA",937,-46
Alaska Airlines,"Chicago, IL","Seattle, WA",1721,1
Alaska Airlines,"Dallas/Fort Worth, TX","San Diego, CA",1171,57
Alaska Airlines,"Dallas/Fort Worth, TX","San Diego, CA",1171,76
Alaska Airlines,"Dallas/Fort Worth, TX","Seattle, WA",1660,171
Alaska Airlines,"Dallas/Fort Worth, TX","Seattle, WA",1660,-9
Alaska Airlines,"Denver, CO","Portland, OR",991,8
Alaska Airlines,"Denver, CO","Seattle, WA",1024,-8
Alaska Airlines,"Denver, CO","Seattle, WA",1024,26
Alaska Airlines,"Denver, CO","Seattle, WA",1024,-15
Alaska Airlines,"Detroit, MI","Seattle, WA",1927,-4
Alaska Airlines,"Detroit, MI","Seattle, WA",1927,26
Alaska Airlines,"Detroit, MI","Seattle, WA",1927,-40
Alaska Airlines,"Fairbanks, AK","Anchorage, AK",261,-19
Alaska Airlines,"Fairbanks, AK","Anchorage, AK",261,-21
Alaska Airlines,"Fairbanks, AK","Seattle, WA",1533,-8
Alaska Airlines,"Fort Lauderdale, FL","Seattle, WA",2717,19
Alaska Airlines,"Hilo, HI","Honolulu, HI",216,-4
Alaska Airlines,"Hilo, HI","Honolulu, HI",216,-7
Alaska Airlines,"Honolulu, HI","Hilo, HI",216,2
Alaska Airlines,"Honolulu, HI","Hilo, HI",216,13
Alaska Airlines,"Honolulu, HI","Hilo, HI",216,-2
Alaska Airlines,"Honolulu, HI","Hilo, HI",216,7
Alaska Airlines,"Honolulu, HI","Hilo, HI",216,1
Alaska Airlines,"Honolulu, HI","Hilo, HI",216,7
Alaska Airlines,"Honolulu, HI","Kahului, HI",101,4
Alaska Airlines,"Honolulu, HI","Kahului, HI",101,1
Alaska Airlines,"Honolulu, HI","Kona, HI",163,6
Alaska Airlines,"Honolulu, HI","Kona, HI",163,2
Alaska Airlines,"Honolulu, HI","Kona, HI",163,-5
Alaska Airlines,"Honolulu, HI","Kona, HI",163,7
Alaska Airlines,"Honolulu, HI","Kona, HI",163,1
Alaska Airlines,"Honolulu, HI","Lihue, HI",102,4
Alaska Airlines,"Honolulu, HI","Lihue, HI",102,5
Alaska Airlines,"Honolulu, HI","Lihue, HI",102,3
Alaska Airlines,"Honolulu, HI","Lihue, HI",102,5
Alaska Airlines,"Honolulu, HI","Lihue, HI",102,1
Alaska Airlines,"Honolulu, HI","Lihue, HI",102,-3
Alaska Airlines,"Honolulu, HI","Lihue, HI",102,0
Alaska Airlines,"Honolulu, HI","Lihue, HI",102,-10
Alaska Airlines,"Honolulu, HI","Lihue, HI",102,13
Alaska Airlines,"Honolulu, HI","Lihue, HI",102,-8
Alaska Airlines,"Honolulu, HI","Long Beach, CA",2569,0
Alaska Airlines,"Honolulu, HI","New York, NY",4983,52
Alaska Airlines,"Honolulu, HI","Phoenix, AZ",2917,-14
Alaska Airlines,"Honolulu, HI","Sacramento, CA",2462,-6
Alaska Airlines,"Honolulu, HI","Seattle, WA",2677,-8
Alaska Airlines,"Houston, TX","Portland, OR",1825,31
Alaska Airlines,"Juneau, AK","Petersburg, AK",123,16
Alaska Airlines,"Kahului, HI","Honolulu, HI",101,3
Alaska Airlines,"Kahului, HI","Honolulu, HI",101,3
Alaska Airlines,"Kahului, HI","Honolulu, HI",101,0
Alaska Airlines,"Kahului, HI","Lihue, HI",202,-7
Alaska Airlines,"Kahului, HI","Oakland, CA",2348,-3
Alaska Airlines,"Kansas City, MO","Seattle, WA",1490,-14
Alaska Airlines,"Kansas City, MO","Seattle, WA",1490,-10
Alaska Airlines,"Ketchikan, AK","Seattle, WA",680,-23
Alaska Airlines,"Ketchikan, AK","Seattle, WA",680,-4
Alaska Airlines,"Kodiak, AK","Anchorage, AK",253,-24
Alaska Airlines,"Kona, HI","Honolulu, HI",163,6
Alaska Airlines,"Kona, HI","Honolulu, HI",163,-7
Alaska Airlines,"Kona, HI","Honolulu, HI",163,7
Alaska Airlines,"Kona, HI","Honolulu, HI",163,3
Alaska Airlines,"Kona, HI","Honolulu, HI",163,0
Alaska Airlines,"Kona, HI","Los Angeles, CA",2504,-26
Alaska Airlines,"Kona, HI","Seattle, WA",2688,-16
Alaska Airlines,"Kona, HI","Seattle, WA",2688,-8
Alaska Airlines,"Las Vegas, NV","Honolulu, HI",2762,17
Alaska Airlines,"Las Vegas, NV","Portland, OR",763,-5
Alaska Airlines,"Las Vegas, NV","Portland, OR",763,27
Alaska Airlines,"Las Vegas, NV","Portland, OR",763,-10
Alaska Airlines,"Las Vegas, NV","Portland, OR",763,-17
Alaska Airlines,"Las Vegas, NV","Seattle, WA",867,-19
Alaska Airlines,"Las Vegas, NV","Seattle, WA",867,-14
Alaska Airlines,"Las Vegas, NV","Seattle, WA",867,-20
Alaska Airlines,"Las Vegas, NV","Seattle, WA",867,-29
Alaska Airlines,"Lihue, HI","Honolulu, HI",102,-3
Alaska Airlines,"Lihue, HI","Honolulu, HI",102,1
Alaska Airlines,"Lihue, HI","Honolulu, HI",102,-1
Alaska Airlines,"Lihue, HI","Oakland, CA",2456,33
Alaska Airlines,"Lihue, HI","Sacramento, CA",2508,-9
Alaska Airlines,"Lihue, HI","Sacramento, CA",2508,-4
Alaska Airlines,"Lihue, HI","San Diego, CA",2676,-37
Alaska Airlines,"Lihue, HI","San Francisco, CA",2446,24
Alaska Airlines,"Lihue, HI","Seattle, WA",2700,10
Alaska Airlines,"Lihue, HI","Seattle, WA",2700,56
Alaska Airlines,"Long Beach, CA","Kahului, HI",2498,-8
Alaska Airlines,"Los Angeles, CA","Anchorage, AK",2345,-18
Alaska Airlines,"Los Angeles, CA","Honolulu, HI",2556,13
Alaska Airlines,"Los Angeles, CA","Portland, OR",833,-13
Alaska Airlines,"Los Angeles, CA","Washington, DC",2311,-55
Alaska Airlines,"Miami, FL","Seattle, WA",2724,-5
Alaska Airlines,"Minneapolis, MN","Portland, OR",1426,11
Alaska Airlines,"Nashville, TN","Portland, OR",1973,-9
Alaska Airlines,"Nashville, TN","Seattle, WA",1978,-13
Alaska Airlines,"Nashville, TN","Seattle, WA",1978,-16
Alaska Airlines,"New Orleans, LA","Seattle, WA",2086,55
Alaska Airlines,"New York, NY","Seattle, WA",2422,-34
Alaska Airlines,"New York, NY","Seattle, WA",2422,-20
Alaska Airlines,"Newark, NJ","Seattle, WA",2402,-14
Alaska Airlines,"Newark, NJ","Seattle, WA",2402,-40
Alaska Airlines,"Oakland, CA","Lihue, HI",2456,-7
Alaska Airlines,"Oakland, CA","Seattle, WA",672,6
Alaska Airlines,"Orlando, FL","Seattle, WA",2554,-4
Alaska Airlines,"Palm Springs, CA","Seattle, WA",987,-19
Alaska Airlines,"Petersburg, AK","Juneau, AK",123,-15
Alaska Airlines,"Petersburg, AK","Wrangell, AK",31,-15
Alaska Airlines,"Phoenix, AZ","Honolulu, HI",2917,82
Alaska Airlines,"Phoenix, AZ","Portland, OR",1010,-20
Alaska Airlines,"Phoenix, AZ","Seattle, WA",1107,-2
Alaska Airlines,"Phoenix, AZ","Seattle, WA",1107,9
Alaska Airlines,"Pittsburgh, PA","Seattle, WA",2125,-45
Alaska Airlines,"Portland, OR","Anchorage, AK",1542,108
Alaska Airlines,"Portland, OR","Atlanta, GA",2172,15
Alaska Airlines,"Portland, OR","Boise, ID",344,-14
Alaska Airlines,"Portland, OR","Boston, MA",2537,-7
Alaska Airlines,"Portland, OR","Boston, MA",2537,-4
Alaska Airlines,"Portland, OR","Chicago, IL",1739,45
Alaska Airlines,"Portland, OR","Honolulu, HI",2603,16
Alaska Airlines,"Portland, OR","Houston, TX",1825,-26
Alaska Airlines,"Portland, OR","Las Vegas, NV",763,-15
Alaska Airlines,"Portland, OR","Los Angeles, CA",833,-24
Alaska Airlines,"Portland, OR","Los Angeles, CA",833,19
Alaska Airlines,"Portland, OR","Los Angeles, CA",833,-7
Alaska Airlines,"Portland, OR","Sacramento, CA",479,8
Alaska Airlines,"Portland, OR","San Francisco, CA",550,41
Alaska Airlines,"Portland, OR","Seattle, WA",129,-21
Alaska Airlines,"Reno, NV","Seattle, WA",564,-19
Alaska Airlines,"Sacramento, CA","Kahului, HI",2403,2
Alaska Airlines,"Sacramento, CA","Lihue, HI",2508,-14
Alaska Airlines,"Sacramento, CA","Portland, OR",479,145
Alaska Airlines,"Salt Lake City, UT","Honolulu, HI",2994,-31
Alaska Airlines,"San Diego, CA","Honolulu, HI",2614,31
Alaska Airlines,"San Diego, CA","Newark, NJ",2425,-16
Alaska Airlines,"San Diego, CA","Portland, OR",933,-19
Alaska Airlines,"San Diego, CA","Portland, OR",933,-21
Alaska Airlines,"San Diego, CA","San Jose, CA",417,26
Alaska Airlines,"San Diego, CA","Seattle, WA",1050,-31
Alaska Airlines,"San Diego, CA","Seattle, WA",1050,30
Alaska Airlines,"San Diego, CA","Seattle, WA",1050,5
Alaska Airlines,"San Diego, CA","Seattle, WA",1050,89
Alaska Airlines,"San Diego, CA","Seattle, WA",1050,29
Alaska Airlines,"San Diego, CA","Tampa, FL",2087,-27
Alaska Airlines,"San Francisco, CA","Honolulu, HI",2398,6
Alaska Airlines,"San Francisco, CA","Honolulu, HI",2398,-8
Alaska Airlines,"San Francisco, CA","Kahului, HI",2338,-15
Alaska Airlines,"San Francisco, CA","Las Vegas, NV",414,0
Alaska Airlines,"San Francisco, CA","Los Angeles, CA",337,-11
Alaska Airlines,"San Francisco, CA","Portland, OR",550,-11
Alaska Airlines,"San Francisco, CA","Seattle, WA",679,61
Alaska Airlines,"San Jose, CA","Honolulu, HI",2417,-8
Alaska Airlines,"San Jose, CA","Seattle, WA",696,3
Alaska Airlines,"Santa Ana, CA","Boise, ID",688,-17
Alaska Airlines,"Santa Ana, CA","Portland, OR",859,23
Alaska Airlines,"Santa Rosa, CA","Seattle, WA",618,-7
Alaska Airlines,"Seattle, WA","Anchorage, AK",1448,15
Alaska Airlines,"Seattle, WA","Anchorage, AK",1448,-29
Alaska Airlines,"Seattle, WA","Atlanta, GA",2182,-9
Alaska Airlines,"Seattle, WA","Austin, TX",1770,30
Alaska Airlines,"Seattle, WA","Boise, ID",399,-9
Alaska Airlines,"Seattle, WA","Boston, MA",2496,-32
Alaska Airlines,"Seattle, WA","Burbank, CA",937,71
Alaska Airlines,"Seattle, WA","Chicago, IL",1721,-43
Alaska Airlines,"Seattle, WA","Chicago, IL",1721,-11
Alaska Airlines,"Seattle, WA","Cleveland, OH",2021,-9
Alaska Airlines,"Seattle, WA","Dallas/Fort Worth, TX",1660,-13
Alaska Airlines,"Seattle, WA","Denver, CO",1024,-13
Alaska Airlines,"Seattle, WA","Honolulu, HI",2677,72
Alaska Airlines,"Seattle, WA","Honolulu, HI",2677,30
Alaska Airlines,"Seattle, WA","Honolulu, HI",2677,-26
Alaska Airlines,"Seattle, WA","Indianapolis, IN",1866,-2
Alaska Airlines,"Seattle, WA","Kahului, HI",2639,-23
Alaska Airlines,"Seattle, WA","Kansas City, MO",1490,-7
Alaska Airlines,"Seattle, WA","Kona, HI",2688,-17
Alaska Airlines,"Seattle, WA","Las Vegas, NV",867,-20
Alaska Airlines,"Seattle, WA","Los Angeles, CA",954,-15
Alaska Airlines,"Seattle, WA","Los Angeles, CA",954,-19
Alaska Airlines,"Seattle, WA","Los Angeles, CA",954,-12
Alaska Airlines,"Seattle, WA","Miami, FL",2724,-23
Alaska Airlines,"Seattle, WA","Milwaukee, WI",1694,-39
Alaska Airlines,"Seattle, WA","Milwaukee, WI",1694,-31
Alaska Airlines,"Seattle, WA","Minneapolis, MN",1399,10
Alaska Airlines,"Seattle, WA","Missoula, MT",389,-8
Alaska Airlines,"Seattle, WA","Nashville, TN",1978,-39
Alaska Airlines,"Seattle, WA","Nashville, TN",1978,-8
Alaska Airlines,"Seattle, WA","Newark, NJ",2402,-55
Alaska Airlines,"Seattle, WA","Newark, NJ",2402,-26
Alaska Airlines,"Seattle, WA","Newark, NJ",2402,-46
Alaska Airlines,"Seattle, WA","Newark, NJ",2402,-35
Alaska Airlines,"Seattle, WA","Ontario, CA",956,21
Alaska Airlines,"Seattle, WA","Palm Springs, CA",987,-9
Alaska Airlines,"Seattle, WA","Philadelphia, PA",2379,9
Alaska Airlines,"Seattle, WA","Phoenix, AZ",1107,-11
Alaska Airlines,"Seattle, WA","Phoenix, AZ",1107,-17
Alaska Airlines,"Seattle, WA","Phoenix, AZ",1107,-22
Alaska Airlines,"Seattle, WA","Raleigh/Durham, NC",2354,-41
Alaska Airlines,"Seattle, WA","Reno, NV",564,-19
Alaska Airlines,"Seattle, WA","Sacramento, CA",605,2
Alaska Airlines,"Seattle, WA","Sacramento, CA",605,-4
Alaska Airlines,"Seattle, WA","Salt Lake City, UT",689,-12
Alaska Airlines,"Seattle, WA","Salt Lake City, UT",689,-24
Alaska Airlines,"Seattle, WA","San Antonio, TX",1774,-15
Alaska Airlines,"Seattle, WA","San Diego, CA",1050,8
Alaska Airlines,"Seattle, WA","San Diego, CA",1050,-11
Alaska Airlines,"Seattle, WA","San Diego, CA",1050,-12
Alaska Airlines,"Seattle, WA","San Francisco, CA",679,47
Alaska Airlines,"Seattle, WA","San Francisco, CA",679,29
Alaska Airlines,"Seattle, WA","San Francisco, CA",679,61
Alaska Airlines,"Seattle, WA","San Jose, CA",696,13
Alaska Airlines,"Seattle, WA","Santa Ana, CA",978,115
Alaska Airlines,"Seattle, WA","Santa Barbara, CA",908,3
Alaska Airlines,"Seattle, WA","Sitka, AK",861,-18
Alaska Airlines,"Seattle, WA","Sitka, AK",861,-9
Alaska Airlines,"Seattle, WA","St. Louis, MO",1709,-10
Alaska Airlines,"Seattle, WA","Washington, DC",2329,-46
Alaska Airlines,"Spokane, WA","San Diego, CA",1027,-8
Alaska Airlines,"Tampa, FL","San Diego, CA",2087,-20
Alaska Airlines,"Tampa, FL","Seattle, WA",2520,0
Alaska Airlines,"Washington, DC","Los Angeles, CA",2311,-11
Alaska Airlines,"Washington, DC","San Diego, CA",2276,-17
Alaska Airlines,"Washington, DC","Seattle, WA",2305,289
Alaska Airlines,"Wrangell, AK","Petersburg, AK",31,25
Alaska Airlines,"Yakutat, AK","Juneau, AK",199,-4
Allegiant Air,"Akron, OH","Punta Gorda, FL",965,-23
Allegiant Air,"Albany, NY","Punta Gorda, FL",1185,13
Allegiant Air,"Allentown/Bethlehem/Easton, PA","Punta Gorda, FL",1018,-4
Allegiant Air,"Allentown/Bethlehem/Easton, PA","Sanford, FL",882,-7
Allegiant Air,"Appleton, WI","Fort Myers, FL",1279,-24
Allegiant Air,"Appleton, WI","Phoenix, AZ",1452,-9
Allegiant Air,"Appleton, WI","Santa Ana, CA",1729,-11
Allegiant Air,"Asheville, NC","Punta Gorda, FL",588,8
Allegiant Air,"Atlantic City, NJ","Fort Lauderdale, FL",977,10
Allegiant Air,"Atlantic City, NJ","Fort Lauderdale, FL",977,18
Allegiant Air,"Atlantic City, NJ","Sanford, FL",829,-9
Allegiant Air,"Atlantic City, NJ","St. Petersburg, FL",922,-23
Allegiant Air,"Belleville, IL","St. Petersburg, FL",841,3
Allegiant Air,"Chattanooga, TN","St. Petersburg, FL",513,41
Allegiant Air,"Cincinnati, OH","Charleston, SC",497,-17
Allegiant Air,"Cincinnati, OH","Charleston, SC",497,-11
Allegiant Air,"Cincinnati, OH","Punta Gorda, FL",850,17
Allegiant Air,"Colorado Springs, CO","Phoenix, AZ",543,12
Allegiant Air,"Columbus, OH","Fort Lauderdale, FL",961,31
Allegiant Air,"Concord, NC","Punta Gorda, FL",588,-4
Allegiant Air,"Dayton, OH","St. Petersburg, FL",831,50
Allegiant Air,"Denver, CO","Appleton, WI",883,145
Allegiant Air,"Denver, CO","Asheville, NC",1248,-17
Allegiant Air,"Elmira/Corning, NY","Sanford, FL",954,-27
Allegiant Air,"Evansville, IN","Sanford, FL",734,158
Allegiant Air,"Fayetteville, AR","Sanford, FL",920,180
Allegiant Air,"Fayetteville, AR","Valparaiso, FL",601,-8
Allegiant Air,"Fort Lauderdale, FL","Albany, NY",1204,56
Allegiant Air,"Fort Lauderdale, FL","Allentown/Bethlehem/Easton, PA",1041,33
Allegiant Air,"Fort Lauderdale, FL","Asheville, NC",661,-15
Allegiant Air,"Fort Lauderdale, FL","Greer, SC",620,-1
Allegiant Air,"Fort Lauderdale, FL","South Bend, IN",1134,9
Allegiant Air,"Grand Rapids, MI","Austin, TX",1103,-24
Allegiant Air,"Grand Rapids, MI","Las Vegas, NV",1642,-23
Allegiant Air,"Gulf Shores, AL","Nashville, TN",406,175
Allegiant Air,"Kansas City, MO","St. Petersburg, FL",1045,-7
Allegiant Air,"Key West, FL","Columbus, OH",1054,-7
Allegiant Air,"Knoxville, TN","Houston, TX",782,-14
Allegiant Air,"Knoxville, TN","Orlando, FL",532,41
Allegiant Air,"Las Vegas, NV","Billings, MT",754,-7
Allegiant Air,"Las Vegas, NV","Great Falls, MT",810,-17
Allegiant Air,"Las Vegas, NV","Mission/McAllen/Edinburg, TX",1210,2
Allegiant Air,"Las Vegas, NV","Spokane, WA",806,79
Allegiant Air,"Lexington, KY","Fort Lauderdale, FL",865,6
Allegiant Air,"Louisville, KY","Sarasota/Bradenton, FL",765,-7
Allegiant Air,"Melbourne, FL","Pittsburgh, PA",854,-18
Allegiant Air,"Memphis, TN","Sanford, FL",671,-11
Allegiant Air,"Memphis, TN","Sanford, FL",671,-4
Allegiant Air,"Mission/McAllen/Edinburg, TX","Las Vegas, NV",1210,44
Allegiant Air,"Myrtle Beach, SC","Columbus, OH",478,-7
Allegiant Air,"Nashville, TN","Bozeman, MT",1435,-17
Allegiant Air,"Nashville, TN","Provo, UT",1388,-9
Allegiant Air,"Nashville, TN","Punta Gorda, FL",692,-3
Allegiant Air,"Nashville, TN","Sanford, FL",598,-8
Allegiant Air,"Niagara Falls, NY","Punta Gorda, FL",1129,-20
Allegiant Air,"Omaha, NE","Sanford, FL",1195,35
Allegiant Air,"Peoria, IL","Las Vegas, NV",1413,5
Allegiant Air,"Phoenix, AZ","Eugene, OR",971,-15
Allegiant Air,"Phoenix, AZ","Eugene, OR",971,26
Allegiant Air,"Phoenix, AZ","La Crosse, WI",1318,-5
Allegiant Air,"Phoenix, AZ","Wichita, KS",855,22
Allegiant Air,"Provo, UT","Phoenix, AZ",477,59
Allegiant Air,"Punta Gorda, FL","Peoria, IL",1044,-15
Allegiant Air,"Punta Gorda, FL","Washington, DC",870,-5
Allegiant Air,"Rockford, IL","Las Vegas, NV",1455,-21
Allegiant Air,"Sanford, FL","Evansville, IN",734,150
Allegiant Air,"Sanford, FL","Grand Rapids, MI",1001,-12
Allegiant Air,"Sanford, FL","Roanoke, VA",594,1
Allegiant Air,"Santa Ana, CA","Phoenix, AZ",360,-3
Allegiant Air,"Savannah, GA","Akron, OH",606,-19
Allegiant Air,"Savannah, GA","Appleton, WI",926,-6
Allegiant Air,"Sioux Falls, SD","Fort Lauderdale, FL",1526,188
Allegiant Air,"South Bend, IN","Fort Lauderdale, FL",1134,2
Allegiant Air,"St. Petersburg, FL","Akron, OH",899,4
Allegiant Air,"St. Petersburg, FL","Ashland, WV",721,-2
Allegiant Air,"St. Petersburg, FL","Cincinnati, OH",776,-13
Allegiant Air,"St. Petersburg, FL","Indianapolis, IN",840,-10
Allegiant Air,"St. Petersburg, FL","Peoria, IL",965,-36
Allegiant Air,"Stockton, CA","Las Vegas, NV",359,156
Allegiant Air,"Stockton, CA","Phoenix, AZ",603,4
Allegiant Air,"Syracuse, NY","Nashville, TN",741,-14
Allegiant Air,"Tulsa, OK","Las Vegas, NV",1076,-18
Allegiant Air,"Tulsa, OK","St. Petersburg, FL",961,-4
Allegiant Air,"Valparaiso, FL","Fayetteville, AR",601,40
Allegiant Air,"Valparaiso, FL","Fayetteville, AR",601,4
Allegiant Air,"Washington, DC","Knoxville, TN",420,-32
American Airlines,"Albany, NY","Charlotte, NC",646,-31
American Airlines,"Albany, NY","Dallas/Fort Worth, TX",1434,-12
American Airlines,"Anchorage, AK","Chicago, IL",2846,19
American Airlines,"Anchorage, AK","Dallas/Fort Worth, TX",3043,-14
American Airlines,"Asheville, NC","Charlotte, NC",91,-18
American Airlines,"Asheville, NC","Dallas/Fort Worth, TX",848,60
American Airlines,"Atlanta, GA","Los Angeles, CA",1947,-19
American Airlines,"Atlanta, GA","Philadelphia, PA",666,-20
American Airlines,"Austin, TX","Dallas/Fort Worth, TX",190,-15
American Airlines,"Austin, TX","Dallas/Fort Worth, TX",190,248
American Airlines,"Austin, TX","Dallas/Fort Worth, TX",190,-13
American Airlines,"Austin, TX","Miami, FL",1103,5
American Airlines,"Austin, TX","Philadelphia, PA",1431,28
American Airlines,"Austin, TX","Phoenix, AZ",872,-1
American Airlines,"Baltimore, MD","Dallas/Fort Worth, TX",1217,13
American Airlines,"Baltimore, MD","Dallas/Fort Worth, TX",1217,-7
American Airlines,"Boise, ID","Dallas/Fort Worth, TX",1272,-13
American Airlines,"Boston, MA","Charlotte, NC",728,-32
American Airlines,"Boston, MA","Charlotte, NC",728,-26
American Airlines,"Boston, MA","Charlotte, NC",728,-18
American Airlines,"Boston, MA","Charlotte, NC",728,-16
American Airlines,"Boston, MA","Dallas/Fort Worth, TX",1562,-13
American Airlines,"Boston, MA","Dallas/Fort Worth, TX",1562,102
American Airlines,"Boston, MA","Los Angeles, CA",2611,-20
American Airlines,"Boston, MA","Los Angeles, CA",2611,-15
American Airlines,"Boston, MA","Orlando, FL",1121,-17
American Airlines,"Boston, MA","Philadelphia, PA",280,9
American Airlines,"Boston, MA","Philadelphia, PA",280,6
American Airlines,"Boston, MA","Phoenix, AZ",2300,-15
American Airlines,"Boston, MA","Phoenix, AZ",2300,-15
American Airlines,"Boston, MA","Washington, DC",399,-25
American Airlines,"Buffalo, NY","Chicago, IL",474,-29
American Airlines,"Buffalo, NY","Dallas/Fort Worth, TX",1212,63
American Airlines,"Charleston, SC","Charlotte, NC",168,106
American Airlines,"Charleston, SC","Charlotte, NC",168,139
American Airlines,"Charleston, SC","Dallas/Fort Worth, TX",987,-8
American Airlines,"Charleston, SC","Miami, FL",489,45
American Airlines,"Charleston, SC","Miami, FL",489,-6
American Airlines,"Charleston, SC","Philadelphia, PA",550,-13
American Airlines,"Charleston, SC","Philadelphia, PA",550,-23
American Airlines,"Charlotte, NC","Austin, TX",1032,219
American Airlines,"Charlotte, NC","Austin, TX",1032,46
American Airlines,"Charlotte, NC","Austin, TX",1032,0
American Airlines,"Charlotte, NC","Baltimore, MD",361,-4
American Airlines,"Charlotte, NC","Bangor, ME",921,-11
American Airlines,"Charlotte, NC","Birmingham, AL",350,1
American Airlines,"Charlotte, NC","Boston, MA",728,2
American Airlines,"Charlotte, NC","Boston, MA",728,-27
American Airlines,"Charlotte, NC","Boston, MA",728,-15
American Airlines,"Charlotte, NC","Boston, MA",728,10
American Airlines,"Charlotte, NC","Boston, MA",728,-28
American Airlines,"Charlotte, NC","Buffalo, NY",546,-17
American Airlines,"Charlotte, NC","Cedar Rapids/Iowa City, IA",742,-2
American Airlines,"Charlotte, NC","Charleston, SC",168,38
American Airlines,"Charlotte, NC","Charleston, SC",168,-8
American Airlines,"Charlotte, NC","Chicago, IL",599,-9
American Airlines,"Charlotte, NC","Chicago, IL",599,-4
American Airlines,"Charlotte, NC","Chicago, IL",599,-5
American Airlines,"Charlotte, NC","Chicago, IL",599,-14
American Airlines,"Charlotte, NC","Chicago, IL",599,11
American Airlines,"Charlotte, NC","Chicago, IL",599,-3
American Airlines,"Charlotte, NC","Chicago, IL",599,299
American Airlines,"Charlotte, NC","Columbus, OH",347,80
American Airlines,"Charlotte, NC","Dallas/Fort Worth, TX",935,3
American Airlines,"Charlotte, NC","Dallas/Fort Worth, TX",935,-8
American Airlines,"Charlotte, NC","Dallas/Fort Worth, TX",935,-6
American Airlines,"Charlotte, NC","Dallas/Fort Worth, TX",935,20
American Airlines,"Charlotte, NC","Denver, CO",1337,-9
American Airlines,"Charlotte, NC","Denver, CO",1337,-29
American Airlines,"Charlotte, NC","Detroit, MI",500,27
American Airlines,"Charlotte, NC","Fort Lauderdale, FL",632,-12
American Airlines,"Charlotte, NC","Fort Lauderdale, FL",632,-9
American Airlines,"Charlotte, NC","Fort Myers, FL",600,-15
American Airlines,"Charlotte, NC","Grand Rapids, MI",583,85
American Airlines,"Charlotte, NC","Grand Rapids, MI",583,-10
American Airlines,"Charlotte, NC","Greensboro/High Point, NC",84,29
American Airlines,"Charlotte, NC","Greensboro/High Point, NC",84,8
American Airlines,"Charlotte, NC","Harrisburg, PA",413,222
American Airlines,"Charlotte, NC","Houston, TX",912,-6
American Airlines,"Charlotte, NC","Houston, TX",912,2
American Airlines,"Charlotte, NC","Houston, TX",912,49
American Airlines,"Charlotte, NC","Indianapolis, IN",427,14
American Airlines,"Charlotte, NC","Indianapolis, IN",427,92
American Airlines,"Charlotte, NC","Jacksonville, FL",328,-1
American Airlines,"Charlotte, NC","Jacksonville, FL",328,94
American Airlines,"Charlotte, NC","Key West, FL",736,1
American Airlines,"Charlotte, NC","Key West, FL",736,7
American Airlines,"Charlotte, NC","Las Vegas, NV",1916,-16
American Airlines,"Charlotte, NC","Las Vegas, NV",1916,-17
American Airlines,"Charlotte, NC","Los Angeles, CA",2125,13
American Airlines,"Charlotte, NC","Memphis, TN",511,2
American Airlines,"Charlotte, NC","Miami, FL",650,-27
American Airlines,"Charlotte, NC","Milwaukee, WI",651,28
American Airlines,"Charlotte, NC","Minneapolis, MN",930,32
American Airlines,"Charlotte, NC","Myrtle Beach, SC",157,-15
American Airlines,"Charlotte, NC","New Orleans, LA",650,243
American Airlines,"Charlotte, NC","New Orleans, LA",650,-10
American Airlines,"Charlotte, NC","New York, NY",542,-5
American Airlines,"Charlotte, NC","New York, NY",542,-17
American Airlines,"Charlotte, NC","New York, NY",544,1
American Airlines,"Charlotte, NC","New York, NY",544,-5
American Airlines,"Charlotte, NC","New York, NY",544,59
American Airlines,"Charlotte, NC","New York, NY",544,-12
American Airlines,"Charlotte, NC","Newark, NJ",529,-15
American Airlines,"Charlotte, NC","Norfolk, VA",290,-26
American Airlines,"Charlotte, NC","Orlando, FL",468,-5
American Airlines,"Charlotte, NC","Orlando, FL",468,12
American Airlines,"Charlotte, NC","Orlando, FL",468,-2
American Airlines,"Charlotte, NC","Philadelphia, PA",449,40
American Airlines,"Charlotte, NC","Pittsburgh, PA",366,-14
American Airlines,"Charlotte, NC","Pittsburgh, PA",366,-17
American Airlines,"Charlotte, NC","Pittsburgh, PA",366,-18
American Airlines,"Charlotte, NC","Providence, RI",684,86
American Airlines,"Charlotte, NC","Raleigh/Durham, NC",130,-21
American Airlines,"Charlotte, NC","Raleigh/Durham, NC",130,-22
American Airlines,"Charlotte, NC","Raleigh/Durham, NC",130,-7
American Airlines,"Charlotte, NC","Richmond, VA",257,-24
American Airlines,"Charlotte, NC","Richmond, VA",257,7
American Airlines,"Charlotte, NC","San Diego, CA",2077,3
American Airlines,"Charlotte, NC","San Francisco, CA",2296,-15
American Airlines,"Charlotte, NC","Sarasota/Bradenton, FL",547,-5
American Airlines,"Charlotte, NC","Seattle, WA",2279,-4
American Airlines,"Charlotte, NC","St. Louis, MO",575,-12
American Airlines,"Charlotte, NC","Syracuse, NY",603,-17
American Airlines,"Charlotte, NC","Tulsa, OK",842,54
American Airlines,"Charlotte, NC","Tulsa, OK",842,1
American Airlines,"Charlotte, NC","Washington, DC",331,21
American Airlines,"Charlotte, NC","Washington, DC",331,-22
American Airlines,"Charlotte, NC","West Palm Beach/Palm Beach, FL",590,-4
American Airlines,"Charlotte, NC","West Palm Beach/Palm Beach, FL",590,-16
American Airlines,"Charlotte, NC","West Palm Beach/Palm Beach, FL",590,81
American Airlines,"Charlotte, NC","Wilmington, NC",185,-9
American Airlines,"Charlotte, NC","Wilmington, NC",185,-13
American Airlines,"Charlotte, NC","Wilmington, NC",185,-8
American Airlines,"Chicago, IL","Anchorage, AK",2846,-4
American Airlines,"Chicago, IL","Austin, TX",977,15
American Airlines,"Chicago, IL","Boston, MA",867,-11
American Airlines,"Chicago, IL","Boston, MA",867,-2
American Airlines,"Chicago, IL","Boston, MA",867,-1
American Airlines,"Chicago, IL","Boston, MA",867,79
American Airlines,"Chicago, IL","Boston, MA",867,289
American Airlines,"Chicago, IL","Charleston, SC",760,-2
American Airlines,"Chicago, IL","Charleston, SC",760,-12
American Airlines,"Chicago, IL","Charlotte, NC",599,-26
American Airlines,"Chicago, IL","Charlotte, NC",599,-15
American Airlines,"Chicago, IL","Cleveland, OH",316,33
American Airlines,"Chicago, IL","Dallas/Fort Worth, TX",802,-21
American Airlines,"Chicago, IL","Dallas/Fort Worth, TX",802,1
American Airlines,"Chicago, IL","Dallas/Fort Worth, TX",802,-30
American Airlines,"Chicago, IL","Fort Myers, FL",1120,-13
American Airlines,"Chicago, IL","Grand Rapids, MI",137,27
American Airlines,"Chicago, IL","Harrisburg, PA",594,-21
American Airlines,"Chicago, IL","Hartford, CT",783,61
American Airlines,"Chicago, IL","Indianapolis, IN",177,111
American Airlines,"Chicago, IL","Las Vegas, NV",1514,5
American Airlines,"Chicago, IL","Las Vegas, NV",1514,95
American Airlines,"Chicago, IL","Miami, FL",1197,-13
American Airlines,"Chicago, IL","Miami, FL",1197,-7
American Airlines,"Chicago, IL","New York, NY",733,-14
American Airlines,"Chicago, IL","New York, NY",733,-8
American Airlines,"Chicago, IL","New York, NY",733,-17
American Airlines,"Chicago, IL","New York, NY",733,-5
American Airlines,"Chicago, IL","Newark, NJ",719,75
American Airlines,"Chicago, IL","Newark, NJ",719,-20
American Airlines,"Chicago, IL","Orlando, FL",1005,39
American Airlines,"Chicago, IL","Orlando, FL",1005,120
American Airlines,"Chicago, IL","Phoenix, AZ",1440,-10
American Airlines,"Chicago, IL","Pittsburgh, PA",413,16
American Airlines,"Chicago, IL","Portland, OR",1739,-41
American Airlines,"Chicago, IL","Providence, RI",849,-27
American Airlines,"Chicago, IL","Providence, RI",849,36
American Airlines,"Chicago, IL","Sacramento, CA",1781,-35
American Airlines,"Chicago, IL","Salt Lake City, UT",1250,43
American Airlines,"Chicago, IL","Salt Lake City, UT",1250,102
American Airlines,"Chicago, IL","San Diego, CA",1723,97
American Airlines,"Chicago, IL","San Francisco, CA",1846,-35
American Airlines,"Chicago, IL","Santa Ana, CA",1726,-12
American Airlines,"Chicago, IL","Seattle, WA",1721,28
American Airlines,"Chicago, IL","Spokane, WA",1498,144
American Airlines,"Chicago, IL","Tampa, FL",1012,48
American Airlines,"Chicago, IL","Washington, DC",612,3
American Airlines,"Chicago, IL","Washington, DC",612,-27
American Airlines,"Christiansted, VI","Miami, FL",1139,287
American Airlines,"Christiansted, VI","Miami, FL",1139,-32
American Airlines,"Christiansted, VI","Miami, FL",1139,-36
American Airlines,"Cincinnati, OH","Dallas/Fort Worth, TX",812,3
American Airlines,"Cincinnati, OH","Dallas/Fort Worth, TX",812,-14
American Airlines,"Cleveland, OH","Charlotte, NC",430,0
American Airlines,"Columbus, OH","Phoenix, AZ",1670,45
American Airlines,"Dallas/Fort Worth, TX","Albuquerque, NM",569,-3
American Airlines,"Dallas/Fort Worth, TX","Atlanta, GA",731,-25
American Airlines,"Dallas/Fort Worth, TX","Atlanta, GA",731,59
American Airlines,"Dallas/Fort Worth, TX","Austin, TX",190,35
American Airlines,"Dallas/Fort Worth, TX","Austin, TX",190,16
American Airlines,"Dallas/Fort Worth, TX","Austin, TX",190,38
American Airlines,"Dallas/Fort Worth, TX","Austin, TX",190,-22
American Airlines,"Dallas/Fort Worth, TX","Baltimore, MD",1217,-21
American Airlines,"Dallas/Fort Worth, TX","Baltimore, MD",1217,18
American Airlines,"Dallas/Fort Worth, TX","Boise, ID",1272,-3
American Airlines,"Dallas/Fort Worth, TX","Boston, MA",1562,-41
American Airlines,"Dallas/Fort Worth, TX","Boston, MA",1562,-19
American Airlines,"Dallas/Fort Worth, TX","Boston, MA",1562,-17
American Airlines,"Dallas/Fort Worth, TX","Boston, MA",1562,26
American Airlines,"Dallas/Fort Worth, TX","Boston, MA",1562,-6
American Airlines,"Dallas/Fort Worth, TX","Boston, MA",1562,-27
American Airlines,"Dallas/Fort Worth, TX","Buffalo, NY",1212,-17
American Airlines,"Dallas/Fort Worth, TX","Burbank, CA",1231,-35
American Airlines,"Dallas/Fort Worth, TX","Charlotte, NC",935,-20
American Airlines,"Dallas/Fort Worth, TX","Chattanooga, TN",695,-1
American Airlines,"Dallas/Fort Worth, TX","Chicago, IL",802,12
American Airlines,"Dallas/Fort Worth, TX","Chicago, IL",802,41
American Airlines,"Dallas/Fort Worth, TX","Chicago, IL",802,111
American Airlines,"Dallas/Fort Worth, TX","Chicago, IL",802,-18
American Airlines,"Dallas/Fort Worth, TX","Chicago, IL",802,-25
American Airlines,"Dallas/Fort Worth, TX","Cleveland, OH",1021,-10
American Airlines,"Dallas/Fort Worth, TX","Cleveland, OH",1021,24
American Airlines,"Dallas/Fort Worth, TX","Cleveland, OH",1021,-17
American Airlines,"Dallas/Fort Worth, TX","Columbus, OH",926,-12
American Airlines,"Dallas/Fort Worth, TX","Denver, CO",641,118
American Airlines,"Dallas/Fort Worth, TX","Denver, CO",641,-21
American Airlines,"Dallas/Fort Worth, TX","Denver, CO",641,9
American Airlines,"Dallas/Fort Worth, TX","Des Moines, IA",624,117
American Airlines,"Dallas/Fort Worth, TX","Detroit, MI",986,-7
American Airlines,"Dallas/Fort Worth, TX","Detroit, MI",986,69
American Airlines,"Dallas/Fort Worth, TX","El Paso, TX",551,9
American Airlines,"Dallas/Fort Worth, TX","Fayetteville, AR",280,-20
American Airlines,"Dallas/Fort Worth, TX","Fayetteville, AR",280,0
American Airlines,"Dallas/Fort Worth, TX","Fort Myers, FL",1017,32
American Airlines,"Dallas/Fort Worth, TX","Fort Myers, FL",1017,-7
American Airlines,"Dallas/Fort Worth, TX","Hartford, CT",1471,4
American Airlines,"Dallas/Fort Worth, TX","Hartford, CT",1471,-7
American Airlines,"Dallas/Fort Worth, TX","Honolulu, HI",3784,2
American Airlines,"Dallas/Fort Worth, TX","Houston, TX",224,70
American Airlines,"Dallas/Fort Worth, TX","Indianapolis, IN",761,-9
American Airlines,"Dallas/Fort Worth, TX","Indianapolis, IN",761,-12
American Airlines,"Dallas/Fort Worth, TX","Jackson, WY",1047,1
American Airlines,"Dallas/Fort Worth, TX","Jacksonville, FL",917,99
American Airlines,"Dallas/Fort Worth, TX","Kansas City, MO",460,-1
American Airlines,"Dallas/Fort Worth, TX","Kansas City, MO",460,-8
American Airlines,"Dallas/Fort Worth, TX","Kansas City, MO",460,-1
American Airlines,"Dallas/Fort Worth, TX","Las Vegas, NV",1055,-27
American Airlines,"Dallas/Fort Worth, TX","Las Vegas, NV",1055,0
American Airlines,"Dallas/Fort Worth, TX","Las Vegas, NV",1055,10
American Airlines,"Dallas/Fort Worth, TX","Los Angeles, CA",1235,-9
American Airlines,"Dallas/Fort Worth, TX","Los Angeles, CA",1235,26
American Airlines,"Dallas/Fort Worth, TX","Los Angeles, CA",1235,-26
American Airlines,"Dallas/Fort Worth, TX","Los Angeles, CA",1235,152
American Airlines,"Dallas/Fort Worth, TX","Los Angeles, CA",1235,-4
American Airlines,"Dallas/Fort Worth, TX","Madison, WI",821,1
American Airlines,"Dallas/Fort Worth, TX","Madison, WI",821,-10
American Airlines,"Dallas/Fort Worth, TX","Madison, WI",821,203
American Airlines,"Dallas/Fort Worth, TX","Miami, FL",1121,-29
American Airlines,"Dallas/Fort Worth, TX","Miami, FL",1121,59
American Airlines,"Dallas/Fort Worth, TX","Miami, FL",1121,24
American Airlines,"Dallas/Fort Worth, TX","Nashville, TN",631,34
American Airlines,"Dallas/Fort Worth, TX","New York, NY",1389,17
American Airlines,"Dallas/Fort Worth, TX","Newark, NJ",1372,-8
American Airlines,"Dallas/Fort Worth, TX","Norfolk, VA",1212,-22
American Airlines,"Dallas/Fort Worth, TX","Omaha, NE",583,21
American Airlines,"Dallas/Fort Worth, TX","Omaha, NE",583,83
American Airlines,"Dallas/Fort Worth, TX","Ontario, CA",1188,86
American Airlines,"Dallas/Fort Worth, TX","Ontario, CA",1188,-5
American Airlines,"Dallas/Fort Worth, TX","Palm Springs, CA",1126,234
American Airlines,"Dallas/Fort Worth, TX","Palm Springs, CA",1126,-5
American Airlines,"Dallas/Fort Worth, TX","Pensacola, FL",604,-11
American Airlines,"Dallas/Fort Worth, TX","Pensacola, FL",604,-7
American Airlines,"Dallas/Fort Worth, TX","Pensacola, FL",604,21
American Airlines,"Dallas/Fort Worth, TX","Philadelphia, PA",1303,-23
American Airlines,"Dallas/Fort Worth, TX","Philadelphia, PA",1303,-9
American Airlines,"Dallas/Fort Worth, TX","Philadelphia, PA",1303,14
American Airlines,"Dallas/Fort Worth, TX","Phoenix, AZ",868,29
American Airlines,"Dallas/Fort Worth, TX","Phoenix, AZ",868,0
American Airlines,"Dallas/Fort Worth, TX","Phoenix, AZ",868,-22
American Airlines,"Dallas/Fort Worth, TX","Phoenix, AZ",868,5
American Airlines,"Dallas/Fort Worth, TX","Pittsburgh, PA",1067,-12
American Airlines,"Dallas/Fort Worth, TX","Pittsburgh, PA",1067,35
American Airlines,"Dallas/Fort Worth, TX","Raleigh/Durham, NC",1061,44
American Airlines,"Dallas/Fort Worth, TX","Raleigh/Durham, NC",1061,-22
American Airlines,"Dallas/Fort Worth, TX","Raleigh/Durham, NC",1061,72
American Airlines,"Dallas/Fort Worth, TX","Raleigh/Durham, NC",1061,162
American Airlines,"Dallas/Fort Worth, TX","Reno, NV",1345,41
American Airlines,"Dallas/Fort Worth, TX","Richmond, VA",1158,241
American Airlines,"Dallas/Fort Worth, TX","Richmond, VA",1158,48
American Airlines,"Dallas/Fort Worth, TX","Sacramento, CA",1431,8
American Airlines,"Dallas/Fort Worth, TX","Sacramento, CA",1431,-22
American Airlines,"Dallas/Fort Worth, TX","Salt Lake City, UT",989,-12
American Airlines,"Dallas/Fort Worth, TX","Salt Lake City, UT",989,-4
American Airlines,"Dallas/Fort Worth, TX","San Antonio, TX",247,-5
American Airlines,"Dallas/Fort Worth, TX","San Francisco, CA",1464,29
American Airlines,"Dallas/Fort Worth, TX","San Francisco, CA",1464,-4
American Airlines,"Dallas/Fort Worth, TX","San Francisco, CA",1464,54
American Airlines,"Dallas/Fort Worth, TX","San Francisco, CA",1464,30
American Airlines,"Dallas/Fort Worth, TX","San Francisco, CA",1464,5
American Airlines,"Dallas/Fort Worth, TX","Santa Ana, CA",1205,-29
American Airlines,"Dallas/Fort Worth, TX","Santa Ana, CA",1205,1
American Airlines,"Dallas/Fort Worth, TX","Sarasota/Bradenton, FL",945,-7
American Airlines,"Dallas/Fort Worth, TX","Savannah, GA",925,-9
American Airlines,"Dallas/Fort Worth, TX","Seattle, WA",1660,-13
American Airlines,"Dallas/Fort Worth, TX","Seattle, WA",1660,119
American Airlines,"Dallas/Fort Worth, TX","Seattle, WA",1660,16
American Airlines,"Dallas/Fort Worth, TX","St. Louis, MO",550,-13
American Airlines,"Dallas/Fort Worth, TX","Tampa, FL",929,-7
American Airlines,"Dallas/Fort Worth, TX","Valparaiso, FL",641,24
American Airlines,"Dallas/Fort Worth, TX","Wichita, KS",328,260
American Airlines,"Denver, CO","Charlotte, NC",1337,-1
American Airlines,"Denver, CO","Chicago, IL",888,5
American Airlines,"Denver, CO","Dallas/Fort Worth, TX",641,-22
American Airlines,"Denver, CO","Philadelphia, PA",1558,-22
American Airlines,"Denver, CO","Phoenix, AZ",602,-20
American Airlines,"Des Moines, IA","Charlotte, NC",815,4
American Airlines,"Des Moines, IA","Phoenix, AZ",1149,-6
American Airlines,"Detroit, MI","Charlotte, NC",500,-9
American Airlines,"Detroit, MI","Charlotte, NC",500,-24
American Airlines,"Detroit, MI","Dallas/Fort Worth, TX",986,-16
American Airlines,"Detroit, MI","Dallas/Fort Worth, TX",986,-3
American Airlines,"El Paso, TX","Dallas/Fort Worth, TX",551,163
American Airlines,"El Paso, TX","Dallas/Fort Worth, TX",551,-9
American Airlines,"El Paso, TX","Dallas/Fort Worth, TX",551,425
American Airlines,"Eugene, OR","Phoenix, AZ",952,-18
American Airlines,"Fayetteville, AR","Dallas/Fort Worth, TX",280,0
American Airlines,"Fort Lauderdale, FL","Charlotte, NC",632,100
American Airlines,"Fort Lauderdale, FL","Charlotte, NC",632,-21
American Airlines,"Fort Lauderdale, FL","Chicago, IL",1182,87
American Airlines,"Fort Lauderdale, FL","Dallas/Fort Worth, TX",1119,-21
American Airlines,"Fort Lauderdale, FL","Dallas/Fort Worth, TX",1119,1
American Airlines,"Fort Lauderdale, FL","Philadelphia, PA",993,-20
American Airlines,"Fort Lauderdale, FL","Philadelphia, PA",993,21
American Airlines,"Fort Lauderdale, FL","Washington, DC",899,327
American Airlines,"Fort Myers, FL","Washington, DC",892,68
American Airlines,"Grand Rapids, MI","Chicago, IL",137,-33
American Airlines,"Grand Rapids, MI","Dallas/Fort Worth, TX",931,-18
American Airlines,"Harrisburg, PA","Chicago, IL",594,-6
American Airlines,"Hartford, CT","Charlotte, NC",644,-16
American Airlines,"Hartford, CT","Charlotte, NC",644,-15
American Airlines,"Hartford, CT","Charlotte, NC",644,9
American Airlines,"Hartford, CT","Philadelphia, PA",195,-2
American Airlines,"Honolulu, HI","Dallas/Fort Worth, TX",3784,2
American Airlines,"Honolulu, HI","Los Angeles, CA",2556,0
American Airlines,"Honolulu, HI","Phoenix, AZ",2917,12
American Airlines,"Houston, TX","Charlotte, NC",912,-37
American Airlines,"Houston, TX","Charlotte, NC",912,2
American Airlines,"Houston, TX","Dallas/Fort Worth, TX",224,1
American Airlines,"Houston, TX","Dallas/Fort Worth, TX",224,-24
American Airlines,"Houston, TX","Miami, FL",964,-7
American Airlines,"Houston, TX","Phoenix, AZ",1009,44
American Airlines,"Houston, TX","Phoenix, AZ",1009,14
American Airlines,"Indianapolis, IN","Charlotte, NC",427,10
American Airlines,"Indianapolis, IN","Charlotte, NC",427,-26
American Airlines,"Indianapolis, IN","Charlotte, NC",427,131
American Airlines,"Indianapolis, IN","Charlotte, NC",427,23
American Airlines,"Indianapolis, IN","Chicago, IL",177,-10
American Airlines,"Indianapolis, IN","Chicago, IL",177,118
American Airlines,"Indianapolis, IN","Chicago, IL",177,107
American Airlines,"Indianapolis, IN","Dallas/Fort Worth, TX",761,-18
American Airlines,"Indianapolis, IN","Philadelphia, PA",588,-28
American Airlines,"Jackson, WY","Charlotte, NC",1685,-3
American Airlines,"Jacksonville, FL","Charlotte, NC",328,-33
American Airlines,"Jacksonville, FL","Dallas/Fort Worth, TX",917,0
American Airlines,"Jacksonville, FL","Dallas/Fort Worth, TX",917,-7
American Airlines,"Jacksonville, FL","Dallas/Fort Worth, TX",917,-9
American Airlines,"Jacksonville, FL","Philadelphia, PA",742,-19
American Airlines,"Kahului, HI","Los Angeles, CA",2485,2
American Airlines,"Kansas City, MO","Charlotte, NC",808,-23
American Airlines,"Kansas City, MO","Chicago, IL",403,300
American Airlines,"Key West, FL","Philadelphia, PA",1122,1
American Airlines,"Las Vegas, NV","Charlotte, NC",1916,-34
American Airlines,"Las Vegas, NV","Charlotte, NC",1916,-30
American Airlines,"Las Vegas, NV","Charlotte, NC",1916,-21
American Airlines,"Las Vegas, NV","Dallas/Fort Worth, TX",1055,-21
American Airlines,"Las Vegas, NV","Dallas/Fort Worth, TX",1055,-21
American Airlines,"Las Vegas, NV","Dallas/Fort Worth, TX",1055,-12
American Airlines,"Las Vegas, NV","Miami, FL",2174,-26
American Airlines,"Las Vegas, NV","Philadelphia, PA",2177,-46
American Airlines,"Las Vegas, NV","Philadelphia, PA",2177,-21
American Airlines,"Las Vegas, NV","Phoenix, AZ",255,-5
American Airlines,"Las Vegas, NV","Phoenix, AZ",255,15
American Airlines,"Las Vegas, NV","Washington, DC",2089,-20
American Airlines,"Lihue, HI","Phoenix, AZ",2979,-13
American Airlines,"Little Rock, AR","Dallas/Fort Worth, TX",304,-3
American Airlines,"Little Rock, AR","Dallas/Fort Worth, TX",304,-17
American Airlines,"Los Angeles, CA","Charlotte, NC",2125,-25
American Airlines,"Los Angeles, CA","Chicago, IL",1744,145
American Airlines,"Los Angeles, CA","Chicago, IL",1744,-16
American Airlines,"Los Angeles, CA","Dallas/Fort Worth, TX",1235,9
American Airlines,"Los Angeles, CA","Honolulu, HI",2556,-7
American Airlines,"Los Angeles, CA","Honolulu, HI",2556,-31
American Airlines,"Los Angeles, CA","Honolulu, HI",2556,27
American Airlines,"Los Angeles, CA","Indianapolis, IN",1814,204
American Airlines,"Los Angeles, CA","Kahului, HI",2485,-12
American Airlines,"Los Angeles, CA","Kahului, HI",2485,-2
American Airlines,"Los Angeles, CA","Las Vegas, NV",236,-15
American Airlines,"Los Angeles, CA","Lihue, HI",2615,-6
American Airlines,"Los Angeles, CA","New York, NY",2475,-6
American Airlines,"Los Angeles, CA","New York, NY",2475,6
American Airlines,"Los Angeles, CA","New York, NY",2475,3
American Airlines,"Los Angeles, CA","Phoenix, AZ",370,16
American Airlines,"Los Angeles, CA","Washington, DC",2311,207
American Airlines,"Louisville, KY","Dallas/Fort Worth, TX",733,-19
American Airlines,"Louisville, KY","Dallas/Fort Worth, TX",733,59
American Airlines,"Madison, WI","Dallas/Fort Worth, TX",821,-17
American Airlines,"Madison, WI","Dallas/Fort Worth, TX",821,-16
American Airlines,"Miami, FL","Austin, TX",1103,19
American Airlines,"Miami, FL","Boston, MA",1258,-7
American Airlines,"Miami, FL","Charlotte Amalie, VI",1107,1
American Airlines,"Miami, FL","Charlotte, NC",650,2
American Airlines,"Miami, FL","Chicago, IL",1197,-22
American Airlines,"Miami, FL","Dallas/Fort Worth, TX",1121,-5
American Airlines,"Miami, FL","Dallas/Fort Worth, TX",1121,-21
American Airlines,"Miami, FL","Dallas/Fort Worth, TX",1121,5
American Airlines,"Miami, FL","Detroit, MI",1145,-2
American Airlines,"Miami, FL","Detroit, MI",1145,5
American Airlines,"Miami, FL","Hartford, CT",1194,-13
American Airlines,"Miami, FL","Los Angeles, CA",2342,-16
American Airlines,"Miami, FL","Los Angeles, CA",2342,13
American Airlines,"Miami, FL","Los Angeles, CA",2342,2
American Airlines,"Miami, FL","Louisville, KY",910,88
American Airlines,"Miami, FL","Memphis, TN",859,-15
American Airlines,"Miami, FL","Nashville, TN",806,-2
American Airlines,"Miami, FL","Nashville, TN",806,13
American Airlines,"Miami, FL","Nashville, TN",806,53
American Airlines,"Miami, FL","New York, NY",1089,-28
American Airlines,"Miami, FL","New York, NY",1089,20
American Airlines,"Miami, FL","New York, NY",1096,345
American Airlines,"Miami, FL","New York, NY",1096,96
American Airlines,"Miami, FL","Newark, NJ",1085,-8
American Airlines,"Miami, FL","Norfolk, VA",802,2
American Airlines,"Miami, FL","Orlando, FL",192,-17
American Airlines,"Miami, FL","Orlando, FL",192,2
American Airlines,"Miami, FL","Phoenix, AZ",1972,-13
American Airlines,"Miami, FL","Pittsburgh, PA",1013,22
American Airlines,"Miami, FL","Pittsburgh, PA",1013,-18
American Airlines,"Miami, FL","Raleigh/Durham, NC",700,-13
American Airlines,"Miami, FL","Raleigh/Durham, NC",700,381
American Airlines,"Miami, FL","Raleigh/Durham, NC",700,52
American Airlines,"Miami, FL","Richmond, VA",826,-21
American Airlines,"Miami, FL","Richmond, VA",826,-24
American Airlines,"Miami, FL","San Juan, PR",1045,-6
American Airlines,"Miami, FL","Tampa, FL",204,35
American Airlines,"Miami, FL","Tampa, FL",204,-16
American Airlines,"Miami, FL","Washington, DC",919,4
American Airlines,"Miami, FL","Washington, DC",919,-23
American Airlines,"Milwaukee, WI","Dallas/Fort Worth, TX",853,-24
American Airlines,"Minneapolis, MN","Charlotte, NC",930,14
American Airlines,"Minneapolis, MN","Charlotte, NC",930,-16
American Airlines,"Minneapolis, MN","Charlotte, NC",930,-13
American Airlines,"Minneapolis, MN","Dallas/Fort Worth, TX",852,-3
American Airlines,"Minneapolis, MN","Dallas/Fort Worth, TX",852,-11
American Airlines,"Monterey, CA","Dallas/Fort Worth, TX",1430,-16
American Airlines,"Myrtle Beach, SC","Charlotte, NC",157,-16
American Airlines,"Nashville, TN","Charlotte, NC",328,-29
American Airlines,"Nashville, TN","Dallas/Fort Worth, TX",631,28
American Airlines,"Nashville, TN","Dallas/Fort Worth, TX",631,-19
American Airlines,"Nashville, TN","Los Angeles, CA",1798,136
American Airlines,"Nashville, TN","Philadelphia, PA",675,-20
American Airlines,"Nashville, TN","Philadelphia, PA",675,-6
American Airlines,"Nashville, TN","Phoenix, AZ",1449,-15
American Airlines,"Nashville, TN","Phoenix, AZ",1449,-19
American Airlines,"Nashville, TN","Washington, DC",562,-8
American Airlines,"New Orleans, LA","Charlotte, NC",650,-19
American Airlines,"New Orleans, LA","Charlotte, NC",650,16
American Airlines,"New Orleans, LA","Chicago, IL",837,-4
American Airlines,"New Orleans, LA","Chicago, IL",837,-1
American Airlines,"New Orleans, LA","Dallas/Fort Worth, TX",448,49
American Airlines,"New Orleans, LA","Dallas/Fort Worth, TX",448,-5
American Airlines,"New Orleans, LA","Dallas/Fort Worth, TX",448,-6
American Airlines,"New Orleans, LA","Miami, FL",674,-16
American Airlines,"New Orleans, LA","Miami, FL",674,-9
American Airlines,"New Orleans, LA","Miami, FL",674,-28
American Airlines,"New Orleans, LA","Philadelphia, PA",1089,11
American Airlines,"New Orleans, LA","Philadelphia, PA",1089,-16
American Airlines,"New Orleans, LA","Philadelphia, PA",1089,0
American Airlines,"New Orleans, LA","Phoenix, AZ",1301,11
American Airlines,"New Orleans, LA","Phoenix, AZ",1301,-7
American Airlines,"New York, NY","Charlotte Amalie, VI",1623,2
American Airlines,"New York, NY","Charlotte, NC",542,-12
American Airlines,"New York, NY","Charlotte, NC",544,-34
American Airlines,"New York, NY","Charlotte, NC",544,77
American Airlines,"New York, NY","Charlotte, NC",544,-9
American Airlines,"New York, NY","Charlotte, NC",544,82
American Airlines,"New York, NY","Chicago, IL",733,-23
American Airlines,"New York, NY","Chicago, IL",733,-23
American Airlines,"New York, NY","Chicago, IL",740,-30
American Airlines,"New York, NY","Dallas/Fort Worth, TX",1389,15
American Airlines,"New York, NY","Dallas/Fort Worth, TX",1389,-18
American Airlines,"New York, NY","Dallas/Fort Worth, TX",1389,23
American Airlines,"New York, NY","Dallas/Fort Worth, TX",1391,9
American Airlines,"New York, NY","Dallas/Fort Worth, TX",1391,89
American Airlines,"New York, NY","Las Vegas, NV",2248,41
American Airlines,"New York, NY","Las Vegas, NV",2248,-30
American Airlines,"New York, NY","Los Angeles, CA",2475,-14
American Airlines,"New York, NY","Miami, FL",1089,-26
American Airlines,"New York, NY","Miami, FL",1089,-30
American Airlines,"New York, NY","Miami, FL",1089,-24
American Airlines,"New York, NY","Miami, FL",1089,-4
American Airlines,"New York, NY","Miami, FL",1096,-40
American Airlines,"New York, NY","Miami, FL",1096,-39
American Airlines,"New York, NY","Phoenix, AZ",2153,-36
American Airlines,"New York, NY","Phoenix, AZ",2153,-2
American Airlines,"New York, NY","San Francisco, CA",2586,-17
American Airlines,"New York, NY","Washington, DC",214,-9
American Airlines,"Newark, NJ","Charlotte, NC",529,-13
American Airlines,"Newark, NJ","Chicago, IL",719,215
American Airlines,"Newark, NJ","Chicago, IL",719,-6
American Airlines,"Newark, NJ","Chicago, IL",719,-19
American Airlines,"Newark, NJ","Miami, FL",1085,-12
American Airlines,"Newark, NJ","Phoenix, AZ",2133,-17
American Airlines,"Newark, NJ","Phoenix, AZ",2133,-20
American Airlines,"Norfolk, VA","Charlotte, NC",290,-21
American Airlines,"Norfolk, VA","Charlotte, NC",290,-21
American Airlines,"Oklahoma City, OK","Washington, DC",1158,-6
American Airlines,"Oklahoma City, OK","Washington, DC",1158,-38
American Airlines,"Omaha, NE","Dallas/Fort Worth, TX",583,32
American Airlines,"Omaha, NE","Dallas/Fort Worth, TX",583,8
American Airlines,"Ontario, CA","Dallas/Fort Worth, TX",1188,115
American Airlines,"Ontario, CA","Dallas/Fort Worth, TX",1188,-3
American Airlines,"Ontario, CA","Dallas/Fort Worth, TX",1188,37
American Airlines,"Ontario, CA","Dallas/Fort Worth, TX",1188,-23
American Airlines,"Orlando, FL","Boston, MA",1121,-16
American Airlines,"Orlando, FL","Charlotte, NC",468,-10
American Airlines,"Orlando, FL","Charlotte, NC",468,-11
American Airlines,"Orlando, FL","Chicago, IL",1005,-21
American Airlines,"Orlando, FL","Chicago, IL",1005,96
American Airlines,"Orlando, FL","Dallas/Fort Worth, TX",985,-27
American Airlines,"Orlando, FL","Miami, FL",192,-16
American Airlines,"Orlando, FL","Miami, FL",192,-20
American Airlines,"Orlando, FL","Miami, FL",192,-2
American Airlines,"Orlando, FL","Philadelphia, PA",862,-34
American Airlines,"Orlando, FL","Philadelphia, PA",862,-15
American Airlines,"Orlando, FL","Philadelphia, PA",862,195
American Airlines,"Orlando, FL","Washington, DC",759,-4
American Airlines,"Orlando, FL","Washington, DC",759,-11
American Airlines,"Palm Springs, CA","Chicago, IL",1651,10
American Airlines,"Palm Springs, CA","Dallas/Fort Worth, TX",1126,158
American Airlines,"Palm Springs, CA","Dallas/Fort Worth, TX",1126,-8
American Airlines,"Palm Springs, CA","Dallas/Fort Worth, TX",1126,35
American Airlines,"Pensacola, FL","Charlotte, NC",488,-9
American Airlines,"Pensacola, FL","Dallas/Fort Worth, TX",604,10
American Airlines,"Pensacola, FL","Dallas/Fort Worth, TX",604,-14
American Airlines,"Philadelphia, PA","Boston, MA",280,2
American Airlines,"Philadelphia, PA","Charlotte, NC",449,27
American Airlines,"Philadelphia, PA","Charlotte, NC",449,-14
American Airlines,"Philadelphia, PA","Charlotte, NC",449,-29
American Airlines,"Philadelphia, PA","Chicago, IL",678,-39
American Airlines,"Philadelphia, PA","Chicago, IL",678,32
American Airlines,"Philadelphia, PA","Dallas/Fort Worth, TX",1303,-16
American Airlines,"Philadelphia, PA","Dallas/Fort Worth, TX",1303,-3
American Airlines,"Philadelphia, PA","Fort Lauderdale, FL",993,-20
American Airlines,"Philadelphia, PA","Fort Lauderdale, FL",993,-18
American Airlines,"Philadelphia, PA","Fort Myers, FL",993,24
American Airlines,"Philadelphia, PA","Houston, TX",1325,-2
American Airlines,"Philadelphia, PA","Indianapolis, IN",588,28
American Airlines,"Philadelphia, PA","Jacksonville, FL",742,-9
American Airlines,"Philadelphia, PA","Las Vegas, NV",2177,-30
American Airlines,"Philadelphia, PA","Los Angeles, CA",2402,28
American Airlines,"Philadelphia, PA","Los Angeles, CA",2402,-6
American Airlines,"Philadelphia, PA","Miami, FL",1013,-1
American Airlines,"Philadelphia, PA","Miami, FL",1013,-9
American Airlines,"Philadelphia, PA","Miami, FL",1013,-16
American Airlines,"Philadelphia, PA","Orlando, FL",862,-26
American Airlines,"Philadelphia, PA","Orlando, FL",862,2
American Airlines,"Philadelphia, PA","Orlando, FL",862,-39
American Airlines,"Philadelphia, PA","Orlando, FL",862,-10
American Airlines,"Philadelphia, PA","Phoenix, AZ",2076,7
American Airlines,"Philadelphia, PA","Phoenix, AZ",2076,21
American Airlines,"Philadelphia, PA","Raleigh/Durham, NC",337,19
American Airlines,"Philadelphia, PA","Raleigh/Durham, NC",337,111
American Airlines,"Philadelphia, PA","Raleigh/Durham, NC",337,-22
American Airlines,"Philadelphia, PA","San Diego, CA",2370,24
American Airlines,"Philadelphia, PA","San Diego, CA",2370,-8
American Airlines,"Philadelphia, PA","San Diego, CA",2370,-11
American Airlines,"Philadelphia, PA","San Diego, CA",2370,-6
American Airlines,"Philadelphia, PA","San Diego, CA",2370,3
American Airlines,"Philadelphia, PA","San Francisco, CA",2522,-14
American Airlines,"Philadelphia, PA","St. Louis, MO",814,7
American Airlines,"Philadelphia, PA","Tampa, FL",920,-23
American Airlines,"Phoenix, AZ","Austin, TX",872,8
American Airlines,"Phoenix, AZ","Boston, MA",2300,6
American Airlines,"Phoenix, AZ","Charlotte, NC",1773,-21
American Airlines,"Phoenix, AZ","Charlotte, NC",1773,-9
American Airlines,"Phoenix, AZ","Chicago, IL",1440,-1
American Airlines,"Phoenix, AZ","Chicago, IL",1440,-8
American Airlines,"Phoenix, AZ","Chicago, IL",1440,11
American Airlines,"Phoenix, AZ","Dallas/Fort Worth, TX",868,-20
American Airlines,"Phoenix, AZ","Dallas/Fort Worth, TX",868,-24
American Airlines,"Phoenix, AZ","Dallas/Fort Worth, TX",868,-16
American Airlines,"Phoenix, AZ","Eugene, OR",952,-10
American Airlines,"Phoenix, AZ","Eugene, OR",952,-17
American Airlines,"Phoenix, AZ","Indianapolis, IN",1489,-22
American Airlines,"Phoenix, AZ","Kahului, HI",2844,-29
American Airlines,"Phoenix, AZ","Kansas City, MO",1044,27
American Airlines,"Phoenix, AZ","Kona, HI",2860,-19
American Airlines,"Phoenix, AZ","Las Vegas, NV",255,-19
American Airlines,"Phoenix, AZ","Lihue, HI",2979,-3
American Airlines,"Phoenix, AZ","Madison, WI",1396,-3
American Airlines,"Phoenix, AZ","Minneapolis, MN",1276,-5
American Airlines,"Phoenix, AZ","New Orleans, LA",1301,1
American Airlines,"Phoenix, AZ","Newark, NJ",2133,20
American Airlines,"Phoenix, AZ","Ontario, CA",325,-7
American Airlines,"Phoenix, AZ","Orlando, FL",1849,4
American Airlines,"Phoenix, AZ","Philadelphia, PA",2076,-22
American Airlines,"Phoenix, AZ","Philadelphia, PA",2076,-36
American Airlines,"Phoenix, AZ","Philadelphia, PA",2076,-43
American Airlines,"Phoenix, AZ","Sacramento, CA",647,-15
American Airlines,"Phoenix, AZ","Sacramento, CA",647,-15
American Airlines,"Phoenix, AZ","San Antonio, TX",843,-6
American Airlines,"Phoenix, AZ","Spokane, WA",1020,26
American Airlines,"Phoenix, AZ","St. Louis, MO",1262,1
American Airlines,"Phoenix, AZ","Washington, DC",1979,-10
American Airlines,"Pittsburgh, PA","Charlotte, NC",366,9
American Airlines,"Pittsburgh, PA","Charlotte, NC",366,32
American Airlines,"Pittsburgh, PA","Dallas/Fort Worth, TX",1067,13
American Airlines,"Pittsburgh, PA","Los Angeles, CA",2136,-24
American Airlines,"Pittsburgh, PA","Miami, FL",1013,-29
American Airlines,"Pittsburgh, PA","Phoenix, AZ",1814,5
American Airlines,"Portland, ME","Charlotte, NC",813,-11
American Airlines,"Portland, OR","Chicago, IL",1739,-16
American Airlines,"Portland, OR","Dallas/Fort Worth, TX",1616,8
American Airlines,"Portland, OR","Miami, FL",2700,-28
American Airlines,"Portland, OR","Phoenix, AZ",1010,-22
American Airlines,"Providence, RI","Charlotte, NC",684,-29
American Airlines,"Providence, RI","Charlotte, NC",684,-20
American Airlines,"Providence, RI","Philadelphia, PA",237,-13
American Airlines,"Raleigh/Durham, NC","Charlotte, NC",130,-1
American Airlines,"Raleigh/Durham, NC","Charlotte, NC",130,66
American Airlines,"Raleigh/Durham, NC","Charlotte, NC",130,-2
American Airlines,"Raleigh/Durham, NC","Charlotte, NC",130,-14
American Airlines,"Raleigh/Durham, NC","Miami, FL",700,-14
American Airlines,"Raleigh/Durham, NC","Miami, FL",700,-3
American Airlines,"Raleigh/Durham, NC","Washington, DC",227,-10
American Airlines,"Reno, NV","Dallas/Fort Worth, TX",1345,9
American Airlines,"Reno, NV","Dallas/Fort Worth, TX",1345,-12
American Airlines,"Reno, NV","Dallas/Fort Worth, TX",1345,37
American Airlines,"Reno, NV","Phoenix, AZ",601,2
American Airlines,"Richmond, VA","Charlotte, NC",257,6
American Airlines,"Richmond, VA","Dallas/Fort Worth, TX",1158,59
American Airlines,"Richmond, VA","Dallas/Fort Worth, TX",1158,47
American Airlines,"Rochester, NY","Charlotte, NC",573,-17
American Airlines,"Rochester, NY","Charlotte, NC",573,-11
American Airlines,"Sacramento, CA","Chicago, IL",1781,-10
American Airlines,"Sacramento, CA","Dallas/Fort Worth, TX",1431,953
American Airlines,"Salt Lake City, UT","Chicago, IL",1250,-18
American Airlines,"Salt Lake City, UT","Miami, FL",2088,14
American Airlines,"San Antonio, TX","Dallas/Fort Worth, TX",247,-5
American Airlines,"San Antonio, TX","Dallas/Fort Worth, TX",247,-15
American Airlines,"San Antonio, TX","Dallas/Fort Worth, TX",247,7
American Airlines,"San Antonio, TX","Miami, FL",1143,-28
American Airlines,"San Antonio, TX","Phoenix, AZ",843,-9
American Airlines,"San Antonio, TX","Phoenix, AZ",843,-3
American Airlines,"San Antonio, TX","Phoenix, AZ",843,-19
American Airlines,"San Antonio, TX","Phoenix, AZ",843,-18
American Airlines,"San Diego, CA","Chicago, IL",1723,7
American Airlines,"San Diego, CA","Dallas/Fort Worth, TX",1171,-13
American Airlines,"San Diego, CA","Philadelphia, PA",2370,-13
American Airlines,"San Diego, CA","Phoenix, AZ",304,-21
American Airlines,"San Diego, CA","Phoenix, AZ",304,1
American Airlines,"San Francisco, CA","Charlotte, NC",2296,-25
American Airlines,"San Francisco, CA","Chicago, IL",1846,-26
American Airlines,"San Francisco, CA","Chicago, IL",1846,59
American Airlines,"San Francisco, CA","Chicago, IL",1846,-31
American Airlines,"San Francisco, CA","Dallas/Fort Worth, TX",1464,3
American Airlines,"San Francisco, CA","Dallas/Fort Worth, TX",1464,-14
American Airlines,"San Francisco, CA","New York, NY",2586,-41
American Airlines,"San Francisco, CA","Philadelphia, PA",2522,-19
American Airlines,"San Francisco, CA","Philadelphia, PA",2522,-44
American Airlines,"San Francisco, CA","Phoenix, AZ",651,-2
American Airlines,"San Francisco, CA","Phoenix, AZ",651,-26
American Airlines,"San Francisco, CA","Phoenix, AZ",651,38
American Airlines,"San Jose, CA","Phoenix, AZ",621,95
American Airlines,"San Juan, PR","Charlotte, NC",1475,-30
American Airlines,"San Juan, PR","Charlotte, NC",1475,-26
American Airlines,"San Juan, PR","Miami, FL",1045,-5
American Airlines,"San Juan, PR","Miami, FL",1045,-11
American Airlines,"San Juan, PR","Philadelphia, PA",1576,10
American Airlines,"San Juan, PR","Philadelphia, PA",1576,119
American Airlines,"San Luis Obispo, CA","Dallas/Fort Worth, TX",1360,-17
American Airlines,"Santa Ana, CA","Dallas/Fort Worth, TX",1205,-30
American Airlines,"Santa Ana, CA","Dallas/Fort Worth, TX",1205,67
American Airlines,"Santa Ana, CA","Dallas/Fort Worth, TX",1205,-21
American Airlines,"Santa Ana, CA","Phoenix, AZ",338,-22
American Airlines,"Santa Barbara, CA","Phoenix, AZ",455,-17
American Airlines,"Sarasota/Bradenton, FL","Charlotte, NC",547,-15
American Airlines,"Sarasota/Bradenton, FL","Dallas/Fort Worth, TX",945,6
American Airlines,"Sarasota/Bradenton, FL","Washington, DC",851,-25
American Airlines,"Savannah, GA","Charlotte, NC",213,4
American Airlines,"Seattle, WA","Chicago, IL",1721,-34
American Airlines,"Sioux Falls, SD","Dallas/Fort Worth, TX",737,216
American Airlines,"Spokane, WA","Dallas/Fort Worth, TX",1477,-1
American Airlines,"Spokane, WA","Dallas/Fort Worth, TX",1477,5
American Airlines,"St. Louis, MO","Charlotte, NC",575,-24
American Airlines,"St. Louis, MO","Charlotte, NC",575,244
American Airlines,"St. Louis, MO","Charlotte, NC",575,-23
American Airlines,"St. Louis, MO","Dallas/Fort Worth, TX",550,10
American Airlines,"St. Louis, MO","Miami, FL",1068,-32
American Airlines,"St. Louis, MO","Phoenix, AZ",1262,-17
American Airlines,"Syracuse, NY","Dallas/Fort Worth, TX",1336,-27
American Airlines,"Syracuse, NY","Philadelphia, PA",228,-5
American Airlines,"Tampa, FL","Charlotte, NC",507,-11
American Airlines,"Tampa, FL","Charlotte, NC",507,-23
American Airlines,"Tampa, FL","Charlotte, NC",507,-29
American Airlines,"Tampa, FL","Charlotte, NC",507,3
American Airlines,"Tampa, FL","Chicago, IL",1012,-30
American Airlines,"Tampa, FL","Chicago, IL",1012,4
American Airlines,"Tampa, FL","Dallas/Fort Worth, TX",929,-20
American Airlines,"Tampa, FL","Dallas/Fort Worth, TX",929,9
American Airlines,"Tampa, FL","Dallas/Fort Worth, TX",929,2
American Airlines,"Tampa, FL","Miami, FL",204,-15
American Airlines,"Tampa, FL","Miami, FL",204,-30
American Airlines,"Tampa, FL","Miami, FL",204,1
American Airlines,"Tampa, FL","Philadelphia, PA",920,2
American Airlines,"Tampa, FL","Philadelphia, PA",920,24
American Airlines,"Tampa, FL","Washington, DC",814,-3
American Airlines,"Tucson, AZ","Chicago, IL",1437,-21
American Airlines,"Tucson, AZ","Chicago, IL",1437,-24
American Airlines,"Tucson, AZ","Dallas/Fort Worth, TX",813,-16
American Airlines,"Valparaiso, FL","Dallas/Fort Worth, TX",641,-26
American Airlines,"Washington, DC","Boston, MA",399,184
American Airlines,"Washington, DC","Charlotte, NC",322,-13
American Airlines,"Washington, DC","Charlotte, NC",322,-20
American Airlines,"Washington, DC","Charlotte, NC",322,12
American Airlines,"Washington, DC","Charlotte, NC",331,-32
American Airlines,"Washington, DC","Chicago, IL",612,-4
American Airlines,"Washington, DC","Dallas/Fort Worth, TX",1192,-15
American Airlines,"Washington, DC","Dallas/Fort Worth, TX",1192,-9
American Airlines,"Washington, DC","Dallas/Fort Worth, TX",1192,-31
American Airlines,"Washington, DC","Dallas/Fort Worth, TX",1192,35
American Airlines,"Washington, DC","Fort Lauderdale, FL",899,-35
American Airlines,"Washington, DC","Los Angeles, CA",2311,-9
American Airlines,"Washington, DC","Miami, FL",919,93
American Airlines,"Washington, DC","Miami, FL",919,-6
American Airlines,"Washington, DC","Miami, FL",919,-24
American Airlines,"Washington, DC","Miami, FL",919,10
American Airlines,"Washington, DC","Miami, FL",919,-21
American Airlines,"Washington, DC","Miami, FL",919,-29
American Airlines,"Washington, DC","Orlando, FL",759,-33
American Airlines,"Washington, DC","Orlando, FL",759,-4
American Airlines,"Washington, DC","Orlando, FL",759,-33
American Airlines,"Washington, DC","Orlando, FL",759,251
American Airlines,"Washington, DC","Phoenix, AZ",1979,-25
American Airlines,"Washington, DC","Tampa, FL",814,21
American Airlines,"West Palm Beach/Palm Beach, FL","Charlotte, NC",590,-16
American Airlines,"West Palm Beach/Palm Beach, FL","Dallas/Fort Worth, TX",1102,-18
American Airlines,"Wichita, KS","Dallas/Fort Worth, TX",328,-21
American Airlines,"Wichita, KS","Dallas/Fort Worth, TX",328,-16
American Airlines,"Wilmington, NC","Charlotte, NC",185,-9
American Airlines,"Wilmington, NC","Dallas/Fort Worth, TX",1106,-1
Delta Air Lines,"Anchorage, AK","Salt Lake City, UT",2125,-5
Delta Air Lines,"Appleton, WI","Atlanta, GA",765,9
Delta Air Lines,"Atlanta, GA","Albany, NY",853,-1
Delta Air Lines,"Atlanta, GA","Appleton, WI",765,-5
Delta Air Lines,"Atlanta, GA","Asheville, NC",164,-13
Delta Air Lines,"Atlanta, GA","Asheville, NC",164,-15
Delta Air Lines,"Atlanta, GA","Asheville, NC",164,-10
Delta Air Lines,"Atlanta, GA","Austin, TX",813,35
Delta Air Lines,"Atlanta, GA","Baltimore, MD",577,16
Delta Air Lines,"Atlanta, GA","Baltimore, MD",577,-15
Delta Air Lines,"Atlanta, GA","Baltimore, MD",577,5
Delta Air Lines,"Atlanta, GA","Baltimore, MD",577,127
Delta Air Lines,"Atlanta, GA","Birmingham, AL",134,-8
Delta Air Lines,"Atlanta, GA","Birmingham, AL",134,-9
Delta Air Lines,"Atlanta, GA","Boise, ID",1838,8
Delta Air Lines,"Atlanta, GA","Bozeman, MT",1640,51
Delta Air Lines,"Atlanta, GA","Burlington, VT",961,-11
Delta Air Lines,"Atlanta, GA","Cedar Rapids/Iowa City, IA",694,160
Delta Air Lines,"Atlanta, GA","Charleston, SC",259,-4
Delta Air Lines,"Atlanta, GA","Charlotte, NC",226,1
Delta Air Lines,"Atlanta, GA","Charlotte, NC",226,-22
Delta Air Lines,"Atlanta, GA","Charlotte, NC",226,-7
Delta Air Lines,"Atlanta, GA","Charlotte, NC",226,-14
Delta Air Lines,"Atlanta, GA","Chattanooga, TN",106,36
Delta Air Lines,"Atlanta, GA","Cincinnati, OH",373,-10
Delta Air Lines,"Atlanta, GA","Colorado Springs, CO",1184,16
Delta Air Lines,"Atlanta, GA","Colorado Springs, CO",1184,29
Delta Air Lines,"Atlanta, GA","Columbia, SC",192,-10
Delta Air Lines,"Atlanta, GA","Columbia, SC",192,10
Delta Air Lines,"Atlanta, GA","Columbus, OH",447,-27
Delta Air Lines,"Atlanta, GA","Dallas/Fort Worth, TX",731,-11
Delta Air Lines,"Atlanta, GA","Dallas/Fort Worth, TX",731,-4
Delta Air Lines,"Atlanta, GA","Dayton, OH",432,-11
Delta Air Lines,"Atlanta, GA","Dayton, OH",432,17
Delta Air Lines,"Atlanta, GA","Daytona Beach, FL",366,44
Delta Air Lines,"Atlanta, GA","Daytona Beach, FL",366,-10
Delta Air Lines,"Atlanta, GA","Denver, CO",1199,19
Delta Air Lines,"Atlanta, GA","Denver, CO",1199,-24
Delta Air Lines,"Atlanta, GA","Detroit, MI",594,187
Delta Air Lines,"Atlanta, GA","Detroit, MI",594,22
Delta Air Lines,"Atlanta, GA","Detroit, MI",594,33
Delta Air Lines,"Atlanta, GA","Detroit, MI",594,-10
Delta Air Lines,"Atlanta, GA","Detroit, MI",594,-18
Delta Air Lines,"Atlanta, GA","El Paso, TX",1282,61
Delta Air Lines,"Atlanta, GA","Fort Lauderdale, FL",581,-2
Delta Air Lines,"Atlanta, GA","Fort Lauderdale, FL",581,-7
Delta Air Lines,"Atlanta, GA","Fort Lauderdale, FL",581,-21
Delta Air Lines,"Atlanta, GA","Fort Lauderdale, FL",581,78
Delta Air Lines,"Atlanta, GA","Fort Lauderdale, FL",581,-14
Delta Air Lines,"Atlanta, GA","Fort Myers, FL",515,-4
Delta Air Lines,"Atlanta, GA","Gainesville, FL",300,-24
Delta Air Lines,"Atlanta, GA","Greensboro/High Point, NC",306,2
Delta Air Lines,"Atlanta, GA","Greensboro/High Point, NC",306,-21
Delta Air Lines,"Atlanta, GA","Greensboro/High Point, NC",306,-11
Delta Air Lines,"Atlanta, GA","Greer, SC",153,-5
Delta Air Lines,"Atlanta, GA","Greer, SC",153,-19
Delta Air Lines,"Atlanta, GA","Greer, SC",153,0
Delta Air Lines,"Atlanta, GA","Gulfport/Biloxi, MS",352,-2
Delta Air Lines,"Atlanta, GA","Harrisburg, PA",620,-6
Delta Air Lines,"Atlanta, GA","Harrisburg, PA",620,14
Delta Air Lines,"Atlanta, GA","Hartford, CT",859,-24
Delta Air Lines,"Atlanta, GA","Houston, TX",689,3
Delta Air Lines,"Atlanta, GA","Houston, TX",689,24
Delta Air Lines,"Atlanta, GA","Houston, TX",696,14
Delta Air Lines,"Atlanta, GA","Houston, TX",696,-11
Delta Air Lines,"Atlanta, GA","Houston, TX",696,-10
Delta Air Lines,"Atlanta, GA","Jacksonville, FL",269,2
Delta Air Lines,"Atlanta, GA","Jacksonville, FL",269,45
Delta Air Lines,"Atlanta, GA","Jacksonville, FL",269,43
Delta Air Lines,"Atlanta, GA","Jacksonville, FL",269,73
Delta Air Lines,"Atlanta, GA","Jacksonville, FL",269,-4
Delta Air Lines,"Atlanta, GA","Jacksonville, FL",269,106
Delta Air Lines,"Atlanta, GA","Kansas City, MO",692,-8
Delta Air Lines,"Atlanta, GA","Kansas City, MO",692,3
Delta Air Lines,"Atlanta, GA","Kansas City, MO",692,-9
Delta Air Lines,"Atlanta, GA","Knoxville, TN",152,-1
Delta Air Lines,"Atlanta, GA","Las Vegas, NV",1747,-8
Delta Air Lines,"Atlanta, GA","Lexington, KY",304,129
Delta Air Lines,"Atlanta, GA","Lexington, KY",304,21
Delta Air Lines,"Atlanta, GA","Los Angeles, CA",1947,-6
Delta Air Lines,"Atlanta, GA","Los Angeles, CA",1947,-2
Delta Air Lines,"Atlanta, GA","Louisville, KY",321,-13
Delta Air Lines,"Atlanta, GA","Madison, WI",707,-16
Delta Air Lines,"Atlanta, GA","Madison, WI",707,-15
Delta Air Lines,"Atlanta, GA","Memphis, TN",332,-12
Delta Air Lines,"Atlanta, GA","Memphis, TN",332,-13
Delta Air Lines,"Atlanta, GA","Memphis, TN",332,-16
Delta Air Lines,"Atlanta, GA","Miami, FL",594,80
Delta Air Lines,"Atlanta, GA","Miami, FL",594,60
Delta Air Lines,"Atlanta, GA","Miami, FL",594,-13
Delta Air Lines,"Atlanta, GA","Miami, FL",594,-9
Delta Air Lines,"Atlanta, GA","Minneapolis, MN",907,-13
Delta Air Lines,"Atlanta, GA","Myrtle Beach, SC",317,-13
Delta Air Lines,"Atlanta, GA","Myrtle Beach, SC",317,-1
Delta Air Lines,"Atlanta, GA","Myrtle Beach, SC",317,19
Delta Air Lines,"Atlanta, GA","Myrtle Beach, SC",317,-5
Delta Air Lines,"Atlanta, GA","Nashville, TN",214,-14
Delta Air Lines,"Atlanta, GA","Nashville, TN",214,9
Delta Air Lines,"Atlanta, GA","Nashville, TN",214,-6
Delta Air Lines,"Atlanta, GA","Nashville, TN",214,68
Delta Air Lines,"Atlanta, GA","Nashville, TN",214,-16
Delta Air Lines,"Atlanta, GA","New Orleans, LA",425,-18
Delta Air Lines,"Atlanta, GA","New York, NY",760,18
Delta Air Lines,"Atlanta, GA","New York, NY",762,50
Delta Air Lines,"Atlanta, GA","New York, NY",762,59
Delta Air Lines,"Atlanta, GA","New York, NY",762,32
Delta Air Lines,"Atlanta, GA","New York, NY",762,-6
Delta Air Lines,"Atlanta, GA","Newark, NJ",746,-8
Delta Air Lines,"Atlanta, GA","Norfolk, VA",516,-16
Delta Air Lines,"Atlanta, GA","Norfolk, VA",516,3
Delta Air Lines,"Atlanta, GA","Norfolk, VA",516,64
Delta Air Lines,"Atlanta, GA","Oklahoma City, OK",761,165
Delta Air Lines,"Atlanta, GA","Omaha, NE",821,19
Delta Air Lines,"Atlanta, GA","Omaha, NE",821,-8
Delta Air Lines,"Atlanta, GA","Omaha, NE",821,-13
Delta Air Lines,"Atlanta, GA","Omaha, NE",821,-8
Delta Air Lines,"Atlanta, GA","Orlando, FL",404,30
Delta Air Lines,"Atlanta, GA","Orlando, FL",404,-7
Delta Air Lines,"Atlanta, GA","Panama City, FL",240,-14
Delta Air Lines,"Atlanta, GA","Pensacola, FL",272,-4
Delta Air Lines,"Atlanta, GA","Philadelphia, PA",666,-14
Delta Air Lines,"Atlanta, GA","Philadelphia, PA",666,-4
Delta Air Lines,"Atlanta, GA","Pittsburgh, PA",526,-13
Delta Air Lines,"Atlanta, GA","Pittsburgh, PA",526,-9
Delta Air Lines,"Atlanta, GA","Pittsburgh, PA",526,-9
Delta Air Lines,"Atlanta, GA","Portland, ME",1027,47
Delta Air Lines,"Atlanta, GA","Portland, OR",2172,-18
Delta Air Lines,"Atlanta, GA","Raleigh/Durham, NC",356,0
Delta Air Lines,"Atlanta, GA","Raleigh/Durham, NC",356,-15
Delta Air Lines,"Atlanta, GA","Salt Lake City, UT",1590,-9
Delta Air Lines,"Atlanta, GA","San Diego, CA",1892,4
Delta Air Lines,"Atlanta, GA","San Francisco, CA",2139,7
Delta Air Lines,"Atlanta, GA","San Francisco, CA",2139,1
Delta Air Lines,"Atlanta, GA","San Jose, CA",2116,50
Delta Air Lines,"Atlanta, GA","San Juan, PR",1547,-17
Delta Air Lines,"Atlanta, GA","San Juan, PR",1547,-16
Delta Air Lines,"Atlanta, GA","Savannah, GA",215,-10
Delta Air Lines,"Atlanta, GA","Seattle, WA",2182,9
Delta Air Lines,"Atlanta, GA","St. Louis, MO",484,4
Delta Air Lines,"Atlanta, GA","St. Louis, MO",484,-7
Delta Air Lines,"Atlanta, GA","St. Louis, MO",484,-15
Delta Air Lines,"Atlanta, GA","St. Louis, MO",484,-23
Delta Air Lines,"Atlanta, GA","Tallahassee, FL",223,28
Delta Air Lines,"Atlanta, GA","Tallahassee, FL",223,62
Delta Air Lines,"Atlanta, GA","Tampa, FL",406,-10
Delta Air Lines,"Atlanta, GA","Tampa, FL",406,109
Delta Air Lines,"Atlanta, GA","Tucson, AZ",1541,4
Delta Air Lines,"Atlanta, GA","Tucson, AZ",1541,-10
Delta Air Lines,"Atlanta, GA","Tulsa, OK",674,2
Delta Air Lines,"Atlanta, GA","Tulsa, OK",674,-10
Delta Air Lines,"Atlanta, GA","Tulsa, OK",674,-18
Delta Air Lines,"Atlanta, GA","Tulsa, OK",674,-15
Delta Air Lines,"Atlanta, GA","Valparaiso, FL",250,2
Delta Air Lines,"Atlanta, GA","Valparaiso, FL",250,40
Delta Air Lines,"Atlanta, GA","Valparaiso, FL",250,4
Delta Air Lines,"Atlanta, GA","Washington, DC",534,-6
Delta Air Lines,"Atlanta, GA","Washington, DC",534,26
Delta Air Lines,"Atlanta, GA","Washington, DC",547,106
Delta Air Lines,"Atlanta, GA","Washington, DC",547,-19
Delta Air Lines,"Atlanta, GA","Washington, DC",547,28
Delta Air Lines,"Atlanta, GA","Washington, DC",547,10
Delta Air Lines,"Atlanta, GA","West Palm Beach/Palm Beach, FL",545,58
Delta Air Lines,"Atlanta, GA","West Palm Beach/Palm Beach, FL",545,28
Delta Air Lines,"Atlanta, GA","Wichita, KS",782,-14
Delta Air Lines,"Atlanta, GA","Wilmington, NC",377,-22
Delta Air Lines,"Atlanta, GA","Wilmington, NC",377,-4
Delta Air Lines,"Austin, TX","Atlanta, GA",813,23
Delta Air Lines,"Austin, TX","Boston, MA",1698,2
Delta Air Lines,"Austin, TX","Detroit, MI",1149,-26
Delta Air Lines,"Austin, TX","Los Angeles, CA",1242,8
Delta Air Lines,"Austin, TX","Minneapolis, MN",1042,-24
Delta Air Lines,"Austin, TX","New York, NY",1521,25
Delta Air Lines,"Austin, TX","New York, NY",1521,-22
Delta Air Lines,"Austin, TX","Salt Lake City, UT",1086,-9
Delta Air Lines,"Austin, TX","Seattle, WA",1770,85
Delta Air Lines,"Austin, TX","Seattle, WA",1770,-22
Delta Air Lines,"Baltimore, MD","Atlanta, GA",577,3
Delta Air Lines,"Baltimore, MD","Atlanta, GA",577,11
Delta Air Lines,"Baltimore, MD","Detroit, MI",409,-20
Delta Air Lines,"Baltimore, MD","Minneapolis, MN",936,2
Delta Air Lines,"Birmingham, AL","Atlanta, GA",134,-15
Delta Air Lines,"Birmingham, AL","Atlanta, GA",134,8
Delta Air Lines,"Birmingham, AL","Atlanta, GA",134,-20
Delta Air Lines,"Birmingham, AL","Atlanta, GA",134,-16
Delta Air Lines,"Boise, ID","Minneapolis, MN",1142,-35
Delta Air Lines,"Boston, MA","Atlanta, GA",946,-15
Delta Air Lines,"Boston, MA","Atlanta, GA",946,25
Delta Air Lines,"Boston, MA","Atlanta, GA",946,9
Delta Air Lines,"Boston, MA","Atlanta, GA",946,12
Delta Air Lines,"Boston, MA","Chicago, IL",867,56
Delta Air Lines,"Boston, MA","Dallas/Fort Worth, TX",1562,12
Delta Air Lines,"Boston, MA","Denver, CO",1754,-14
Delta Air Lines,"Boston, MA","Detroit, MI",632,-11
Delta Air Lines,"Boston, MA","Detroit, MI",632,8
Delta Air Lines,"Boston, MA","Fort Lauderdale, FL",1237,-9
Delta Air Lines,"Boston, MA","Fort Myers, FL",1249,-10
Delta Air Lines,"Boston, MA","Fort Myers, FL",1249,-5
Delta Air Lines,"Boston, MA","Kansas City, MO",1256,2
Delta Air Lines,"Boston, MA","Miami, FL",1258,-18
Delta Air Lines,"Boston, MA","Minneapolis, MN",1124,3
Delta Air Lines,"Boston, MA","New Orleans, LA",1367,-24
Delta Air Lines,"Boston, MA","Phoenix, AZ",2300,-15
Delta Air Lines,"Boston, MA","Raleigh/Durham, NC",612,-24
Delta Air Lines,"Boston, MA","Raleigh/Durham, NC",612,-36
Delta Air Lines,"Boston, MA","San Diego, CA",2588,-3
Delta Air Lines,"Boston, MA","San Francisco, CA",2704,35
Delta Air Lines,"Boston, MA","Seattle, WA",2496,14
Delta Air Lines,"Boston, MA","Seattle, WA",2496,7
Delta Air Lines,"Bozeman, MT","Minneapolis, MN",874,-14
Delta Air Lines,"Bristol/Johnson City/Kingsport, TN","Atlanta, GA",227,6
Delta Air Lines,"Bristol/Johnson City/Kingsport, TN","Atlanta, GA",227,-13
Delta Air Lines,"Buffalo, NY","Atlanta, GA",712,-16
Delta Air Lines,"Buffalo, NY","Detroit, MI",241,20
Delta Air Lines,"Cedar Rapids/Iowa City, IA","Atlanta, GA",694,-23
Delta Air Lines,"Charleston, SC","Minneapolis, MN",1087,-14
Delta Air Lines,"Charlotte Amalie, VI","Atlanta, GA",1599,-19
Delta Air Lines,"Charlotte, NC","Atlanta, GA",226,-1
Delta Air Lines,"Charlotte, NC","Minneapolis, MN",930,-12
Delta Air Lines,"Chattanooga, TN","Atlanta, GA",106,9
Delta Air Lines,"Chicago, IL","Atlanta, GA",591,11
Delta Air Lines,"Chicago, IL","Atlanta, GA",591,-28
Delta Air Lines,"Chicago, IL","Atlanta, GA",606,-4
Delta Air Lines,"Chicago, IL","Atlanta, GA",606,-20
Delta Air Lines,"Chicago, IL","Boston, MA",867,50
Delta Air Lines,"Chicago, IL","Detroit, MI",235,24
Delta Air Lines,"Chicago, IL","Detroit, MI",235,-4
Delta Air Lines,"Chicago, IL","New York, NY",733,47
Delta Air Lines,"Chicago, IL","Seattle, WA",1721,5
Delta Air Lines,"Cincinnati, OH","Atlanta, GA",373,-10
Delta Air Lines,"Cincinnati, OH","Atlanta, GA",373,46
Delta Air Lines,"Cincinnati, OH","Atlanta, GA",373,-12
Delta Air Lines,"Cincinnati, OH","Atlanta, GA",373,-11
Delta Air Lines,"Cincinnati, OH","Fort Lauderdale, FL",932,-5
Delta Air Lines,"Cincinnati, OH","Los Angeles, CA",1900,11
Delta Air Lines,"Cincinnati, OH","Minneapolis, MN",596,-24
Delta Air Lines,"Cincinnati, OH","Salt Lake City, UT",1450,10
Delta Air Lines,"Cincinnati, OH","Seattle, WA",1965,6
Delta Air Lines,"Cleveland, OH","Minneapolis, MN",622,-22
Delta Air Lines,"Colorado Springs, CO","Atlanta, GA",1184,-8
Delta Air Lines,"Columbia, SC","Atlanta, GA",192,-7
Delta Air Lines,"Dallas, TX","Atlanta, GA",721,59
Delta Air Lines,"Dallas, TX","Atlanta, GA",721,-14
Delta Air Lines,"Dallas/Fort Worth, TX","Atlanta, GA",731,21
Delta Air Lines,"Dallas/Fort Worth, TX","Atlanta, GA",731,-12
Delta Air Lines,"Dallas/Fort Worth, TX","Boston, MA",1562,-42
Delta Air Lines,"Dallas/Fort Worth, TX","Boston, MA",1562,-16
Delta Air Lines,"Dallas/Fort Worth, TX","Minneapolis, MN",852,-15
Delta Air Lines,"Dallas/Fort Worth, TX","New York, NY",1389,-10
Delta Air Lines,"Dallas/Fort Worth, TX","New York, NY",1389,-12
Delta Air Lines,"Dayton, OH","Atlanta, GA",432,-23
Delta Air Lines,"Dayton, OH","Atlanta, GA",432,-8
Delta Air Lines,"Dayton, OH","Atlanta, GA",432,-38
Delta Air Lines,"Daytona Beach, FL","Atlanta, GA",366,-19
Delta Air Lines,"Daytona Beach, FL","Atlanta, GA",366,-18
Delta Air Lines,"Denver, CO","Atlanta, GA",1199,2
Delta Air Lines,"Denver, CO","Atlanta, GA",1199,3
Delta Air Lines,"Denver, CO","Atlanta, GA",1199,-8
Delta Air Lines,"Denver, CO","Boston, MA",1754,-1
Delta Air Lines,"Denver, CO","Los Angeles, CA",862,-18
Delta Air Lines,"Denver, CO","Los Angeles, CA",862,-13
Delta Air Lines,"Denver, CO","Salt Lake City, UT",391,-20
Delta Air Lines,"Denver, CO","Seattle, WA",1024,-2
Delta Air Lines,"Denver, CO","Seattle, WA",1024,-15
Delta Air Lines,"Denver, CO","Seattle, WA",1024,-20
Delta Air Lines,"Des Moines, IA","Atlanta, GA",743,-18
Delta Air Lines,"Detroit, MI","Atlanta, GA",594,25
Delta Air Lines,"Detroit, MI","Atlanta, GA",594,24
Delta Air Lines,"Detroit, MI","Austin, TX",1149,-11
Delta Air Lines,"Detroit, MI","Baltimore, MD",409,70
Delta Air Lines,"Detroit, MI","Baltimore, MD",409,-12
Delta Air Lines,"Detroit, MI","Boston, MA",632,-5
Delta Air Lines,"Detroit, MI","Charleston, SC",667,16
Delta Air Lines,"Detroit, MI","Charlotte, NC",500,2
Delta Air Lines,"Detroit, MI","Chicago, IL",235,-5
Delta Air Lines,"Detroit, MI","Dallas/Fort Worth, TX",986,-9
Delta Air Lines,"Detroit, MI","Dallas/Fort Worth, TX",986,9
Delta Air Lines,"Detroit, MI","Denver, CO",1123,-8
Delta Air Lines,"Detroit, MI","Fort Lauderdale, FL",1127,-8
Delta Air Lines,"Detroit, MI","Greer, SC",508,-10
Delta Air Lines,"Detroit, MI","Hartford, CT",549,-15
Delta Air Lines,"Detroit, MI","Hartford, CT",549,38
Delta Air Lines,"Detroit, MI","Kansas City, MO",629,-13
Delta Air Lines,"Detroit, MI","Las Vegas, NV",1749,-9
Delta Air Lines,"Detroit, MI","Los Angeles, CA",1979,18
Delta Air Lines,"Detroit, MI","Los Angeles, CA",1979,-12
Delta Air Lines,"Detroit, MI","Los Angeles, CA",1979,64
Delta Air Lines,"Detroit, MI","Milwaukee, WI",237,-21
Delta Air Lines,"Detroit, MI","New Orleans, LA",926,9
Delta Air Lines,"Detroit, MI","New Orleans, LA",926,23
Delta Air Lines,"Detroit, MI","New York, NY",502,8
Delta Air Lines,"Detroit, MI","New York, NY",502,0
Delta Air Lines,"Detroit, MI","New York, NY",509,-22
Delta Air Lines,"Detroit, MI","Newark, NJ",488,0
Delta Air Lines,"Detroit, MI","Newark, NJ",488,-2
Delta Air Lines,"Detroit, MI","Norfolk, VA",529,-9
Delta Air Lines,"Detroit, MI","Orlando, FL",957,173
Delta Air Lines,"Detroit, MI","Orlando, FL",957,-18
Delta Air Lines,"Detroit, MI","Orlando, FL",957,4
Delta Air Lines,"Detroit, MI","Philadelphia, PA",453,16
Delta Air Lines,"Detroit, MI","Phoenix, AZ",1671,16
Delta Air Lines,"Detroit, MI","Portland, OR",1953,42
Delta Air Lines,"Detroit, MI","Raleigh/Durham, NC",501,26
Delta Air Lines,"Detroit, MI","Raleigh/Durham, NC",501,-5
Delta Air Lines,"Detroit, MI","Sacramento, CA",2013,-24
Delta Air Lines,"Detroit, MI","Salt Lake City, UT",1481,-1
Delta Air Lines,"Detroit, MI","San Antonio, TX",1214,26
Delta Air Lines,"Detroit, MI","Seattle, WA",1927,43
Delta Air Lines,"Detroit, MI","St. Louis, MO",440,-7
Delta Air Lines,"Detroit, MI","Washington, DC",405,-16
Delta Air Lines,"Detroit, MI","Washington, DC",405,14
Delta Air Lines,"Detroit, MI","West Palm Beach/Palm Beach, FL",1086,-15
Delta Air Lines,"Fort Lauderdale, FL","Atlanta, GA",581,-23
Delta Air Lines,"Fort Lauderdale, FL","Atlanta, GA",581,-24
Delta Air Lines,"Fort Lauderdale, FL","Cincinnati, OH",932,-26
Delta Air Lines,"Fort Lauderdale, FL","Detroit, MI",1127,12
Delta Air Lines,"Fort Lauderdale, FL","Detroit, MI",1127,-12
Delta Air Lines,"Fort Lauderdale, FL","Detroit, MI",1127,-16
Delta Air Lines,"Fort Lauderdale, FL","New York, NY",1069,-9
Delta Air Lines,"Fort Lauderdale, FL","New York, NY",1069,-13
Delta Air Lines,"Fort Lauderdale, FL","Raleigh/Durham, NC",680,-3
Delta Air Lines,"Fort Lauderdale, FL","Raleigh/Durham, NC",680,265
Delta Air Lines,"Fort Myers, FL","Atlanta, GA",515,-19
Delta Air Lines,"Fort Myers, FL","Boston, MA",1249,-5
Delta Air Lines,"Fort Myers, FL","Cincinnati, OH",879,-5
Delta Air Lines,"Fort Myers, FL","Minneapolis, MN",1416,-15
Delta Air Lines,"Fort Myers, FL","Minneapolis, MN",1416,-6
Delta Air Lines,"Fort Myers, FL","New York, NY",1074,-17
Delta Air Lines,"Fort Myers, FL","New York, NY",1074,-28
Delta Air Lines,"Gainesville, FL","Atlanta, GA",300,-9
Delta Air Lines,"Grand Rapids, MI","Atlanta, GA",640,-31
Delta Air Lines,"Greensboro/High Point, NC","Atlanta, GA",306,53
Delta Air Lines,"Greer, SC","Atlanta, GA",153,-4
Delta Air Lines,"Gulfport/Biloxi, MS","Atlanta, GA",352,-19
Delta Air Lines,"Harrisburg, PA","Atlanta, GA",620,-28
Delta Air Lines,"Harrisburg, PA","Atlanta, GA",620,-17
Delta Air Lines,"Harrisburg, PA","Atlanta, GA",620,-17
Delta Air Lines,"Hartford, CT","Atlanta, GA",859,-10
Delta Air Lines,"Hartford, CT","Detroit, MI",549,-12
Delta Air Lines,"Honolulu, HI","Seattle, WA",2677,28
Delta Air Lines,"Houston, TX","Atlanta, GA",689,-28
Delta Air Lines,"Houston, TX","Atlanta, GA",689,2
Delta Air Lines,"Houston, TX","Atlanta, GA",689,6
Delta Air Lines,"Houston, TX","Atlanta, GA",696,6
Delta Air Lines,"Houston, TX","Atlanta, GA",696,24
Delta Air Lines,"Houston, TX","Detroit, MI",1075,16
Delta Air Lines,"Houston, TX","Detroit, MI",1075,-6
Delta Air Lines,"Houston, TX","Los Angeles, CA",1379,-17
Delta Air Lines,"Houston, TX","Los Angeles, CA",1379,-19
Delta Air Lines,"Houston, TX","Los Angeles, CA",1379,-2
Delta Air Lines,"Houston, TX","New York, NY",1416,-5
Delta Air Lines,"Houston, TX","Salt Lake City, UT",1195,-12
Delta Air Lines,"Huntsville, AL","Atlanta, GA",151,-20
Delta Air Lines,"Huntsville, AL","Atlanta, GA",151,-7
Delta Air Lines,"Huntsville, AL","Atlanta, GA",151,-13
Delta Air Lines,"Indianapolis, IN","Atlanta, GA",432,14
Delta Air Lines,"Indianapolis, IN","Atlanta, GA",432,-14
Delta Air Lines,"Indianapolis, IN","Atlanta, GA",432,6
Delta Air Lines,"Indianapolis, IN","Atlanta, GA",432,355
Delta Air Lines,"Indianapolis, IN","Atlanta, GA",432,-27
Delta Air Lines,"Indianapolis, IN","Minneapolis, MN",503,-6
Delta Air Lines,"Jackson/Vicksburg, MS","Atlanta, GA",340,-23
Delta Air Lines,"Jackson/Vicksburg, MS","Atlanta, GA",340,-12
Delta Air Lines,"Jacksonville, FL","Atlanta, GA",269,-13
Delta Air Lines,"Jacksonville, FL","Detroit, MI",813,-13
Delta Air Lines,"Kahului, HI","Los Angeles, CA",2485,-2
Delta Air Lines,"Kalispell, MT","Salt Lake City, UT",532,47
Delta Air Lines,"Kansas City, MO","Atlanta, GA",692,-22
Delta Air Lines,"Kansas City, MO","Boston, MA",1256,-30
Delta Air Lines,"Kansas City, MO","Detroit, MI",629,-23
Delta Air Lines,"Kansas City, MO","Los Angeles, CA",1363,-12
Delta Air Lines,"Kansas City, MO","Salt Lake City, UT",920,-17
Delta Air Lines,"Kansas City, MO","Salt Lake City, UT",920,-30
Delta Air Lines,"Kansas City, MO","Salt Lake City, UT",920,-34
Delta Air Lines,"Kona, HI","Los Angeles, CA",2504,-2
Delta Air Lines,"Las Vegas, NV","Atlanta, GA",1747,-14
Delta Air Lines,"Las Vegas, NV","Atlanta, GA",1747,-8
Delta Air Lines,"Las Vegas, NV","Atlanta, GA",1747,9
Delta Air Lines,"Las Vegas, NV","Cincinnati, OH",1678,-17
Delta Air Lines,"Las Vegas, NV","Detroit, MI",1749,-5
Delta Air Lines,"Las Vegas, NV","Detroit, MI",1749,72
Delta Air Lines,"Las Vegas, NV","Detroit, MI",1749,-5
Delta Air Lines,"Las Vegas, NV","Detroit, MI",1749,306
Delta Air Lines,"Las Vegas, NV","Los Angeles, CA",236,3
Delta Air Lines,"Las Vegas, NV","Minneapolis, MN",1299,-29
Delta Air Lines,"Las Vegas, NV","Raleigh/Durham, NC",2026,130
Delta Air Lines,"Las Vegas, NV","Salt Lake City, UT",368,105
Delta Air Lines,"Little Rock, AR","Atlanta, GA",453,-20
Delta Air Lines,"Little Rock, AR","Atlanta, GA",453,-27
Delta Air Lines,"Los Angeles, CA","Atlanta, GA",1947,30
Delta Air Lines,"Los Angeles, CA","Atlanta, GA",1947,-3
Delta Air Lines,"Los Angeles, CA","Austin, TX",1242,186
Delta Air Lines,"Los Angeles, CA","Austin, TX",1242,-23
Delta Air Lines,"Los Angeles, CA","Austin, TX",1242,19
Delta Air Lines,"Los Angeles, CA","Denver, CO",862,-14
Delta Air Lines,"Los Angeles, CA","Detroit, MI",1979,19
Delta Air Lines,"Los Angeles, CA","Detroit, MI",1979,-1
Delta Air Lines,"Los Angeles, CA","Honolulu, HI",2556,-28
Delta Air Lines,"Los Angeles, CA","Honolulu, HI",2556,1
Delta Air Lines,"Los Angeles, CA","Houston, TX",1379,70
Delta Air Lines,"Los Angeles, CA","Kansas City, MO",1363,-9
Delta Air Lines,"Los Angeles, CA","Las Vegas, NV",236,9
Delta Air Lines,"Los Angeles, CA","Las Vegas, NV",236,21
Delta Air Lines,"Los Angeles, CA","Las Vegas, NV",236,4
Delta Air Lines,"Los Angeles, CA","Las Vegas, NV",236,-11
Delta Air Lines,"Los Angeles, CA","Lihue, HI",2615,-10
Delta Air Lines,"Los Angeles, CA","Minneapolis, MN",1535,-13
Delta Air Lines,"Los Angeles, CA","Minneapolis, MN",1535,-8
Delta Air Lines,"Los Angeles, CA","Nashville, TN",1798,20
Delta Air Lines,"Los Angeles, CA","Nashville, TN",1798,-15
Delta Air Lines,"Los Angeles, CA","New Orleans, LA",1671,10
Delta Air Lines,"Los Angeles, CA","New Orleans, LA",1671,-16
Delta Air Lines,"Los Angeles, CA","New York, NY",2475,87
Delta Air Lines,"Los Angeles, CA","New York, NY",2475,-20
Delta Air Lines,"Los Angeles, CA","Orlando, FL",2218,34
Delta Air Lines,"Los Angeles, CA","Portland, OR",833,-6
Delta Air Lines,"Los Angeles, CA","Portland, OR",833,10
Delta Air Lines,"Los Angeles, CA","Salt Lake City, UT",590,-5
Delta Air Lines,"Los Angeles, CA","San Antonio, TX",1211,-10
Delta Air Lines,"Los Angeles, CA","San Francisco, CA",337,33
Delta Air Lines,"Los Angeles, CA","San Francisco, CA",337,27
Delta Air Lines,"Los Angeles, CA","San Francisco, CA",337,0
Delta Air Lines,"Los Angeles, CA","San Jose, CA",308,-18
Delta Air Lines,"Los Angeles, CA","San Jose, CA",308,-23
Delta Air Lines,"Los Angeles, CA","Seattle, WA",954,-23
Delta Air Lines,"Los Angeles, CA","Seattle, WA",954,25
Delta Air Lines,"Louisville, KY","Atlanta, GA",321,2
Delta Air Lines,"Louisville, KY","Atlanta, GA",321,93
Delta Air Lines,"Louisville, KY","Atlanta, GA",321,-23
Delta Air Lines,"Melbourne, FL","Atlanta, GA",443,10
Delta Air Lines,"Memphis, TN","Los Angeles, CA",1619,3
Delta Air Lines,"Miami, FL","Atlanta, GA",594,47
Delta Air Lines,"Miami, FL","Atlanta, GA",594,-17
Delta Air Lines,"Miami, FL","Atlanta, GA",594,10
Delta Air Lines,"Miami, FL","Los Angeles, CA",2342,-5
Delta Air Lines,"Milwaukee, WI","Atlanta, GA",669,-22
Delta Air Lines,"Milwaukee, WI","Detroit, MI",237,-22
Delta Air Lines,"Milwaukee, WI","Detroit, MI",237,34
Delta Air Lines,"Minneapolis, MN","Atlanta, GA",907,32
Delta Air Lines,"Minneapolis, MN","Atlanta, GA",907,-14
Delta Air Lines,"Minneapolis, MN","Atlanta, GA",907,68
Delta Air Lines,"Minneapolis, MN","Atlanta, GA",907,-15
Delta Air Lines,"Minneapolis, MN","Atlanta, GA",907,75
Delta Air Lines,"Minneapolis, MN","Austin, TX",1042,46
Delta Air Lines,"Minneapolis, MN","Baltimore, MD",936,-15
Delta Air Lines,"Minneapolis, MN","Boise, ID",1142,5
Delta Air Lines,"Minneapolis, MN","Boston, MA",1124,-13
Delta Air Lines,"Minneapolis, MN","Bozeman, MT",874,-9
Delta Air Lines,"Minneapolis, MN","Charlotte, NC",930,-25
Delta Air Lines,"Minneapolis, MN","Cleveland, OH",622,0
Delta Air Lines,"Minneapolis, MN","Denver, CO",680,5
Delta Air Lines,"Minneapolis, MN","Denver, CO",680,-17
Delta Air Lines,"Minneapolis, MN","Detroit, MI",528,-11
Delta Air Lines,"Minneapolis, MN","Fargo, ND",223,0
Delta Air Lines,"Minneapolis, MN","Harlingen/San Benito, TX",1310,26
Delta Air Lines,"Minneapolis, MN","Hartford, CT",1050,57
Delta Air Lines,"Minneapolis, MN","Hartford, CT",1050,50
Delta Air Lines,"Minneapolis, MN","Los Angeles, CA",1535,-9
Delta Air Lines,"Minneapolis, MN","Milwaukee, WI",297,-8
Delta Air Lines,"Minneapolis, MN","Milwaukee, WI",297,-10
Delta Air Lines,"Minneapolis, MN","New Orleans, LA",1040,-10
Delta Air Lines,"Minneapolis, MN","New York, NY",1020,0
Delta Air Lines,"Minneapolis, MN","New York, NY",1029,-17
Delta Air Lines,"Minneapolis, MN","Newark, NJ",1008,0
Delta Air Lines,"Minneapolis, MN","Newark, NJ",1008,-10
Delta Air Lines,"Minneapolis, MN","Phoenix, AZ",1276,-9
Delta Air Lines,"Minneapolis, MN","Phoenix, AZ",1276,-11
Delta Air Lines,"Minneapolis, MN","Portland, OR",1426,-5
Delta Air Lines,"Minneapolis, MN","Raleigh/Durham, NC",980,-20
Delta Air Lines,"Minneapolis, MN","Raleigh/Durham, NC",980,16
Delta Air Lines,"Minneapolis, MN","Sacramento, CA",1517,7
Delta Air Lines,"Minneapolis, MN","Sacramento, CA",1517,-11
Delta Air Lines,"Minneapolis, MN","San Diego, CA",1532,-6
Delta Air Lines,"Minneapolis, MN","San Diego, CA",1532,-3
Delta Air Lines,"Minneapolis, MN","San Francisco, CA",1589,31
Delta Air Lines,"Minneapolis, MN","Seattle, WA",1399,37
Delta Air Lines,"Minneapolis, MN","St. Louis, MO",448,-18
Delta Air Lines,"Minneapolis, MN","Syracuse, NY",860,-10
Delta Air Lines,"Minneapolis, MN","Tampa, FL",1306,-19
Delta Air Lines,"Minneapolis, MN","Valparaiso, FL",1058,-4
Delta Air Lines,"Minneapolis, MN","Washington, DC",931,30
Delta Air Lines,"Minneapolis, MN","Washington, DC",931,5
Delta Air Lines,"Minneapolis, MN","Washington, DC",931,46
Delta Air Lines,"Minneapolis, MN","Washington, DC",931,-21
Delta Air Lines,"Missoula, MT","Minneapolis, MN",1013,-33
Delta Air Lines,"Missoula, MT","Minneapolis, MN",1013,-4
Delta Air Lines,"Mobile, AL","Atlanta, GA",302,-30
Delta Air Lines,"Myrtle Beach, SC","Detroit, MI",636,-18
Delta Air Lines,"Myrtle Beach, SC","Detroit, MI",636,-17
Delta Air Lines,"Nashville, TN","Atlanta, GA",214,-20
Delta Air Lines,"Nashville, TN","Detroit, MI",456,-9
Delta Air Lines,"Nashville, TN","Detroit, MI",456,-6
Delta Air Lines,"Nashville, TN","Detroit, MI",456,0
Delta Air Lines,"Nashville, TN","Los Angeles, CA",1798,164
Delta Air Lines,"Nashville, TN","Minneapolis, MN",695,-3
Delta Air Lines,"Nashville, TN","Minneapolis, MN",695,-14
Delta Air Lines,"Nashville, TN","New York, NY",764,-21
Delta Air Lines,"Nashville, TN","Salt Lake City, UT",1404,19
Delta Air Lines,"Nashville, TN","Seattle, WA",1978,13
Delta Air Lines,"Nashville, TN","Seattle, WA",1978,-15
Delta Air Lines,"New Orleans, LA","Atlanta, GA",425,70
Delta Air Lines,"New Orleans, LA","Atlanta, GA",425,-9
Delta Air Lines,"New Orleans, LA","Boston, MA",1367,11
Delta Air Lines,"New Orleans, LA","New York, NY",1182,144
Delta Air Lines,"New Orleans, LA","Salt Lake City, UT",1429,-7
Delta Air Lines,"New York, NY","Atlanta, GA",760,-13
Delta Air Lines,"New York, NY","Atlanta, GA",760,-11
Delta Air Lines,"New York, NY","Atlanta, GA",762,7
Delta Air Lines,"New York, NY","Atlanta, GA",762,-6
Delta Air Lines,"New York, NY","Austin, TX",1521,-2
Delta Air Lines,"New York, NY","Austin, TX",1521,19
Delta Air Lines,"New York, NY","Chicago, IL",733,42
Delta Air Lines,"New York, NY","Chicago, IL",733,-13
Delta Air Lines,"New York, NY","Denver, CO",1620,-22
Delta Air Lines,"New York, NY","Denver, CO",1626,-1
Delta Air Lines,"New York, NY","Detroit, MI",502,-18
Delta Air Lines,"New York, NY","Detroit, MI",509,-4
Delta Air Lines,"New York, NY","Fort Lauderdale, FL",1069,-5
Delta Air Lines,"New York, NY","Fort Lauderdale, FL",1069,-1
Delta Air Lines,"New York, NY","Fort Myers, FL",1074,-3
Delta Air Lines,"New York, NY","Houston, TX",1417,-7
Delta Air Lines,"New York, NY","Kansas City, MO",1107,-32
Delta Air Lines,"New York, NY","Las Vegas, NV",2248,8
Delta Air Lines,"New York, NY","Los Angeles, CA",2475,12
Delta Air Lines,"New York, NY","Miami, FL",1089,-2
Delta Air Lines,"New York, NY","Miami, FL",1089,-14
Delta Air Lines,"New York, NY","Miami, FL",1096,-1
Delta Air Lines,"New York, NY","Minneapolis, MN",1020,-13
Delta Air Lines,"New York, NY","Minneapolis, MN",1020,-31
Delta Air Lines,"New York, NY","Minneapolis, MN",1020,-24
Delta Air Lines,"New York, NY","Minneapolis, MN",1029,0
Delta Air Lines,"New York, NY","Minneapolis, MN",1029,-1
Delta Air Lines,"New York, NY","Minneapolis, MN",1029,-15
Delta Air Lines,"New York, NY","Myrtle Beach, SC",563,-4
Delta Air Lines,"New York, NY","Orlando, FL",944,-16
Delta Air Lines,"New York, NY","Orlando, FL",950,16
Delta Air Lines,"New York, NY","Portland, OR",2454,-16
Delta Air Lines,"New York, NY","Salt Lake City, UT",1990,-3
Delta Air Lines,"New York, NY","San Francisco, CA",2586,-16
Delta Air Lines,"New York, NY","San Francisco, CA",2586,20
Delta Air Lines,"New York, NY","San Francisco, CA",2586,27
Delta Air Lines,"New York, NY","San Juan, PR",1598,-27
Delta Air Lines,"New York, NY","San Juan, PR",1598,-24
Delta Air Lines,"New York, NY","Seattle, WA",2422,32
Delta Air Lines,"New York, NY","Tampa, FL",1005,-10
Delta Air Lines,"New York, NY","Tampa, FL",1005,-21
Delta Air Lines,"New York, NY","Tampa, FL",1010,-17
Delta Air Lines,"Newark, NJ","Atlanta, GA",746,-16
Delta Air Lines,"Newark, NJ","Detroit, MI",488,201
Delta Air Lines,"Newark, NJ","Detroit, MI",488,-8
Delta Air Lines,"Newark, NJ","Minneapolis, MN",1008,-30
Delta Air Lines,"Norfolk, VA","Atlanta, GA",516,58
Delta Air Lines,"Norfolk, VA","Atlanta, GA",516,-6
Delta Air Lines,"Oklahoma City, OK","Atlanta, GA",761,-25
Delta Air Lines,"Oklahoma City, OK","Atlanta, GA",761,-8
Delta Air Lines,"Ontario, CA","Atlanta, GA",1900,-21
Delta Air Lines,"Ontario, CA","Salt Lake City, UT",558,-21
Delta Air Lines,"Orlando, FL","Atlanta, GA",404,-8
Delta Air Lines,"Orlando, FL","Atlanta, GA",404,-14
Delta Air Lines,"Orlando, FL","Atlanta, GA",404,27
Delta Air Lines,"Orlando, FL","Atlanta, GA",404,-23
Delta Air Lines,"Orlando, FL","Atlanta, GA",404,18
Delta Air Lines,"Orlando, FL","Atlanta, GA",404,-11
Delta Air Lines,"Orlando, FL","Atlanta, GA",404,-13
Delta Air Lines,"Orlando, FL","Atlanta, GA",404,-25
Delta Air Lines,"Orlando, FL","Detroit, MI",957,-19
Delta Air Lines,"Orlando, FL","Detroit, MI",957,40
Delta Air Lines,"Orlando, FL","Detroit, MI",957,-3
Delta Air Lines,"Orlando, FL","Los Angeles, CA",2218,-7
Delta Air Lines,"Orlando, FL","Minneapolis, MN",1310,-4
Delta Air Lines,"Orlando, FL","Minneapolis, MN",1310,68
Delta Air Lines,"Orlando, FL","New York, NY",944,-22
Delta Air Lines,"Orlando, FL","Seattle, WA",2554,50
Delta Air Lines,"Panama City, FL","Atlanta, GA",240,-14
Delta Air Lines,"Pensacola, FL","Atlanta, GA",272,-10
Delta Air Lines,"Philadelphia, PA","Atlanta, GA",666,-18
Delta Air Lines,"Philadelphia, PA","Atlanta, GA",666,-17
Delta Air Lines,"Philadelphia, PA","Detroit, MI",453,-16
Delta Air Lines,"Phoenix, AZ","Atlanta, GA",1587,-25
Delta Air Lines,"Phoenix, AZ","Atlanta, GA",1587,1
Delta Air Lines,"Phoenix, AZ","Detroit, MI",1671,-13
Delta Air Lines,"Phoenix, AZ","Minneapolis, MN",1276,-20
Delta Air Lines,"Phoenix, AZ","Minneapolis, MN",1276,-14
Delta Air Lines,"Phoenix, AZ","New York, NY",2153,-34
Delta Air Lines,"Phoenix, AZ","Salt Lake City, UT",507,-12
Delta Air Lines,"Pittsburgh, PA","Atlanta, GA",526,-10
Delta Air Lines,"Pittsburgh, PA","Atlanta, GA",526,-17
Delta Air Lines,"Pittsburgh, PA","Minneapolis, MN",726,117
Delta Air Lines,"Pittsburgh, PA","Minneapolis, MN",726,-16
Delta Air Lines,"Portland, OR","Atlanta, GA",2172,9
Delta Air Lines,"Portland, OR","Detroit, MI",1953,23
Delta Air Lines,"Portland, OR","Los Angeles, CA",833,-2
Delta Air Lines,"Portland, OR","Minneapolis, MN",1426,-13
Delta Air Lines,"Providence, RI","Atlanta, GA",903,-31
Delta Air Lines,"Raleigh/Durham, NC","Atlanta, GA",356,5
Delta Air Lines,"Raleigh/Durham, NC","Atlanta, GA",356,-2
Delta Air Lines,"Raleigh/Durham, NC","Minneapolis, MN",980,-5
Delta Air Lines,"Raleigh/Durham, NC","Orlando, FL",534,11
Delta Air Lines,"Raleigh/Durham, NC","Salt Lake City, UT",1824,-28
Delta Air Lines,"Raleigh/Durham, NC","Tampa, FL",587,-11
Delta Air Lines,"Rochester, NY","Atlanta, GA",749,0
Delta Air Lines,"Sacramento, CA","Atlanta, GA",2092,-8
Delta Air Lines,"Sacramento, CA","Detroit, MI",2013,-18
Delta Air Lines,"Sacramento, CA","Detroit, MI",2013,79
Delta Air Lines,"Sacramento, CA","Minneapolis, MN",1517,-12
Delta Air Lines,"Salt Lake City, UT","Anchorage, AK",2125,-2
Delta Air Lines,"Salt Lake City, UT","Atlanta, GA",1590,-12
Delta Air Lines,"Salt Lake City, UT","Atlanta, GA",1590,-29
Delta Air Lines,"Salt Lake City, UT","Austin, TX",1086,10
Delta Air Lines,"Salt Lake City, UT","Boise, ID",290,-9
Delta Air Lines,"Salt Lake City, UT","Boston, MA",2105,-32
Delta Air Lines,"Salt Lake City, UT","Bozeman, MT",347,-3
Delta Air Lines,"Salt Lake City, UT","Charlotte, NC",1727,-10
Delta Air Lines,"Salt Lake City, UT","Denver, CO",391,25
Delta Air Lines,"Salt Lake City, UT","Detroit, MI",1481,-5
Delta Air Lines,"Salt Lake City, UT","Detroit, MI",1481,-9
Delta Air Lines,"Salt Lake City, UT","Detroit, MI",1481,79
Delta Air Lines,"Salt Lake City, UT","Houston, TX",1195,1
Delta Air Lines,"Salt Lake City, UT","Houston, TX",1195,-13
Delta Air Lines,"Salt Lake City, UT","Indianapolis, IN",1355,-10
Delta Air Lines,"Salt Lake City, UT","Las Vegas, NV",368,-10
Delta Air Lines,"Salt Lake City, UT","Las Vegas, NV",368,25
Delta Air Lines,"Salt Lake City, UT","Long Beach, CA",588,-18
Delta Air Lines,"Salt Lake City, UT","Miami, FL",2088,-1
Delta Air Lines,"Salt Lake City, UT","Miami, FL",2088,-2
Delta Air Lines,"Salt Lake City, UT","Milwaukee, WI",1247,-5
Delta Air Lines,"Salt Lake City, UT","Minneapolis, MN",991,-29
Delta Air Lines,"Salt Lake City, UT","New Orleans, LA",1429,-18
Delta Air Lines,"Salt Lake City, UT","New Orleans, LA",1429,-9
Delta Air Lines,"Salt Lake City, UT","New York, NY",1990,-17
Delta Air Lines,"Salt Lake City, UT","New York, NY",1990,-26
Delta Air Lines,"Salt Lake City, UT","Newark, NJ",1969,-20
Delta Air Lines,"Salt Lake City, UT","Portland, OR",630,18
Delta Air Lines,"Salt Lake City, UT","Portland, OR",630,-3
Delta Air Lines,"Salt Lake City, UT","Reno, NV",422,96
Delta Air Lines,"Salt Lake City, UT","Reno, NV",422,-10
Delta Air Lines,"Salt Lake City, UT","Sacramento, CA",532,22
Delta Air Lines,"Salt Lake City, UT","Sacramento, CA",532,-11
Delta Air Lines,"Salt Lake City, UT","Sacramento, CA",532,-12
Delta Air Lines,"Salt Lake City, UT","Sacramento, CA",532,-9
Delta Air Lines,"Salt Lake City, UT","San Antonio, TX",1087,-9
Delta Air Lines,"Salt Lake City, UT","San Antonio, TX",1087,-16
Delta Air Lines,"Salt Lake City, UT","San Diego, CA",626,20
Delta Air Lines,"Salt Lake City, UT","San Jose, CA",584,-22
Delta Air Lines,"Salt Lake City, UT","San Jose, CA",584,-23
Delta Air Lines,"Salt Lake City, UT","Seattle, WA",689,-25
Delta Air Lines,"Salt Lake City, UT","Seattle, WA",689,21
Delta Air Lines,"Salt Lake City, UT","Seattle, WA",689,-16
Delta Air Lines,"Salt Lake City, UT","Seattle, WA",689,-1
Delta Air Lines,"Salt Lake City, UT","Seattle, WA",689,-30
Delta Air Lines,"Salt Lake City, UT","Spokane, WA",546,-10
Delta Air Lines,"Salt Lake City, UT","Spokane, WA",546,-3
Delta Air Lines,"Salt Lake City, UT","St. Louis, MO",1156,-5
Delta Air Lines,"San Antonio, TX","Atlanta, GA",874,-16
Delta Air Lines,"San Antonio, TX","Atlanta, GA",874,2
Delta Air Lines,"San Antonio, TX","Detroit, MI",1214,-27
Delta Air Lines,"San Antonio, TX","Los Angeles, CA",1211,-13
Delta Air Lines,"San Antonio, TX","Los Angeles, CA",1211,-8
Delta Air Lines,"San Antonio, TX","Minneapolis, MN",1097,-18
Delta Air Lines,"San Antonio, TX","Minneapolis, MN",1097,-8
Delta Air Lines,"San Antonio, TX","Salt Lake City, UT",1087,-14
Delta Air Lines,"San Diego, CA","Atlanta, GA",1892,-12
Delta Air Lines,"San Diego, CA","Atlanta, GA",1892,-15
Delta Air Lines,"San Diego, CA","Detroit, MI",1956,-11
Delta Air Lines,"San Diego, CA","Detroit, MI",1956,-15
Delta Air Lines,"San Diego, CA","Minneapolis, MN",1532,-21
Delta Air Lines,"San Diego, CA","Minneapolis, MN",1532,-31
Delta Air Lines,"San Diego, CA","Seattle, WA",1050,-15
Delta Air Lines,"San Diego, CA","Seattle, WA",1050,-7
Delta Air Lines,"San Diego, CA","Seattle, WA",1050,-39
Delta Air Lines,"San Francisco, CA","Atlanta, GA",2139,5
Delta Air Lines,"San Francisco, CA","Boston, MA",2704,-24
Delta Air Lines,"San Francisco, CA","Boston, MA",2704,37
Delta Air Lines,"San Francisco, CA","Los Angeles, CA",337,1
Delta Air Lines,"San Francisco, CA","New York, NY",2586,-33
Delta Air Lines,"San Francisco, CA","New York, NY",2586,32
Delta Air Lines,"San Francisco, CA","New York, NY",2586,47
Delta Air Lines,"San Francisco, CA","New York, NY",2586,68
Delta Air Lines,"San Francisco, CA","New York, NY",2586,46
Delta Air Lines,"San Francisco, CA","Seattle, WA",679,21
Delta Air Lines,"San Francisco, CA","Seattle, WA",679,-11
Delta Air Lines,"San Jose, CA","Atlanta, GA",2116,-17
Delta Air Lines,"San Jose, CA","Atlanta, GA",2116,-23
Delta Air Lines,"San Jose, CA","Atlanta, GA",2116,-43
Delta Air Lines,"San Juan, PR","Boston, MA",1674,-3
Delta Air Lines,"San Juan, PR","Detroit, MI",1930,-1
Delta Air Lines,"Santa Ana, CA","Atlanta, GA",1919,6
Delta Air Lines,"Santa Ana, CA","Atlanta, GA",1919,18
Delta Air Lines,"Santa Ana, CA","Salt Lake City, UT",588,-33
Delta Air Lines,"Santa Ana, CA","Seattle, WA",978,-6
Delta Air Lines,"Santa Ana, CA","Seattle, WA",978,-14
Delta Air Lines,"Sarasota/Bradenton, FL","Atlanta, GA",444,48
Delta Air Lines,"Sarasota/Bradenton, FL","Atlanta, GA",444,-13
Delta Air Lines,"Sarasota/Bradenton, FL","Atlanta, GA",444,-7
Delta Air Lines,"Sarasota/Bradenton, FL","Atlanta, GA",444,-25
Delta Air Lines,"Savannah, GA","Atlanta, GA",215,13
Delta Air Lines,"Savannah, GA","Atlanta, GA",215,-12
Delta Air Lines,"Seattle, WA","Atlanta, GA",2182,-14
Delta Air Lines,"Seattle, WA","Atlanta, GA",2182,-2
Delta Air Lines,"Seattle, WA","Atlanta, GA",2182,7
Delta Air Lines,"Seattle, WA","Atlanta, GA",2182,6
Delta Air Lines,"Seattle, WA","Chicago, IL",1721,-2
Delta Air Lines,"Seattle, WA","Chicago, IL",1721,-15
Delta Air Lines,"Seattle, WA","Detroit, MI",1927,-2
Delta Air Lines,"Seattle, WA","Kahului, HI",2639,11
Delta Air Lines,"Seattle, WA","Las Vegas, NV",867,-19
Delta Air Lines,"Seattle, WA","Las Vegas, NV",867,-10
Delta Air Lines,"Seattle, WA","Las Vegas, NV",867,-13
Delta Air Lines,"Seattle, WA","Los Angeles, CA",954,-16
Delta Air Lines,"Seattle, WA","Los Angeles, CA",954,-30
Delta Air Lines,"Seattle, WA","Minneapolis, MN",1399,-31
Delta Air Lines,"Seattle, WA","Minneapolis, MN",1399,-26
Delta Air Lines,"Seattle, WA","New York, NY",2422,24
Delta Air Lines,"Seattle, WA","Salt Lake City, UT",689,-15
Delta Air Lines,"Seattle, WA","Salt Lake City, UT",689,-8
Delta Air Lines,"Seattle, WA","San Diego, CA",1050,-33
Delta Air Lines,"Seattle, WA","Santa Ana, CA",978,8
Delta Air Lines,"Seattle, WA","Santa Ana, CA",978,-9
Delta Air Lines,"Seattle, WA","Washington, DC",2329,-34
Delta Air Lines,"Sioux Falls, SD","Atlanta, GA",954,-3
Delta Air Lines,"Sioux Falls, SD","Minneapolis, MN",196,-8
Delta Air Lines,"Spokane, WA","Atlanta, GA",1969,-6
Delta Air Lines,"Spokane, WA","Seattle, WA",224,-32
Delta Air Lines,"Spokane, WA","Seattle, WA",224,-9
Delta Air Lines,"Springfield, MO","Atlanta, GA",563,101
Delta Air Lines,"St. Louis, MO","Atlanta, GA",484,9
Delta Air Lines,"St. Louis, MO","Atlanta, GA",484,16
Delta Air Lines,"St. Louis, MO","Atlanta, GA",484,-22
Delta Air Lines,"St. Louis, MO","Salt Lake City, UT",1156,-6
Delta Air Lines,"Tampa, FL","Atlanta, GA",406,-19
Delta Air Lines,"Tampa, FL","Atlanta, GA",406,52
Delta Air Lines,"Tampa, FL","Atlanta, GA",406,-2
Delta Air Lines,"Tampa, FL","Atlanta, GA",406,-25
Delta Air Lines,"Tampa, FL","Boston, MA",1185,146
Delta Air Lines,"Tampa, FL","Cincinnati, OH",773,-5
Delta Air Lines,"Tampa, FL","New York, NY",1010,5
Delta Air Lines,"Tampa, FL","Raleigh/Durham, NC",587,-7
Delta Air Lines,"Tampa, FL","Salt Lake City, UT",1888,-18
Delta Air Lines,"Tulsa, OK","Atlanta, GA",674,-14
Delta Air Lines,"Valparaiso, FL","Atlanta, GA",250,42
Delta Air Lines,"Valparaiso, FL","Atlanta, GA",250,-5
Delta Air Lines,"Washington, DC","Atlanta, GA",534,-15
Delta Air Lines,"Washington, DC","Atlanta, GA",547,-15
Delta Air Lines,"Washington, DC","Atlanta, GA",547,127
Delta Air Lines,"Washington, DC","Detroit, MI",383,-5
Delta Air Lines,"Washington, DC","Detroit, MI",405,-13
Delta Air Lines,"Washington, DC","Detroit, MI",405,22
Delta Air Lines,"Washington, DC","Los Angeles, CA",2311,10
Delta Air Lines,"Washington, DC","Minneapolis, MN",931,-15
Delta Air Lines,"West Palm Beach/Palm Beach, FL","Atlanta, GA",545,-9
Delta Air Lines,"West Palm Beach/Palm Beach, FL","Atlanta, GA",545,-12
Delta Air Lines,"West Palm Beach/Palm Beach, FL","Atlanta, GA",545,-11
Delta Air Lines,"West Palm Beach/Palm Beach, FL","Boston, MA",1197,7
Delta Air Lines,"West Palm Beach/Palm Beach, FL","New York, NY",1028,-10
Delta Air Lines,"West Palm Beach/Palm Beach, FL","New York, NY",1035,2
Delta Air Lines,"White Plains, NY","Atlanta, GA",781,14
Delta Air Lines,"White Plains, NY","Atlanta, GA",781,-14
Delta Air Lines,"Wichita, KS","Atlanta, GA",782,-13
Delta Air Lines,"Wilmington, NC","Atlanta, GA",377,-21
Envoy Air,"Abilene, TX","Dallas/Fort Worth, TX",158,-26
Envoy Air,"Abilene, TX","Dallas/Fort Worth, TX",158,-17
Envoy Air,"Abilene, TX","Dallas/Fort Worth, TX",158,-16
Envoy Air,"Albuquerque, NM","Dallas/Fort Worth, TX",569,16
Envoy Air,"Appleton, WI","Charlotte, NC",742,-17
Envoy Air,"Asheville, NC","Chicago, IL",536,63
Envoy Air,"Atlanta, GA","Washington, DC",547,67
Envoy Air,"Atlanta, GA","Washington, DC",547,-6
Envoy Air,"Bend/Redmond, OR","Phoenix, AZ",893,-13
Envoy Air,"Birmingham, AL","Dallas/Fort Worth, TX",597,68
Envoy Air,"Bismarck/Mandan, ND","Dallas/Fort Worth, TX",977,-26
Envoy Air,"Bloomington/Normal, IL","Dallas/Fort Worth, TX",690,-10
Envoy Air,"Boston, MA","Washington, DC",399,-15
Envoy Air,"Buffalo, NY","Washington, DC",296,20
Envoy Air,"Buffalo, NY","Washington, DC",296,63
Envoy Air,"Carlsbad, CA","Phoenix, AZ",306,-8
Envoy Air,"Cedar Rapids/Iowa City, IA","Dallas/Fort Worth, TX",685,-16
Envoy Air,"Cedar Rapids/Iowa City, IA","Dallas/Fort Worth, TX",685,3
Envoy Air,"Champaign/Urbana, IL","Chicago, IL",135,-16
Envoy Air,"Charlotte, NC","Hilton Head, SC",206,52
Envoy Air,"Charlotte, NC","Hilton Head, SC",206,54
Envoy Air,"Charlotte, NC","Hilton Head, SC",206,-13
Envoy Air,"Charlotte, NC","Louisville, KY",335,15
Envoy Air,"Chattanooga, TN","Chicago, IL",501,8
Envoy Air,"Chattanooga, TN","Washington, DC",523,10
Envoy Air,"Chicago, IL","Albany, NY",723,-14
Envoy Air,"Chicago, IL","Asheville, NC",536,-7
Envoy Air,"Chicago, IL","Baltimore, MD",622,1
Envoy Air,"Chicago, IL","Baltimore, MD",622,-16
Envoy Air,"Chicago, IL","Birmingham, AL",584,19
Envoy Air,"Chicago, IL","Birmingham, AL",584,-8
Envoy Air,"Chicago, IL","Cincinnati, OH",264,-20
Envoy Air,"Chicago, IL","Cleveland, OH",316,-12
Envoy Air,"Chicago, IL","Columbia, MO",315,-14
Envoy Air,"Chicago, IL","Columbus, OH",296,-15
Envoy Air,"Chicago, IL","Dayton, OH",240,-1
Envoy Air,"Chicago, IL","Evansville, IN",272,1
Envoy Air,"Chicago, IL","Fayetteville, AR",522,-8
Envoy Air,"Chicago, IL","Fort Wayne, IN",157,-4
Envoy Air,"Chicago, IL","Grand Rapids, MI",137,-7
Envoy Air,"Chicago, IL","Green Bay, WI",173,-26
Envoy Air,"Chicago, IL","Green Bay, WI",173,-14
Envoy Air,"Chicago, IL","Green Bay, WI",173,-25
Envoy Air,"Chicago, IL","Greer, SC",577,23
Envoy Air,"Chicago, IL","Greer, SC",577,-29
Envoy Air,"Chicago, IL","Houston, TX",925,85
Envoy Air,"Chicago, IL","La Crosse, WI",215,-32
Envoy Air,"Chicago, IL","La Crosse, WI",215,21
Envoy Air,"Chicago, IL","Little Rock, AR",552,9
Envoy Air,"Chicago, IL","Mosinee, WI",213,-8
Envoy Air,"Chicago, IL","Nashville, TN",409,82
Envoy Air,"Chicago, IL","Nashville, TN",409,-11
Envoy Air,"Chicago, IL","Nashville, TN",409,-3
Envoy Air,"Chicago, IL","Newark, NJ",719,-24
Envoy Air,"Chicago, IL","Norfolk, VA",717,-32
Envoy Air,"Chicago, IL","Norfolk, VA",717,-30
Envoy Air,"Chicago, IL","Peoria, IL",130,-9
Envoy Air,"Chicago, IL","Raleigh/Durham, NC",646,-16
Envoy Air,"Chicago, IL","Raleigh/Durham, NC",646,-22
Envoy Air,"Chicago, IL","Richmond, VA",642,-23
Envoy Air,"Chicago, IL","Rochester, MN",268,-17
Envoy Air,"Chicago, IL","Rochester, MN",268,-17
Envoy Air,"Chicago, IL","Scranton/Wilkes-Barre, PA",632,-14
Envoy Air,"Chicago, IL","Springfield, MO",438,-11
Envoy Air,"Chicago, IL","Springfield, MO",438,-11
Envoy Air,"Chicago, IL","St. Louis, MO",258,-15
Envoy Air,"Chicago, IL","St. Louis, MO",258,-14
Envoy Air,"Chicago, IL","Traverse City, MI",224,42
Envoy Air,"Chicago, IL","Valparaiso, FL",796,-32
Envoy Air,"Chicago, IL","Wichita, KS",588,-21
Envoy Air,"Cincinnati, OH","Boston, MA",752,-11
Envoy Air,"Cincinnati, OH","Chicago, IL",264,-8
Envoy Air,"Cincinnati, OH","Chicago, IL",264,-15
Envoy Air,"Cincinnati, OH","Chicago, IL",264,-24
Envoy Air,"Cincinnati, OH","Chicago, IL",264,301
Envoy Air,"Cleveland, OH","Chicago, IL",316,-19
Envoy Air,"Cleveland, OH","Washington, DC",310,35
Envoy Air,"Colorado Springs, CO","Dallas/Fort Worth, TX",592,27
Envoy Air,"Columbia, MO","Dallas/Fort Worth, TX",490,0
Envoy Air,"Columbus, OH","Chicago, IL",296,-20
Envoy Air,"Columbus, OH","Miami, FL",990,-9
Envoy Air,"Corpus Christi, TX","Dallas/Fort Worth, TX",355,-15
Envoy Air,"Corpus Christi, TX","Dallas/Fort Worth, TX",355,4
Envoy Air,"Corpus Christi, TX","Dallas/Fort Worth, TX",355,1
Envoy Air,"Corpus Christi, TX","Dallas/Fort Worth, TX",355,-1
Envoy Air,"Dallas/Fort Worth, TX","Abilene, TX",158,-18
Envoy Air,"Dallas/Fort Worth, TX","Abilene, TX",158,24
Envoy Air,"Dallas/Fort Worth, TX","Abilene, TX",158,-15
Envoy Air,"Dallas/Fort Worth, TX","Albuquerque, NM",569,34
Envoy Air,"Dallas/Fort Worth, TX","Amarillo, TX",312,-23
Envoy Air,"Dallas/Fort Worth, TX","Amarillo, TX",312,-22
Envoy Air,"Dallas/Fort Worth, TX","Appleton, WI",908,0
Envoy Air,"Dallas/Fort Worth, TX","Austin, TX",190,-13
Envoy Air,"Dallas/Fort Worth, TX","Baton Rouge, LA",383,109
Envoy Air,"Dallas/Fort Worth, TX","Birmingham, AL",597,-9
Envoy Air,"Dallas/Fort Worth, TX","Chattanooga, TN",695,-13
Envoy Air,"Dallas/Fort Worth, TX","Columbia, MO",490,134
Envoy Air,"Dallas/Fort Worth, TX","Columbia, MO",490,-17
Envoy Air,"Dallas/Fort Worth, TX","Columbia, MO",490,-4
Envoy Air,"Dallas/Fort Worth, TX","Columbia, SC",922,-28
Envoy Air,"Dallas/Fort Worth, TX","Corpus Christi, TX",355,-23
Envoy Air,"Dallas/Fort Worth, TX","Corpus Christi, TX",355,26
Envoy Air,"Dallas/Fort Worth, TX","El Paso, TX",551,-10
Envoy Air,"Dallas/Fort Worth, TX","Evansville, IN",642,-18
Envoy Air,"Dallas/Fort Worth, TX","Evansville, IN",642,-28
Envoy Air,"Dallas/Fort Worth, TX","Fayetteville, AR",280,49
Envoy Air,"Dallas/Fort Worth, TX","Fayetteville, AR",280,-15
Envoy Air,"Dallas/Fort Worth, TX","Gainesville, FL",900,-25
Envoy Air,"Dallas/Fort Worth, TX","Gainesville, FL",900,-21
Envoy Air,"Dallas/Fort Worth, TX","Gainesville, FL",900,-14
Envoy Air,"Dallas/Fort Worth, TX","Garden City, KS",404,-20
Envoy Air,"Dallas/Fort Worth, TX","Grand Junction, CO",772,-4
Envoy Air,"Dallas/Fort Worth, TX","Gulfport/Biloxi, MS",500,9
Envoy Air,"Dallas/Fort Worth, TX","Harlingen/San Benito, TX",461,25
Envoy Air,"Dallas/Fort Worth, TX","Harlingen/San Benito, TX",461,-11
Envoy Air,"Dallas/Fort Worth, TX","Houston, TX",224,-13
Envoy Air,"Dallas/Fort Worth, TX","Jackson/Vicksburg, MS",408,8
Envoy Air,"Dallas/Fort Worth, TX","Killeen, TX",134,-14
Envoy Air,"Dallas/Fort Worth, TX","Killeen, TX",134,10
Envoy Air,"Dallas/Fort Worth, TX","Killeen, TX",134,79
Envoy Air,"Dallas/Fort Worth, TX","Laredo, TX",396,91
Envoy Air,"Dallas/Fort Worth, TX","Lexington, KY",785,-12
Envoy Air,"Dallas/Fort Worth, TX","Lubbock, TX",282,-6
Envoy Air,"Dallas/Fort Worth, TX","Manhattan/Ft. Riley, KS",431,-21
Envoy Air,"Dallas/Fort Worth, TX","Manhattan/Ft. Riley, KS",431,-6
Envoy Air,"Dallas/Fort Worth, TX","Midland/Odessa, TX",309,-20
Envoy Air,"Dallas/Fort Worth, TX","Mission/McAllen/Edinburg, TX",469,-22
Envoy Air,"Dallas/Fort Worth, TX","Moline, IL",691,-26
Envoy Air,"Dallas/Fort Worth, TX","Monroe, LA",293,-27
Envoy Air,"Dallas/Fort Worth, TX","Panama City, FL",685,-15
Envoy Air,"Dallas/Fort Worth, TX","Panama City, FL",685,-20
Envoy Air,"Dallas/Fort Worth, TX","San Antonio, TX",247,-1
Envoy Air,"Dallas/Fort Worth, TX","Texarkana, AR",181,-13
Envoy Air,"Dallas/Fort Worth, TX","Tulsa, OK",237,-17
Envoy Air,"Dallas/Fort Worth, TX","Tulsa, OK",237,-15
Envoy Air,"Dallas/Fort Worth, TX","Waco, TX",90,-15
Envoy Air,"Dallas/Fort Worth, TX","Wichita, KS",328,13
Envoy Air,"Dayton, OH","Chicago, IL",240,-15
Envoy Air,"Denver, CO","Phoenix, AZ",602,-12
Envoy Air,"Denver, CO","Phoenix, AZ",602,-11
Envoy Air,"Des Moines, IA","Dallas/Fort Worth, TX",624,-18
Envoy Air,"El Paso, TX","Dallas/Fort Worth, TX",551,30
Envoy Air,"El Paso, TX","Dallas/Fort Worth, TX",551,-8
Envoy Air,"El Paso, TX","Dallas/Fort Worth, TX",551,-20
Envoy Air,"Evansville, IN","Chicago, IL",272,-21
Envoy Air,"Fargo, ND","Chicago, IL",557,-24
Envoy Air,"Fargo, ND","Dallas/Fort Worth, TX",967,-27
Envoy Air,"Fayetteville, AR","Chicago, IL",522,-26
Envoy Air,"Fayetteville, AR","Chicago, IL",522,-12
Envoy Air,"Fayetteville, AR","Dallas/Fort Worth, TX",280,24
Envoy Air,"Fayetteville, AR","Dallas/Fort Worth, TX",280,-14
Envoy Air,"Fort Wayne, IN","Dallas/Fort Worth, TX",859,20
Envoy Air,"Gainesville, FL","Dallas/Fort Worth, TX",900,-16
Envoy Air,"Grand Junction, CO","Dallas/Fort Worth, TX",772,-2
Envoy Air,"Green Bay, WI","Chicago, IL",173,-12
Envoy Air,"Green Bay, WI","Chicago, IL",173,35
Envoy Air,"Greensboro/High Point, NC","Miami, FL",710,-4
Envoy Air,"Greensboro/High Point, NC","Washington, DC",248,22
Envoy Air,"Greer, SC","Charlotte, NC",75,19
Envoy Air,"Greer, SC","Charlotte, NC",75,-14
Envoy Air,"Greer, SC","Miami, FL",637,-8
Envoy Air,"Harlingen/San Benito, TX","Dallas/Fort Worth, TX",461,-18
Envoy Air,"Harlingen/San Benito, TX","Dallas/Fort Worth, TX",461,44
Envoy Air,"Hilton Head, SC","Charlotte, NC",206,-35
Envoy Air,"Houston, TX","Dallas/Fort Worth, TX",247,0
Envoy Air,"Houston, TX","Phoenix, AZ",1009,-19
Envoy Air,"Jackson/Vicksburg, MS","Dallas/Fort Worth, TX",408,-25
Envoy Air,"Jackson/Vicksburg, MS","Dallas/Fort Worth, TX",408,-19
Envoy Air,"Kansas City, MO","Miami, FL",1251,-21
Envoy Air,"Key West, FL","Charlotte, NC",736,-33
Envoy Air,"Killeen, TX","Dallas/Fort Worth, TX",134,-9
Envoy Air,"Knoxville, TN","Dallas/Fort Worth, TX",772,-16
Envoy Air,"La Crosse, WI","Chicago, IL",215,-25
Envoy Air,"La Crosse, WI","Chicago, IL",215,-20
Envoy Air,"Laredo, TX","Dallas/Fort Worth, TX",396,-14
Envoy Air,"Little Rock, AR","Charlotte, NC",640,15
Envoy Air,"Louisville, KY","Boston, MA",829,78
Envoy Air,"Louisville, KY","Boston, MA",829,-8
Envoy Air,"Lubbock, TX","Dallas/Fort Worth, TX",282,-10
Envoy Air,"Madison, WI","Chicago, IL",108,-6
Envoy Air,"Manchester, NH","Chicago, IL",843,2
Envoy Air,"Manhattan/Ft. Riley, KS","Chicago, IL",501,0
Envoy Air,"Miami, FL","Baltimore, MD",946,-19
Envoy Air,"Miami, FL","Cleveland, OH",1080,-15
Envoy Air,"Miami, FL","Greensboro/High Point, NC",710,-10
Envoy Air,"Miami, FL","Greensboro/High Point, NC",710,-25
Envoy Air,"Miami, FL","Greer, SC",637,57
Envoy Air,"Miami, FL","Greer, SC",637,5
Envoy Air,"Miami, FL","Jacksonville, FL",335,-15
Envoy Air,"Miami, FL","Key West, FL",126,-13
Envoy Air,"Miami, FL","Key West, FL",126,-18
Envoy Air,"Miami, FL","Key West, FL",126,-23
Envoy Air,"Miami, FL","Norfolk, VA",802,-31
Envoy Air,"Miami, FL","Oklahoma City, OK",1222,-14
Envoy Air,"Miami, FL","Pensacola, FL",530,5
Envoy Air,"Miami, FL","Pensacola, FL",530,-9
Envoy Air,"Miami, FL","Sarasota/Bradenton, FL",178,-13
Envoy Air,"Miami, FL","Sarasota/Bradenton, FL",178,-1
Envoy Air,"Miami, FL","Tallahassee, FL",402,-2
Envoy Air,"Miami, FL","White Plains, NY",1118,-22
Envoy Air,"Miami, FL","Wilmington, NC",601,-11
Envoy Air,"Minneapolis, MN","Chicago, IL",334,-2
Envoy Air,"Minneapolis, MN","Chicago, IL",334,-30
Envoy Air,"Minneapolis, MN","Chicago, IL",334,-14
Envoy Air,"Missoula, MT","Dallas/Fort Worth, TX",1320,-19
Envoy Air,"Mosinee, WI","Chicago, IL",213,-24
Envoy Air,"Nashville, TN","Tampa, FL",612,10
Envoy Air,"Oklahoma City, OK","Dallas/Fort Worth, TX",175,-22
Envoy Air,"Oklahoma City, OK","Miami, FL",1222,-5
Envoy Air,"Pensacola, FL","Miami, FL",530,36
Envoy Air,"Pensacola, FL","Miami, FL",530,4
Envoy Air,"Pensacola, FL","Miami, FL",530,-12
Envoy Air,"Peoria, IL","Chicago, IL",130,-8
Envoy Air,"Peoria, IL","Chicago, IL",130,50
Envoy Air,"Phoenix, AZ","Burbank, CA",369,-2
Envoy Air,"Phoenix, AZ","Omaha, NE",1037,-9
Envoy Air,"Phoenix, AZ","Ontario, CA",325,-16
Envoy Air,"Phoenix, AZ","Seattle, WA",1107,-14
Envoy Air,"Phoenix, AZ","Seattle, WA",1107,-31
Envoy Air,"Phoenix, AZ","Springfield, MO",1082,-9
Envoy Air,"Portland, ME","Chicago, IL",900,-39
Envoy Air,"Richmond, VA","Chicago, IL",642,-35
Envoy Air,"Richmond, VA","Chicago, IL",642,-35
Envoy Air,"Rochester, MN","Chicago, IL",268,-14
Envoy Air,"Rochester, NY","Chicago, IL",528,-33
Envoy Air,"San Antonio, TX","Dallas/Fort Worth, TX",247,-19
Envoy Air,"San Antonio, TX","Miami, FL",1143,46
Envoy Air,"Sarasota/Bradenton, FL","Charlotte, NC",547,-25
Envoy Air,"Sarasota/Bradenton, FL","Miami, FL",178,39
Envoy Air,"Savannah, GA","Miami, FL",440,-11
Envoy Air,"Savannah, GA","Miami, FL",440,-13
Envoy Air,"Savannah, GA","Miami, FL",440,-4
Envoy Air,"Scranton/Wilkes-Barre, PA","Chicago, IL",632,8
Envoy Air,"Scranton/Wilkes-Barre, PA","Chicago, IL",632,-24
Envoy Air,"Seattle, WA","Phoenix, AZ",1107,-29
Envoy Air,"Shreveport, LA","Dallas/Fort Worth, TX",190,23
Envoy Air,"Sioux Falls, SD","Chicago, IL",462,-7
Envoy Air,"Sioux Falls, SD","Chicago, IL",462,-7
Envoy Air,"Springfield, IL","Chicago, IL",174,-9
Envoy Air,"Springfield, MO","Chicago, IL",438,-5
Envoy Air,"Springfield, MO","Dallas/Fort Worth, TX",364,-23
Envoy Air,"Springfield, MO","Dallas/Fort Worth, TX",364,-18
Envoy Air,"Springfield, MO","Miami, FL",1102,-26
Envoy Air,"St. Louis, MO","Dallas/Fort Worth, TX",550,-8
Envoy Air,"Tallahassee, FL","Miami, FL",402,15
Envoy Air,"Tallahassee, FL","Miami, FL",402,-2
Envoy Air,"Texarkana, AR","Dallas/Fort Worth, TX",181,-21
Envoy Air,"Valparaiso, FL","Dallas/Fort Worth, TX",641,-17
Envoy Air,"Valparaiso, FL","Miami, FL",499,-4
Envoy Air,"Washington, DC","Atlanta, GA",547,-25
Envoy Air,"Washington, DC","Chicago, IL",612,-26
Envoy Air,"Washington, DC","Chicago, IL",612,0
Envoy Air,"Washington, DC","Columbus, OH",323,-34
Envoy Air,"Wichita, KS","Chicago, IL",588,-16
Envoy Air,"Wichita, KS","Dallas/Fort Worth, TX",328,-1
Envoy Air,"Wichita, KS","Phoenix, AZ",870,-16
Frontier Airlines,"Aguadilla, PR","Orlando, FL",1129,-8
Frontier Airlines,"Atlanta, GA","Austin, TX",813,15
Frontier Airlines,"Atlanta, GA","Baltimore, MD",577,61
Frontier Airlines,"Atlanta, GA","Chicago, IL",591,258
Frontier Airlines,"Atlanta, GA","Cleveland, OH",554,28
Frontier Airlines,"Atlanta, GA","Detroit, MI",594,-20
Frontier Airlines,"Atlanta, GA","Detroit, MI",594,28
Frontier Airlines,"Atlanta, GA","Fort Lauderdale, FL",581,-3
Frontier Airlines,"Atlanta, GA","Indianapolis, IN",432,-45
Frontier Airlines,"Atlanta, GA","Miami, FL",594,16
Frontier Airlines,"Atlanta, GA","Minneapolis, MN",907,-20
Frontier Airlines,"Atlanta, GA","New York, NY",762,6
Frontier Airlines,"Atlanta, GA","Orlando, FL",404,-13
Frontier Airlines,"Atlanta, GA","Philadelphia, PA",666,61
Frontier Airlines,"Atlanta, GA","Phoenix, AZ",1587,12
Frontier Airlines,"Atlanta, GA","Raleigh/Durham, NC",356,56
Frontier Airlines,"Atlanta, GA","San Francisco, CA",2139,3
Frontier Airlines,"Atlanta, GA","San Juan, PR",1547,37
Frontier Airlines,"Atlanta, GA","Tampa, FL",406,-13
Frontier Airlines,"Baltimore, MD","Atlanta, GA",577,10
Frontier Airlines,"Baltimore, MD","Chicago, IL",622,94
Frontier Airlines,"Baltimore, MD","Orlando, FL",787,2
Frontier Airlines,"Buffalo, NY","Orlando, FL",1011,4
Frontier Airlines,"Charlotte, NC","New York, NY",544,5
Frontier Airlines,"Chicago, IL","Atlanta, GA",606,13
Frontier Airlines,"Chicago, IL","Los Angeles, CA",1744,7
Frontier Airlines,"Chicago, IL","Orlando, FL",990,-27
Frontier Airlines,"Cincinnati, OH","Atlanta, GA",373,-17
Frontier Airlines,"Cincinnati, OH","Las Vegas, NV",1678,-8
Frontier Airlines,"Cleveland, OH","Denver, CO",1201,-7
Frontier Airlines,"Cleveland, OH","Orlando, FL",895,-16
Frontier Airlines,"Cleveland, OH","Orlando, FL",895,-11
Frontier Airlines,"Cleveland, OH","Tampa, FL",927,39
Frontier Airlines,"Dallas/Fort Worth, TX","Atlanta, GA",731,-18
Frontier Airlines,"Dallas/Fort Worth, TX","Baltimore, MD",1217,-31
Frontier Airlines,"Dallas/Fort Worth, TX","Denver, CO",641,-21
Frontier Airlines,"Dallas/Fort Worth, TX","Los Angeles, CA",1235,-7
Frontier Airlines,"Dallas/Fort Worth, TX","Orlando, FL",985,7
Frontier Airlines,"Dallas/Fort Worth, TX","Orlando, FL",985,-2
Frontier Airlines,"Denver, CO","Cincinnati, OH",1069,-22
Frontier Airlines,"Denver, CO","Cleveland, OH",1201,-1
Frontier Airlines,"Denver, CO","Dallas/Fort Worth, TX",641,-23
Frontier Airlines,"Denver, CO","Detroit, MI",1123,-26
Frontier Airlines,"Denver, CO","Houston, TX",861,31
Frontier Airlines,"Denver, CO","Knoxville, TN",1162,-19
Frontier Airlines,"Denver, CO","Las Vegas, NV",628,-22
Frontier Airlines,"Denver, CO","Las Vegas, NV",628,-12
Frontier Airlines,"Denver, CO","Miami, FL",1709,-7
Frontier Airlines,"Denver, CO","Minneapolis, MN",680,-8
Frontier Airlines,"Denver, CO","Orlando, FL",1547,68
Frontier Airlines,"Denver, CO","Orlando, FL",1547,-2
Frontier Airlines,"Denver, CO","Phoenix, AZ",602,-17
Frontier Airlines,"Denver, CO","San Antonio, TX",794,45
Frontier Airlines,"Denver, CO","St. Louis, MO",770,-14
Frontier Airlines,"Denver, CO","St. Louis, MO",770,-18
Frontier Airlines,"Detroit, MI","Denver, CO",1123,75
Frontier Airlines,"Detroit, MI","Phoenix, AZ",1671,-9
Frontier Airlines,"El Paso, TX","Las Vegas, NV",584,-26
Frontier Airlines,"Fort Lauderdale, FL","Cincinnati, OH",932,9
Frontier Airlines,"Fort Lauderdale, FL","Dallas/Fort Worth, TX",1119,27
Frontier Airlines,"Houston, TX","Chicago, IL",925,-9
Frontier Airlines,"Houston, TX","Chicago, IL",925,-15
Frontier Airlines,"Houston, TX","Denver, CO",861,-7
Frontier Airlines,"Houston, TX","Denver, CO",861,-8
Frontier Airlines,"Houston, TX","Las Vegas, NV",1222,-17
Frontier Airlines,"Indianapolis, IN","Orlando, FL",829,-18
Frontier Airlines,"Jacksonville, FL","Atlanta, GA",269,4
Frontier Airlines,"Las Vegas, NV","Austin, TX",1090,-20
Frontier Airlines,"Las Vegas, NV","Cleveland, OH",1824,-8
Frontier Airlines,"Las Vegas, NV","Dallas/Fort Worth, TX",1055,3
Frontier Airlines,"Las Vegas, NV","Dallas/Fort Worth, TX",1055,22
Frontier Airlines,"Las Vegas, NV","Ontario, CA",197,-12
Frontier Airlines,"Las Vegas, NV","Ontario, CA",197,189
Frontier Airlines,"Las Vegas, NV","Ontario, CA",197,20
Frontier Airlines,"Las Vegas, NV","Ontario, CA",197,-17
Frontier Airlines,"Las Vegas, NV","Salt Lake City, UT",368,-17
Frontier Airlines,"Las Vegas, NV","San Antonio, TX",1069,1
Frontier Airlines,"Las Vegas, NV","San Francisco, CA",414,56
Frontier Airlines,"Las Vegas, NV","San Francisco, CA",414,52
Frontier Airlines,"Las Vegas, NV","St. Louis, MO",1371,-33
Frontier Airlines,"Los Angeles, CA","Atlanta, GA",1947,15
Frontier Airlines,"Los Angeles, CA","Atlanta, GA",1947,4
Frontier Airlines,"Los Angeles, CA","Atlanta, GA",1947,-8
Frontier Airlines,"Los Angeles, CA","Dallas/Fort Worth, TX",1235,-18
Frontier Airlines,"Los Angeles, CA","Dallas/Fort Worth, TX",1235,-2
Frontier Airlines,"Los Angeles, CA","Denver, CO",862,-17
Frontier Airlines,"Los Angeles, CA","Denver, CO",862,-28
Frontier Airlines,"Los Angeles, CA","Las Vegas, NV",236,-9
Frontier Airlines,"Los Angeles, CA","Las Vegas, NV",236,-28
Frontier Airlines,"Los Angeles, CA","Phoenix, AZ",370,56
Frontier Airlines,"Los Angeles, CA","Sacramento, CA",373,-18
Frontier Airlines,"Los Angeles, CA","Seattle, WA",954,-24
Frontier Airlines,"Miami, FL","Atlanta, GA",594,1
Frontier Airlines,"Miami, FL","Raleigh/Durham, NC",700,-8
Frontier Airlines,"Miami, FL","San Juan, PR",1045,-16
Frontier Airlines,"Miami, FL","San Juan, PR",1045,-17
Frontier Airlines,"Miami, FL","San Juan, PR",1045,-9
Frontier Airlines,"Nashville, TN","Dallas/Fort Worth, TX",631,-6
Frontier Airlines,"Nashville, TN","Orlando, FL",616,193
Frontier Airlines,"New Orleans, LA","Denver, CO",1062,-34
Frontier Airlines,"New York, NY","Atlanta, GA",760,10
Frontier Airlines,"New York, NY","Atlanta, GA",762,27
Frontier Airlines,"Omaha, NE","Denver, CO",472,-32
Frontier Airlines,"Ontario, CA","Denver, CO",819,-22
Frontier Airlines,"Ontario, CA","Houston, TX",1334,-7
Frontier Airlines,"Orlando, FL","Cincinnati, OH",757,-10
Frontier Airlines,"Orlando, FL","Cleveland, OH",895,36
Frontier Airlines,"Orlando, FL","Dallas/Fort Worth, TX",985,10
Frontier Airlines,"Orlando, FL","Hartford, CT",1050,-27
Frontier Airlines,"Orlando, FL","Los Angeles, CA",2218,-10
Frontier Airlines,"Orlando, FL","Milwaukee, WI",1066,-11
Frontier Airlines,"Orlando, FL","Philadelphia, PA",862,7
Frontier Airlines,"Orlando, FL","Philadelphia, PA",862,-17
Frontier Airlines,"Orlando, FL","Raleigh/Durham, NC",534,-13
Frontier Airlines,"Orlando, FL","Trenton, NJ",896,-17
Frontier Airlines,"Pensacola, FL","Denver, CO",1179,-30
Frontier Airlines,"Philadelphia, PA","Dallas/Fort Worth, TX",1303,14
Frontier Airlines,"Philadelphia, PA","Jacksonville, FL",742,2
Frontier Airlines,"Philadelphia, PA","Miami, FL",1013,15
Frontier Airlines,"Philadelphia, PA","Orlando, FL",862,-13
Frontier Airlines,"Philadelphia, PA","Tampa, FL",920,-17
Frontier Airlines,"Phoenix, AZ","Dallas/Fort Worth, TX",868,-14
Frontier Airlines,"Phoenix, AZ","Denver, CO",602,-8
Frontier Airlines,"Phoenix, AZ","Los Angeles, CA",370,15
Frontier Airlines,"Phoenix, AZ","Salt Lake City, UT",507,-11
Frontier Airlines,"Phoenix, AZ","Santa Ana, CA",338,-17
Frontier Airlines,"Raleigh/Durham, NC","Philadelphia, PA",337,42
Frontier Airlines,"Raleigh/Durham, NC","Tampa, FL",587,6
Frontier Airlines,"Salt Lake City, UT","Dallas/Fort Worth, TX",989,6
Frontier Airlines,"Salt Lake City, UT","Las Vegas, NV",368,-1
Frontier Airlines,"Salt Lake City, UT","Los Angeles, CA",590,-30
Frontier Airlines,"Salt Lake City, UT","Phoenix, AZ",507,-20
Frontier Airlines,"San Diego, CA","Dallas/Fort Worth, TX",1171,-12
Frontier Airlines,"San Diego, CA","Dallas/Fort Worth, TX",1171,-6
Frontier Airlines,"San Francisco, CA","Atlanta, GA",2139,-18
Frontier Airlines,"San Francisco, CA","Las Vegas, NV",414,-1
Frontier Airlines,"San Francisco, CA","Los Angeles, CA",337,-8
Frontier Airlines,"San Francisco, CA","Santa Ana, CA",372,97
Frontier Airlines,"San Juan, PR","Atlanta, GA",1547,5
Frontier Airlines,"San Juan, PR","Charlotte, NC",1475,2
Frontier Airlines,"San Juan, PR","Orlando, FL",1188,-13
Frontier Airlines,"San Juan, PR","Philadelphia, PA",1576,-20
Frontier Airlines,"Sarasota/Bradenton, FL","Cleveland, OH",967,-41
Frontier Airlines,"Seattle, WA","Denver, CO",1024,-1
Frontier Airlines,"Seattle, WA","Los Angeles, CA",954,-14
Frontier Airlines,"St. Louis, MO","Atlanta, GA",484,12
Frontier Airlines,"St. Louis, MO","Dallas/Fort Worth, TX",550,-12
Frontier Airlines,"St. Louis, MO","Las Vegas, NV",1371,-12
Frontier Airlines,"Tampa, FL","Chicago, IL",1012,-34
Frontier Airlines,"Tampa, FL","Cleveland, OH",927,-5
Frontier Airlines,"Tampa, FL","Philadelphia, PA",920,-3
Frontier Airlines,"Tampa, FL","Trenton, NJ",955,15
Frontier Airlines,"Washington, DC","Denver, CO",1476,-7
Frontier Airlines,"Washington, DC","Denver, CO",1476,-16
Frontier Airlines,"Washington, DC","Denver, CO",1476,-30
Frontier Airlines,"Washington, DC","Fort Lauderdale, FL",901,23
Frontier Airlines,"West Palm Beach/Palm Beach, FL","Philadelphia, PA",951,8
JetBlue Airways,"Albany, NY","Orlando, FL",1073,12
JetBlue Airways,"Atlanta, GA","New York, NY",760,7
JetBlue Airways,"Boston, MA","Charleston, SC",818,-17
JetBlue Airways,"Boston, MA","Charleston, SC",818,-25
JetBlue Airways,"Boston, MA","Denver, CO",1754,13
JetBlue Airways,"Boston, MA","Denver, CO",1754,-19
JetBlue Airways,"Boston, MA","Denver, CO",1754,64
JetBlue Airways,"Boston, MA","Detroit, MI",632,-10
JetBlue Airways,"Boston, MA","Fort Lauderdale, FL",1237,-2
JetBlue Airways,"Boston, MA","Fort Myers, FL",1249,-6
JetBlue Airways,"Boston, MA","Fort Myers, FL",1249,-33
JetBlue Airways,"Boston, MA","Jacksonville, FL",1011,-12
JetBlue Airways,"Boston, MA","Jacksonville, FL",1011,-13
JetBlue Airways,"Boston, MA","Jacksonville, FL",1011,-23
JetBlue Airways,"Boston, MA","Los Angeles, CA",2611,16
JetBlue Airways,"Boston, MA","Nashville, TN",942,3
JetBlue Airways,"Boston, MA","New York, NY",187,-15
JetBlue Airways,"Boston, MA","Norfolk, VA",468,-6
JetBlue Airways,"Boston, MA","Orlando, FL",1121,-18
JetBlue Airways,"Boston, MA","Orlando, FL",1121,-4
JetBlue Airways,"Boston, MA","San Diego, CA",2588,25
JetBlue Airways,"Boston, MA","San Francisco, CA",2704,0
JetBlue Airways,"Boston, MA","San Francisco, CA",2704,-6
JetBlue Airways,"Boston, MA","San Juan, PR",1674,-7
JetBlue Airways,"Boston, MA","Savannah, GA",901,3
JetBlue Airways,"Boston, MA","Valparaiso, FL",1187,-11
JetBlue Airways,"Boston, MA","Washington, DC",399,-2
JetBlue Airways,"Boston, MA","Washington, DC",399,6
JetBlue Airways,"Boston, MA","Washington, DC",399,-14
JetBlue Airways,"Boston, MA","Washington, DC",399,15
JetBlue Airways,"Boston, MA","Washington, DC",399,-10
JetBlue Airways,"Boston, MA","Wilmington, NC",672,12
JetBlue Airways,"Buffalo, NY","Boston, MA",395,43
JetBlue Airways,"Buffalo, NY","Boston, MA",395,-16
JetBlue Airways,"Buffalo, NY","Boston, MA",395,15
JetBlue Airways,"Buffalo, NY","Fort Lauderdale, FL",1166,-11
JetBlue Airways,"Buffalo, NY","Fort Lauderdale, FL",1166,-16
JetBlue Airways,"Buffalo, NY","New York, NY",301,-25
JetBlue Airways,"Buffalo, NY","New York, NY",301,-8
JetBlue Airways,"Buffalo, NY","Orlando, FL",1011,-9
JetBlue Airways,"Burbank, CA","New York, NY",2465,161
JetBlue Airways,"Fort Lauderdale, FL","Boston, MA",1237,1
JetBlue Airways,"Fort Lauderdale, FL","Boston, MA",1237,-7
JetBlue Airways,"Fort Lauderdale, FL","Buffalo, NY",1166,5
JetBlue Airways,"Fort Lauderdale, FL","Hartford, CT",1173,-18
JetBlue Airways,"Fort Lauderdale, FL","Los Angeles, CA",2343,97
JetBlue Airways,"Fort Lauderdale, FL","New York, NY",1069,2
JetBlue Airways,"Fort Lauderdale, FL","New York, NY",1076,-13
JetBlue Airways,"Fort Lauderdale, FL","New York, NY",1076,-21
JetBlue Airways,"Fort Lauderdale, FL","New York, NY",1076,-9
JetBlue Airways,"Fort Lauderdale, FL","New York, NY",1076,-9
JetBlue Airways,"Fort Lauderdale, FL","Philadelphia, PA",993,-23
JetBlue Airways,"Fort Lauderdale, FL","Providence, RI",1188,-8
JetBlue Airways,"Fort Lauderdale, FL","Tampa, FL",197,0
JetBlue Airways,"Fort Lauderdale, FL","Washington, DC",899,-14
JetBlue Airways,"Fort Myers, FL","Boston, MA",1249,-28
JetBlue Airways,"Fort Myers, FL","Boston, MA",1249,-11
JetBlue Airways,"Fort Myers, FL","Boston, MA",1249,-14
JetBlue Airways,"Fort Myers, FL","White Plains, NY",1102,-7
JetBlue Airways,"Hartford, CT","San Juan, PR",1666,38
JetBlue Airways,"Hartford, CT","San Juan, PR",1666,8
JetBlue Airways,"Hartford, CT","San Juan, PR",1666,196
JetBlue Airways,"Hartford, CT","Tampa, FL",1111,-2
JetBlue Airways,"Hartford, CT","West Palm Beach/Palm Beach, FL",1133,-11
JetBlue Airways,"Islip, NY","West Palm Beach/Palm Beach, FL",1052,-26
JetBlue Airways,"Las Vegas, NV","Boston, MA",2381,73
JetBlue Airways,"Las Vegas, NV","New York, NY",2248,23
JetBlue Airways,"Las Vegas, NV","New York, NY",2248,-21
JetBlue Airways,"Las Vegas, NV","Newark, NJ",2227,-19
JetBlue Airways,"Las Vegas, NV","Orlando, FL",2039,-23
JetBlue Airways,"Los Angeles, CA","New York, NY",2475,-16
JetBlue Airways,"Los Angeles, CA","New York, NY",2475,-25
JetBlue Airways,"Los Angeles, CA","New York, NY",2475,-14
JetBlue Airways,"Nashville, TN","Boston, MA",942,80
JetBlue Airways,"Nashville, TN","New York, NY",765,-17
JetBlue Airways,"New York, NY","Atlanta, GA",760,-25
JetBlue Airways,"New York, NY","Boston, MA",187,1
JetBlue Airways,"New York, NY","Boston, MA",187,-8
JetBlue Airways,"New York, NY","Boston, MA",187,-3
JetBlue Airways,"New York, NY","Buffalo, NY",301,28
JetBlue Airways,"New York, NY","Buffalo, NY",301,-22
JetBlue Airways,"New York, NY","Charleston, SC",636,-15
JetBlue Airways,"New York, NY","Charleston, SC",636,-19
JetBlue Airways,"New York, NY","Chicago, IL",740,-26
JetBlue Airways,"New York, NY","Fort Lauderdale, FL",1069,-23
JetBlue Airways,"New York, NY","Fort Lauderdale, FL",1069,50
JetBlue Airways,"New York, NY","Fort Lauderdale, FL",1069,122
JetBlue Airways,"New York, NY","Fort Lauderdale, FL",1069,-22
JetBlue Airways,"New York, NY","Fort Lauderdale, FL",1076,-13
JetBlue Airways,"New York, NY","Las Vegas, NV",2248,6
JetBlue Airways,"New York, NY","Las Vegas, NV",2248,26
JetBlue Airways,"New York, NY","Los Angeles, CA",2475,21
JetBlue Airways,"New York, NY","Los Angeles, CA",2475,-29
JetBlue Airways,"New York, NY","Los Angeles, CA",2475,8
JetBlue Airways,"New York, NY","Los Angeles, CA",2475,-10
JetBlue Airways,"New York, NY","Orlando, FL",944,-5
JetBlue Airways,"New York, NY","Orlando, FL",950,8
JetBlue Airways,"New York, NY","Providence, RI",144,4
JetBlue Airways,"New York, NY","San Juan, PR",1598,-25
JetBlue Airways,"New York, NY","Savannah, GA",717,-33
JetBlue Airways,"New York, NY","Vero Beach, FL",972,-3
JetBlue Airways,"New York, NY","West Palm Beach/Palm Beach, FL",1035,19
JetBlue Airways,"Newark, NJ","Fort Lauderdale, FL",1065,26
JetBlue Airways,"Newark, NJ","Orlando, FL",937,-13
JetBlue Airways,"Newark, NJ","Tampa, FL",997,-13
JetBlue Airways,"Newark, NJ","West Palm Beach/Palm Beach, FL",1024,-3
JetBlue Airways,"Orlando, FL","Hartford, CT",1050,-15
JetBlue Airways,"Orlando, FL","New York, NY",944,-14
JetBlue Airways,"Orlando, FL","New York, NY",944,-8
JetBlue Airways,"Orlando, FL","New York, NY",944,-8
JetBlue Airways,"Orlando, FL","Ponce, PR",1178,-10
JetBlue Airways,"Orlando, FL","Providence, RI",1072,-11
JetBlue Airways,"Orlando, FL","San Juan, PR",1188,6
JetBlue Airways,"Orlando, FL","San Juan, PR",1188,-11
JetBlue Airways,"Orlando, FL","Washington, DC",759,-13
JetBlue Airways,"Philadelphia, PA","Fort Lauderdale, FL",993,-9
JetBlue Airways,"Pittsburgh, PA","Boston, MA",496,-8
JetBlue Airways,"Portland, ME","New York, NY",273,-2
JetBlue Airways,"Portland, OR","Boston, MA",2537,7
JetBlue Airways,"Providence, RI","Fort Lauderdale, FL",1188,31
JetBlue Airways,"Providence, RI","New York, NY",144,-19
JetBlue Airways,"Providence, RI","Orlando, FL",1072,8
JetBlue Airways,"Raleigh/Durham, NC","Boston, MA",612,7
JetBlue Airways,"Raleigh/Durham, NC","New York, NY",427,76
JetBlue Airways,"Raleigh/Durham, NC","San Juan, PR",1432,10
JetBlue Airways,"San Diego, CA","Boston, MA",2588,-28
JetBlue Airways,"San Diego, CA","New York, NY",2446,-14
JetBlue Airways,"San Francisco, CA","Boston, MA",2704,-32
JetBlue Airways,"San Francisco, CA","New York, NY",2586,7
JetBlue Airways,"San Juan, PR","Boston, MA",1674,-25
JetBlue Airways,"San Juan, PR","Christiansted, VI",94,-12
JetBlue Airways,"San Juan, PR","Newark, NJ",1608,-12
JetBlue Airways,"San Juan, PR","Orlando, FL",1188,-16
JetBlue Airways,"San Juan, PR","Philadelphia, PA",1576,22
JetBlue Airways,"San Juan, PR","Raleigh/Durham, NC",1432,15
JetBlue Airways,"San Juan, PR","Washington, DC",1554,-8
JetBlue Airways,"Syracuse, NY","Fort Lauderdale, FL",1197,0
JetBlue Airways,"Syracuse, NY","Fort Lauderdale, FL",1197,-42
JetBlue Airways,"Tampa, FL","San Juan, PR",1237,4
JetBlue Airways,"Washington, DC","Boston, MA",399,0
JetBlue Airways,"Washington, DC","Boston, MA",399,-15
JetBlue Airways,"Washington, DC","Orlando, FL",759,21
JetBlue Airways,"West Palm Beach/Palm Beach, FL","Boston, MA",1197,-13
JetBlue Airways,"West Palm Beach/Palm Beach, FL","Boston, MA",1197,-17
JetBlue Airways,"West Palm Beach/Palm Beach, FL","Islip, NY",1052,-18
JetBlue Airways,"West Palm Beach/Palm Beach, FL","Providence, RI",1148,-6
JetBlue Airways,"West Palm Beach/Palm Beach, FL","White Plains, NY",1056,-3
PSA Airlines,"Akron, OH","Charlotte, NC",394,-16
PSA Airlines,"Albany, NY","Washington, DC",318,43
PSA Airlines,"Allentown/Bethlehem/Easton, PA","Charlotte, NC",481,-2
PSA Airlines,"Atlanta, GA","Charlotte, NC",226,-3
PSA Airlines,"Atlanta, GA","Philadelphia, PA",666,-32
PSA Airlines,"Atlanta, GA","Washington, DC",547,-25
PSA Airlines,"Augusta, GA","Dallas/Fort Worth, TX",874,-24
PSA Airlines,"Bangor, ME","Washington, DC",590,-9
PSA Airlines,"Bangor, ME","Washington, DC",590,1
PSA Airlines,"Bangor, ME","Washington, DC",590,49
PSA Airlines,"Baton Rouge, LA","Dallas/Fort Worth, TX",383,-23
PSA Airlines,"Baton Rouge, LA","Washington, DC",985,-32
PSA Airlines,"Birmingham, AL","Washington, DC",653,4
PSA Airlines,"Burlington, VT","Charlotte, NC",761,-29
PSA Airlines,"Burlington, VT","Charlotte, NC",761,16
PSA Airlines,"Burlington, VT","Philadelphia, PA",335,4
PSA Airlines,"Charleston, SC","Charlotte, NC",168,-16
PSA Airlines,"Charleston, SC","Charlotte, NC",168,21
PSA Airlines,"Charleston/Dunbar, WV","Charlotte, NC",221,-31
PSA Airlines,"Charlotte, NC","Akron, OH",394,142
PSA Airlines,"Charlotte, NC","Atlanta, GA",226,37
PSA Airlines,"Charlotte, NC","Atlanta, GA",226,-22
PSA Airlines,"Charlotte, NC","Birmingham, AL",350,18
PSA Airlines,"Charlotte, NC","Charleston/Dunbar, WV",221,87
PSA Airlines,"Charlotte, NC","Charleston/Dunbar, WV",221,-1
PSA Airlines,"Charlotte, NC","Cincinnati, OH",335,-20
PSA Airlines,"Charlotte, NC","Columbus, OH",347,-24
PSA Airlines,"Charlotte, NC","Dayton, OH",370,-20
PSA Airlines,"Charlotte, NC","Daytona Beach, FL",416,-32
PSA Airlines,"Charlotte, NC","Fayetteville, AR",754,1
PSA Airlines,"Charlotte, NC","Huntsville, AL",333,-9
PSA Airlines,"Charlotte, NC","Knoxville, TN",176,-12
PSA Airlines,"Charlotte, NC","Knoxville, TN",176,44
PSA Airlines,"Charlotte, NC","Lexington, KY",281,-10
PSA Airlines,"Charlotte, NC","Manchester, NH",738,6
PSA Airlines,"Charlotte, NC","Manchester, NH",738,-24
PSA Airlines,"Charlotte, NC","Melbourne, FL",490,40
PSA Airlines,"Charlotte, NC","Melbourne, FL",490,-4
PSA Airlines,"Charlotte, NC","Melbourne, FL",490,-24
PSA Airlines,"Charlotte, NC","Melbourne, FL",490,-8
PSA Airlines,"Charlotte, NC","Myrtle Beach, SC",157,-8
PSA Airlines,"Charlotte, NC","Nashville, TN",328,68
PSA Airlines,"Charlotte, NC","Panama City, FL",437,541
PSA Airlines,"Charlotte, NC","Pensacola, FL",488,7
PSA Airlines,"Charlotte, NC","Pittsburgh, PA",366,68
PSA Airlines,"Charlotte, NC","Rochester, NY",573,-9
PSA Airlines,"Charlotte, NC","Sarasota/Bradenton, FL",547,-13
PSA Airlines,"Charlotte, NC","Savannah, GA",213,-8
PSA Airlines,"Charlotte, NC","Savannah, GA",213,-17
PSA Airlines,"Charlotte, NC","Scranton/Wilkes-Barre, PA",509,8
PSA Airlines,"Charlotte, NC","Traverse City, MI",702,-9
PSA Airlines,"Charlotte, NC","Vero Beach, FL",522,-22
PSA Airlines,"Charlotte, NC","Washington, DC",331,-5
PSA Airlines,"Charlotte, NC","White Plains, NY",564,73
PSA Airlines,"Cincinnati, OH","Philadelphia, PA",507,-23
PSA Airlines,"Cincinnati, OH","Washington, DC",411,-2
PSA Airlines,"Cleveland, OH","Philadelphia, PA",363,-27
PSA Airlines,"Columbia, SC","Charlotte, NC",88,4
PSA Airlines,"Columbia, SC","Charlotte, NC",88,16
PSA Airlines,"Columbia, SC","Washington, DC",408,54
PSA Airlines,"Columbus, OH","Philadelphia, PA",407,7
PSA Airlines,"Corpus Christi, TX","Dallas/Fort Worth, TX",355,36
PSA Airlines,"Dallas/Fort Worth, TX","Augusta, GA",874,-26
PSA Airlines,"Dallas/Fort Worth, TX","Augusta, GA",874,21
PSA Airlines,"Dallas/Fort Worth, TX","Birmingham, AL",597,1
PSA Airlines,"Dallas/Fort Worth, TX","Dayton, OH",861,111
PSA Airlines,"Dallas/Fort Worth, TX","Dayton, OH",861,-32
PSA Airlines,"Dallas/Fort Worth, TX","Fort Wayne, IN",859,-3
PSA Airlines,"Dallas/Fort Worth, TX","Jackson/Vicksburg, MS",408,-29
PSA Airlines,"Dallas/Fort Worth, TX","Lafayette, LA",351,4
PSA Airlines,"Dallas/Fort Worth, TX","Midland/Odessa, TX",309,-7
PSA Airlines,"Dallas/Fort Worth, TX","Midland/Odessa, TX",309,156
PSA Airlines,"Dallas/Fort Worth, TX","Montgomery, AL",622,-11
PSA Airlines,"Dallas/Fort Worth, TX","Stillwater, OK",225,-14
PSA Airlines,"Dayton, OH","Charlotte, NC",370,-14
PSA Airlines,"Dayton, OH","Dallas/Fort Worth, TX",861,-25
PSA Airlines,"Daytona Beach, FL","Charlotte, NC",416,-10
PSA Airlines,"Detroit, MI","Philadelphia, PA",453,9
PSA Airlines,"Detroit, MI","Washington, DC",405,-31
PSA Airlines,"Evansville, IN","Dallas/Fort Worth, TX",642,-18
PSA Airlines,"Greer, SC","Charlotte, NC",75,-23
PSA Airlines,"Greer, SC","Washington, DC",396,-6
PSA Airlines,"Gulfport/Biloxi, MS","Charlotte, NC",577,-43
PSA Airlines,"Gulfport/Biloxi, MS","Charlotte, NC",577,-28
PSA Airlines,"Gulfport/Biloxi, MS","Dallas/Fort Worth, TX",500,-29
PSA Airlines,"Harrisburg, PA","Charlotte, NC",413,5
PSA Airlines,"Hartford, CT","Philadelphia, PA",195,-23
PSA Airlines,"Houston, TX","Dallas/Fort Worth, TX",247,-24
PSA Airlines,"Houston, TX","Washington, DC",1208,-35
PSA Airlines,"Houston, TX","Washington, DC",1208,4
PSA Airlines,"Houston, TX","Washington, DC",1208,-33
PSA Airlines,"Jackson/Vicksburg, MS","Charlotte, NC",562,-19
PSA Airlines,"Jackson/Vicksburg, MS","Charlotte, NC",562,6
PSA Airlines,"Kansas City, MO","Philadelphia, PA",1038,38
PSA Airlines,"Lafayette, LA","Charlotte, NC",729,-9
PSA Airlines,"Lawton/Fort Sill, OK","Dallas/Fort Worth, TX",140,30
PSA Airlines,"Lexington, KY","Charlotte, NC",281,-25
PSA Airlines,"Lexington, KY","Philadelphia, PA",520,-15
PSA Airlines,"Louisville, KY","Charlotte, NC",335,-15
PSA Airlines,"Louisville, KY","Philadelphia, PA",577,11
PSA Airlines,"Madison, WI","Philadelphia, PA",764,-35
PSA Airlines,"Madison, WI","Philadelphia, PA",764,-17
PSA Airlines,"Madison, WI","Philadelphia, PA",764,-36
PSA Airlines,"Madison, WI","Washington, DC",707,136
PSA Airlines,"Manchester, NH","Charlotte, NC",738,-2
PSA Airlines,"Manchester, NH","Washington, DC",406,-24
PSA Airlines,"Melbourne, FL","Charlotte, NC",490,-25
PSA Airlines,"Memphis, TN","Philadelphia, PA",875,-27
PSA Airlines,"Memphis, TN","Washington, DC",762,-10
PSA Airlines,"Memphis, TN","Washington, DC",762,-36
PSA Airlines,"Milwaukee, WI","Washington, DC",634,-33
PSA Airlines,"Myrtle Beach, SC","Charlotte, NC",157,-8
PSA Airlines,"Myrtle Beach, SC","Charlotte, NC",157,-21
PSA Airlines,"Myrtle Beach, SC","Charlotte, NC",157,-17
PSA Airlines,"Myrtle Beach, SC","Washington, DC",372,-8
PSA Airlines,"Nashville, TN","Philadelphia, PA",675,-10
PSA Airlines,"Nashville, TN","Washington, DC",562,48
PSA Airlines,"Norfolk, VA","Washington, DC",142,-3
PSA Airlines,"Oklahoma City, OK","Charlotte, NC",940,-18
PSA Airlines,"Pensacola, FL","Charlotte, NC",488,2
PSA Airlines,"Pensacola, FL","Washington, DC",816,0
PSA Airlines,"Pensacola, FL","Washington, DC",816,-7
PSA Airlines,"Philadelphia, PA","Atlanta, GA",666,33
PSA Airlines,"Philadelphia, PA","Birmingham, AL",772,11
PSA Airlines,"Philadelphia, PA","Birmingham, AL",772,-6
PSA Airlines,"Philadelphia, PA","Cincinnati, OH",507,-25
PSA Airlines,"Philadelphia, PA","Cleveland, OH",363,-4
PSA Airlines,"Philadelphia, PA","Columbus, OH",407,-27
PSA Airlines,"Philadelphia, PA","Milwaukee, WI",690,-3
PSA Airlines,"Philadelphia, PA","Minneapolis, MN",981,-18
PSA Airlines,"Philadelphia, PA","Minneapolis, MN",981,-3
PSA Airlines,"Philadelphia, PA","Minneapolis, MN",981,-39
PSA Airlines,"Philadelphia, PA","Minneapolis, MN",981,-25
PSA Airlines,"Philadelphia, PA","Norfolk, VA",212,3
PSA Airlines,"Philadelphia, PA","Providence, RI",237,13
PSA Airlines,"Philadelphia, PA","Sarasota/Bradenton, FL",957,-4
PSA Airlines,"Philadelphia, PA","Savannah, GA",630,-11
PSA Airlines,"Philadelphia, PA","St. Louis, MO",814,-23
PSA Airlines,"Philadelphia, PA","Traverse City, MI",627,-21
PSA Airlines,"Philadelphia, PA","Washington, DC",120,-26
PSA Airlines,"Portland, ME","Washington, DC",482,49
PSA Airlines,"Providence, RI","Washington, DC",356,61
PSA Airlines,"Raleigh/Durham, NC","Washington, DC",227,26
PSA Airlines,"Rochester, NY","Washington, DC",296,-19
PSA Airlines,"Sarasota/Bradenton, FL","Charlotte, NC",547,40
PSA Airlines,"Savannah, GA","Charlotte, NC",213,-25
PSA Airlines,"Savannah, GA","Philadelphia, PA",630,-13
PSA Airlines,"Savannah, GA","Philadelphia, PA",630,-22
PSA Airlines,"South Bend, IN","Charlotte, NC",534,-9
PSA Airlines,"St. Louis, MO","Dallas/Fort Worth, TX",550,-16
PSA Airlines,"Washington, DC","Birmingham, AL",653,-9
PSA Airlines,"Washington, DC","Birmingham, AL",653,-24
PSA Airlines,"Washington, DC","Charleston, SC",444,24
PSA Airlines,"Washington, DC","Charleston, SC",444,-8
PSA Airlines,"Washington, DC","Charlotte, NC",331,53
PSA Airlines,"Washington, DC","Des Moines, IA",897,-13
PSA Airlines,"Washington, DC","Detroit, MI",405,12
PSA Airlines,"Washington, DC","Detroit, MI",405,135
PSA Airlines,"Washington, DC","Grand Rapids, MI",524,0
PSA Airlines,"Washington, DC","Grand Rapids, MI",524,-8
PSA Airlines,"Washington, DC","Hartford, CT",313,-4
PSA Airlines,"Washington, DC","Huntsville, AL",613,6
PSA Airlines,"Washington, DC","Huntsville, AL",613,0
PSA Airlines,"Washington, DC","Knoxville, TN",437,-18
PSA Airlines,"Washington, DC","Knoxville, TN",437,-28
PSA Airlines,"Washington, DC","Madison, WI",707,-15
PSA Airlines,"Washington, DC","Memphis, TN",762,2
PSA Airlines,"Washington, DC","Minneapolis, MN",931,-4
PSA Airlines,"Washington, DC","New Orleans, LA",969,-14
PSA Airlines,"Washington, DC","Tallahassee, FL",716,-42
PSA Airlines,"Washington, DC","White Plains, NY",234,-21
PSA Airlines,"Washington, DC","Wichita, KS",1110,21
PSA Airlines,"Washington, DC","Wilmington, NC",320,10
PSA Airlines,"Washington, DC","Wilmington, NC",320,-23
PSA Airlines,"Washington, DC","Wilmington, NC",320,28
PSA Airlines,"White Plains, NY","Charlotte, NC",564,-19
PSA Airlines,"White Plains, NY","Washington, DC",234,98
PSA Airlines,"Wichita, KS","Washington, DC",1110,-27
Republic Airways,"Atlanta, GA","New York, NY",762,-13
Republic Airways,"Bangor, ME","Newark, NJ",393,-19
Republic Airways,"Boston, MA","Baltimore, MD",369,-4
Republic Airways,"Boston, MA","Buffalo, NY",395,-27
Republic Airways,"Boston, MA","Charlotte, NC",728,19
Republic Airways,"Boston, MA","Chicago, IL",867,-6
Republic Airways,"Boston, MA","Cincinnati, OH",752,-23
Republic Airways,"Boston, MA","Cincinnati, OH",752,-8
Republic Airways,"Boston, MA","Indianapolis, IN",818,62
Republic Airways,"Boston, MA","Indianapolis, IN",818,62
Republic Airways,"Boston, MA","Indianapolis, IN",818,0
Republic Airways,"Boston, MA","Indianapolis, IN",818,15
Republic Airways,"Boston, MA","Indianapolis, IN",818,22
Republic Airways,"Boston, MA","Myrtle Beach, SC",738,18
Republic Airways,"Boston, MA","New York, NY",184,5
Republic Airways,"Boston, MA","New York, NY",184,-6
Republic Airways,"Boston, MA","New York, NY",184,-25
Republic Airways,"Boston, MA","New York, NY",184,-18
Republic Airways,"Boston, MA","New York, NY",187,6
Republic Airways,"Boston, MA","New York, NY",187,-13
Republic Airways,"Boston, MA","New York, NY",187,6
Republic Airways,"Boston, MA","New York, NY",187,51
Republic Airways,"Boston, MA","Philadelphia, PA",280,-2
Republic Airways,"Boston, MA","Philadelphia, PA",280,-18
Republic Airways,"Boston, MA","Philadelphia, PA",280,-3
Republic Airways,"Boston, MA","Pittsburgh, PA",496,-18
Republic Airways,"Boston, MA","Pittsburgh, PA",496,-23
Republic Airways,"Boston, MA","Rochester, NY",343,141
Republic Airways,"Boston, MA","Rochester, NY",343,25
Republic Airways,"Boston, MA","Savannah, GA",901,-8
Republic Airways,"Boston, MA","Syracuse, NY",265,-18
Republic Airways,"Boston, MA","Syracuse, NY",265,-18
Republic Airways,"Boston, MA","Washington, DC",399,0
Republic Airways,"Boston, MA","Washington, DC",399,-29
Republic Airways,"Boston, MA","Wilmington, NC",672,-18
Republic Airways,"Buffalo, NY","Boston, MA",395,125
Republic Airways,"Buffalo, NY","New York, NY",292,7
Republic Airways,"Burlington, VT","Newark, NJ",266,-23
Republic Airways,"Charleston, SC","New York, NY",641,-18
Republic Airways,"Charlotte, NC","New York, NY",542,-11
Republic Airways,"Chicago, IL","Baltimore, MD",622,45
Republic Airways,"Chicago, IL","Boston, MA",867,-6
Republic Airways,"Chicago, IL","Columbus, OH",296,-30
Republic Airways,"Chicago, IL","Des Moines, IA",299,-4
Republic Airways,"Chicago, IL","Houston, TX",925,-29
Republic Airways,"Chicago, IL","Houston, TX",925,47
Republic Airways,"Chicago, IL","Indianapolis, IN",177,-13
Republic Airways,"Chicago, IL","Indianapolis, IN",177,-1
Republic Airways,"Chicago, IL","Indianapolis, IN",177,37
Republic Airways,"Chicago, IL","Indianapolis, IN",177,-16
Republic Airways,"Chicago, IL","Jacksonville, FL",864,17
Republic Airways,"Chicago, IL","Jacksonville, FL",864,-6
Republic Airways,"Chicago, IL","Kansas City, MO",403,-21
Republic Airways,"Chicago, IL","Key West, FL",1251,-8
Republic Airways,"Chicago, IL","Louisville, KY",286,-14
Republic Airways,"Chicago, IL","Louisville, KY",286,-28
Republic Airways,"Chicago, IL","Madison, WI",108,-12
Republic Airways,"Chicago, IL","Memphis, TN",491,-19
Republic Airways,"Chicago, IL","Nashville, TN",409,-17
Republic Airways,"Chicago, IL","Panama City, FL",810,-23
Republic Airways,"Chicago, IL","Panama City, FL",810,-11
Republic Airways,"Chicago, IL","Pittsburgh, PA",413,-25
Republic Airways,"Chicago, IL","Portland, ME",900,-32
Republic Airways,"Chicago, IL","Raleigh/Durham, NC",646,17
Republic Airways,"Chicago, IL","Rochester, NY",528,7
Republic Airways,"Chicago, IL","Syracuse, NY",607,2
Republic Airways,"Cincinnati, OH","Boston, MA",752,-11
Republic Airways,"Cincinnati, OH","Boston, MA",752,-21
Republic Airways,"Cincinnati, OH","Newark, NJ",569,6
Republic Airways,"Cincinnati, OH","Washington, DC",388,-13
Republic Airways,"Columbia, SC","New York, NY",617,-19
Republic Airways,"Columbus, OH","Boston, MA",640,-19
Republic Airways,"Columbus, OH","Boston, MA",640,24
Republic Airways,"Columbus, OH","Boston, MA",640,-26
Republic Airways,"Columbus, OH","Boston, MA",640,-32
Republic Airways,"Columbus, OH","Boston, MA",640,-22
Republic Airways,"Columbus, OH","Chicago, IL",296,-23
Republic Airways,"Columbus, OH","Chicago, IL",296,-13
Republic Airways,"Columbus, OH","Newark, NJ",463,-17
Republic Airways,"Columbus, OH","Newark, NJ",463,-23
Republic Airways,"Columbus, OH","Philadelphia, PA",407,-18
Republic Airways,"Columbus, OH","Philadelphia, PA",407,-13
Republic Airways,"Columbus, OH","Washington, DC",323,-18
Republic Airways,"Dallas/Fort Worth, TX","Chicago, IL",802,-3
Republic Airways,"Dallas/Fort Worth, TX","Newark, NJ",1372,-11
Republic Airways,"Des Moines, IA","Chicago, IL",299,-21
Republic Airways,"Des Moines, IA","New York, NY",1031,36
Republic Airways,"Detroit, MI","Columbus, OH",155,3
Republic Airways,"Detroit, MI","Columbus, OH",155,18
Republic Airways,"Detroit, MI","Louisville, KY",306,77
Republic Airways,"Detroit, MI","New York, NY",502,-2
Republic Airways,"Detroit, MI","Newark, NJ",488,-11
Republic Airways,"Fayetteville, AR","New York, NY",1147,-23
Republic Airways,"Grand Rapids, MI","Chicago, IL",137,230
Republic Airways,"Grand Rapids, MI","New York, NY",618,-14
Republic Airways,"Grand Rapids, MI","Newark, NJ",605,-22
Republic Airways,"Greensboro/High Point, NC","Newark, NJ",445,52
Republic Airways,"Greer, SC","New York, NY",610,43
Republic Airways,"Harrisburg, PA","Boston, MA",335,-20
Republic Airways,"Hilton Head, SC","Atlanta, GA",238,-10
Republic Airways,"Hilton Head, SC","Atlanta, GA",238,-20
Republic Airways,"Houston, TX","Chicago, IL",925,-26
Republic Airways,"Indianapolis, IN","Boston, MA",818,-19
Republic Airways,"Indianapolis, IN","New York, NY",660,17
Republic Airways,"Indianapolis, IN","New York, NY",660,-7
Republic Airways,"Indianapolis, IN","New York, NY",660,-11
Republic Airways,"Indianapolis, IN","Philadelphia, PA",588,-24
Republic Airways,"Indianapolis, IN","Washington, DC",500,23
Republic Airways,"Jacksonville, FL","Boston, MA",1011,-15
Republic Airways,"Jacksonville, FL","Boston, MA",1011,43
Republic Airways,"Jacksonville, FL","Washington, DC",634,-20
Republic Airways,"Key West, FL","New York, NY",1207,-13
Republic Airways,"Lexington, KY","Detroit, MI",296,-4
Republic Airways,"Louisville, KY","Chicago, IL",286,7
Republic Airways,"Louisville, KY","Chicago, IL",286,-16
Republic Airways,"Louisville, KY","New York, NY",659,2
Republic Airways,"Louisville, KY","Washington, DC",451,-19
Republic Airways,"Louisville, KY","Washington, DC",474,-20
Republic Airways,"Madison, WI","Newark, NJ",799,-10
Republic Airways,"Madison, WI","Newark, NJ",799,-23
Republic Airways,"Martha's Vineyard, MA","New York, NY",175,-9
Republic Airways,"Memphis, TN","Chicago, IL",491,-25
Republic Airways,"Memphis, TN","Chicago, IL",491,254
Republic Airways,"Miami, FL","Jackson/Vicksburg, MS",742,-12
Republic Airways,"Miami, FL","Kansas City, MO",1251,10
Republic Airways,"Milwaukee, WI","New York, NY",738,-17
Republic Airways,"Minneapolis, MN","Newark, NJ",1008,-16
Republic Airways,"Nantucket, MA","New York, NY",199,8
Republic Airways,"Nashville, TN","New York, NY",765,-24
Republic Airways,"Nashville, TN","New York, NY",765,-15
Republic Airways,"Nashville, TN","Washington, DC",562,-30
Republic Airways,"Nashville, TN","Washington, DC",562,-7
Republic Airways,"New York, NY","Atlanta, GA",762,-17
Republic Airways,"New York, NY","Atlanta, GA",762,0
Republic Airways,"New York, NY","Atlanta, GA",762,32
Republic Airways,"New York, NY","Bangor, ME",378,68
Republic Airways,"New York, NY","Boston, MA",184,-32
Republic Airways,"New York, NY","Boston, MA",184,4
Republic Airways,"New York, NY","Boston, MA",184,-27
Republic Airways,"New York, NY","Boston, MA",184,-4
Republic Airways,"New York, NY","Boston, MA",184,-18
Republic Airways,"New York, NY","Boston, MA",187,172
Republic Airways,"New York, NY","Boston, MA",187,-6
Republic Airways,"New York, NY","Boston, MA",187,85
Republic Airways,"New York, NY","Charlotte, NC",544,-29
Republic Airways,"New York, NY","Chicago, IL",740,-37
Republic Airways,"New York, NY","Cleveland, OH",419,-11
Republic Airways,"New York, NY","Columbus, OH",479,-32
Republic Airways,"New York, NY","Detroit, MI",502,25
Republic Airways,"New York, NY","Detroit, MI",502,-17
Republic Airways,"New York, NY","Fayetteville, AR",1147,-8
Republic Airways,"New York, NY","Grand Rapids, MI",618,68
Republic Airways,"New York, NY","Greensboro/High Point, NC",461,-19
Republic Airways,"New York, NY","Hilton Head, SC",701,7
Republic Airways,"New York, NY","Indianapolis, IN",660,-5
Republic Airways,"New York, NY","Indianapolis, IN",660,51
Republic Airways,"New York, NY","Indianapolis, IN",660,-17
Republic Airways,"New York, NY","Indianapolis, IN",660,-7
Republic Airways,"New York, NY","Indianapolis, IN",660,-25
Republic Airways,"New York, NY","Indianapolis, IN",660,2
Republic Airways,"New York, NY","Indianapolis, IN",665,58
Republic Airways,"New York, NY","Jacksonville, FL",829,-14
Republic Airways,"New York, NY","Jacksonville, FL",834,83
Republic Airways,"New York, NY","Jacksonville, FL",834,-33
Republic Airways,"New York, NY","Louisville, KY",659,7
Republic Airways,"New York, NY","Madison, WI",812,-23
Republic Airways,"New York, NY","Martha's Vineyard, MA",175,-22
Republic Airways,"New York, NY","Martha's Vineyard, MA",175,31
Republic Airways,"New York, NY","Norfolk, VA",290,-38
Republic Airways,"New York, NY","Norfolk, VA",296,-33
Republic Airways,"New York, NY","Norfolk, VA",296,-7
Republic Airways,"New York, NY","Richmond, VA",291,-22
Republic Airways,"New York, NY","Richmond, VA",291,-8
Republic Airways,"New York, NY","Savannah, GA",722,-9
Republic Airways,"New York, NY","St. Louis, MO",888,54
Republic Airways,"New York, NY","St. Louis, MO",888,-6
Republic Airways,"New York, NY","St. Louis, MO",888,21
Republic Airways,"New York, NY","Washington, DC",214,2
Republic Airways,"New York, NY","Washington, DC",214,9
Republic Airways,"New York, NY","Washington, DC",214,13
Republic Airways,"New York, NY","Washington, DC",228,-18
Republic Airways,"New York, NY","Wilmington, NC",500,74
Republic Airways,"Newark, NJ","Bangor, ME",393,-23
Republic Airways,"Newark, NJ","Bangor, ME",393,-30
Republic Airways,"Newark, NJ","Boston, MA",200,-14
Republic Airways,"Newark, NJ","Buffalo, NY",282,69
Republic Airways,"Newark, NJ","Charleston, SC",628,-22
Republic Airways,"Newark, NJ","Cincinnati, OH",569,-29
Republic Airways,"Newark, NJ","Cleveland, OH",404,-18
Republic Airways,"Newark, NJ","Columbus, OH",463,14
Republic Airways,"Newark, NJ","Detroit, MI",488,-16
Republic Airways,"Newark, NJ","Grand Rapids, MI",605,-13
Republic Airways,"Newark, NJ","Greensboro/High Point, NC",445,-14
Republic Airways,"Newark, NJ","Greensboro/High Point, NC",445,1
Republic Airways,"Newark, NJ","Greensboro/High Point, NC",445,-36
Republic Airways,"Newark, NJ","Greer, SC",594,0
Republic Airways,"Newark, NJ","Indianapolis, IN",645,-1
Republic Airways,"Newark, NJ","Indianapolis, IN",645,8
Republic Airways,"Newark, NJ","Indianapolis, IN",645,15
Republic Airways,"Newark, NJ","Indianapolis, IN",645,-18
Republic Airways,"Newark, NJ","Memphis, TN",946,-20
Republic Airways,"Newark, NJ","Memphis, TN",946,-36
Republic Airways,"Newark, NJ","Milwaukee, WI",725,-16
Republic Airways,"Newark, NJ","Norfolk, VA",284,-15
Republic Airways,"Newark, NJ","Norfolk, VA",284,-19
Republic Airways,"Newark, NJ","Pittsburgh, PA",319,-11
Republic Airways,"Newark, NJ","Portland, ME",284,-18
Republic Airways,"Newark, NJ","Portland, ME",284,-17
Republic Airways,"Newark, NJ","Raleigh/Durham, NC",416,-28
Republic Airways,"Newark, NJ","St. Louis, MO",872,-6
Republic Airways,"Newark, NJ","St. Louis, MO",872,-20
Republic Airways,"Newark, NJ","Wilmington, NC",488,-19
Republic Airways,"Newark, NJ","Wilmington, NC",488,-31
Republic Airways,"Norfolk, VA","New York, NY",296,-19
Republic Airways,"Oklahoma City, OK","Chicago, IL",693,2
Republic Airways,"Oklahoma City, OK","New York, NY",1341,24
Republic Airways,"Omaha, NE","Philadelphia, PA",1089,-5
Republic Airways,"Philadelphia, PA","Boston, MA",280,-15
Republic Airways,"Philadelphia, PA","Boston, MA",280,-3
Republic Airways,"Philadelphia, PA","Boston, MA",280,75
Republic Airways,"Philadelphia, PA","Indianapolis, IN",588,-30
Republic Airways,"Philadelphia, PA","Indianapolis, IN",588,17
Republic Airways,"Philadelphia, PA","Louisville, KY",577,-37
Republic Airways,"Philadelphia, PA","Omaha, NE",1089,-21
Republic Airways,"Philadelphia, PA","Pittsburgh, PA",268,-8
Republic Airways,"Philadelphia, PA","Raleigh/Durham, NC",337,2
Republic Airways,"Philadelphia, PA","Raleigh/Durham, NC",337,13
Republic Airways,"Philadelphia, PA","Washington, DC",135,-16
Republic Airways,"Pittsburgh, PA","Chicago, IL",413,-5
Republic Airways,"Pittsburgh, PA","Chicago, IL",413,-26
Republic Airways,"Pittsburgh, PA","New York, NY",335,105
Republic Airways,"Pittsburgh, PA","New York, NY",340,5
Republic Airways,"Pittsburgh, PA","Newark, NJ",319,-16
Republic Airways,"Pittsburgh, PA","Newark, NJ",319,26
Republic Airways,"Pittsburgh, PA","Newark, NJ",319,-10
Republic Airways,"Pittsburgh, PA","Washington, DC",182,-17
Republic Airways,"Pittsburgh, PA","Washington, DC",204,-2
Republic Airways,"Pittsburgh, PA","Washington, DC",204,27
Republic Airways,"Portland, ME","New York, NY",269,-14
Republic Airways,"Portland, ME","New York, NY",269,-18
Republic Airways,"Portland, ME","Washington, DC",493,2
Republic Airways,"Portland, ME","Washington, DC",493,-10
Republic Airways,"Portland, ME","Washington, DC",493,-33
Republic Airways,"Raleigh/Durham, NC","Chicago, IL",646,-46
Republic Airways,"Raleigh/Durham, NC","Nashville, TN",442,31
Republic Airways,"Raleigh/Durham, NC","New York, NY",431,-25
Republic Airways,"Raleigh/Durham, NC","New York, NY",431,-21
Republic Airways,"Raleigh/Durham, NC","Pittsburgh, PA",328,-9
Republic Airways,"Raleigh/Durham, NC","Washington, DC",225,-28
Republic Airways,"Roanoke, VA","Chicago, IL",530,-36
Republic Airways,"Roanoke, VA","New York, NY",405,-18
Republic Airways,"Rochester, NY","Chicago, IL",528,-10
Republic Airways,"Rochester, NY","Chicago, IL",528,-19
Republic Airways,"Rochester, NY","Newark, NJ",246,233
Republic Airways,"St. Louis, MO","Newark, NJ",872,-32
Republic Airways,"St. Louis, MO","Newark, NJ",872,-23
Republic Airways,"Syracuse, NY","Chicago, IL",607,-38
Republic Airways,"Traverse City, MI","Chicago, IL",224,32
Republic Airways,"Traverse City, MI","Chicago, IL",224,-27
Republic Airways,"Washington, DC","Atlanta, GA",547,-22
Republic Airways,"Washington, DC","Boston, MA",399,-1
Republic Airways,"Washington, DC","Boston, MA",399,-17
Republic Airways,"Washington, DC","Chicago, IL",612,12
Republic Airways,"Washington, DC","Indianapolis, IN",476,-8
Republic Airways,"Washington, DC","Indianapolis, IN",500,-2
Republic Airways,"Washington, DC","Indianapolis, IN",500,-6
Republic Airways,"Washington, DC","Memphis, TN",762,51
Republic Airways,"Washington, DC","New Orleans, LA",969,-28
Republic Airways,"Washington, DC","New York, NY",214,-21
Republic Airways,"Washington, DC","New York, NY",214,79
Republic Airways,"Washington, DC","New York, NY",214,1
Republic Airways,"Washington, DC","New York, NY",214,-10
Republic Airways,"Washington, DC","New York, NY",228,-22
Republic Airways,"Washington, DC","New York, NY",228,-26
Republic Airways,"Washington, DC","New York, NY",228,685
Republic Airways,"Washington, DC","Philadelphia, PA",135,-24
Republic Airways,"Washington, DC","Pittsburgh, PA",204,33
Republic Airways,"Wilmington, NC","New York, NY",500,-17
SkyWest Airlines,"Aberdeen, SD","Minneapolis, MN",257,-16
SkyWest Airlines,"Abilene, TX","Denver, CO",584,-33
SkyWest Airlines,"Abilene, TX","Houston, TX",306,10
SkyWest Airlines,"Akron, OH","Chicago, IL",344,3
SkyWest Airlines,"Akron, OH","Chicago, IL",344,-4
SkyWest Airlines,"Albany, NY","Detroit, MI",489,-14
SkyWest Airlines,"Albuquerque, NM","Denver, CO",349,-32
SkyWest Airlines,"Albuquerque, NM","Los Angeles, CA",677,-3
SkyWest Airlines,"Appleton, WI","Chicago, IL",160,120
SkyWest Airlines,"Appleton, WI","Chicago, IL",160,-22
SkyWest Airlines,"Appleton, WI","Detroit, MI",296,-16
SkyWest Airlines,"Arcata/Eureka, CA","Denver, CO",1026,20
SkyWest Airlines,"Arcata/Eureka, CA","San Francisco, CA",250,49
SkyWest Airlines,"Arcata/Eureka, CA","San Francisco, CA",250,36
SkyWest Airlines,"Aspen, CO","Houston, TX",913,-18
SkyWest Airlines,"Atlanta, GA","Fayetteville, AR",589,-1
SkyWest Airlines,"Atlanta, GA","Jacksonville/Camp Lejeune, NC",399,-8
SkyWest Airlines,"Atlanta, GA","Shreveport, LA",552,25
SkyWest Airlines,"Atlanta, GA","Shreveport, LA",552,-2
SkyWest Airlines,"Atlanta, GA","South Bend, IN",566,-25
SkyWest Airlines,"Atlanta, GA","South Bend, IN",566,18
SkyWest Airlines,"Austin, TX","Jacksonville, FL",953,-34
SkyWest Airlines,"Austin, TX","Los Angeles, CA",1242,22
SkyWest Airlines,"Austin, TX","Los Angeles, CA",1242,-20
SkyWest Airlines,"Austin, TX","Minneapolis, MN",1042,-20
SkyWest Airlines,"Austin, TX","Panama City, FL",710,8
SkyWest Airlines,"Bakersfield, CA","Phoenix, AZ",425,3
SkyWest Airlines,"Bakersfield, CA","Phoenix, AZ",425,-6
SkyWest Airlines,"Bakersfield, CA","Phoenix, AZ",425,0
SkyWest Airlines,"Bakersfield, CA","Phoenix, AZ",425,-16
SkyWest Airlines,"Beaumont/Port Arthur, TX","Dallas/Fort Worth, TX",270,-15
SkyWest Airlines,"Bellingham, WA","Seattle, WA",93,-17
SkyWest Airlines,"Bellingham, WA","Seattle, WA",93,1
SkyWest Airlines,"Bellingham, WA","Seattle, WA",93,11
SkyWest Airlines,"Bellingham, WA","Seattle, WA",93,6
SkyWest Airlines,"Bend/Redmond, OR","San Francisco, CA",462,34
SkyWest Airlines,"Bend/Redmond, OR","Seattle, WA",228,8
SkyWest Airlines,"Billings, MT","Denver, CO",455,-32
SkyWest Airlines,"Billings, MT","Denver, CO",455,-21
SkyWest Airlines,"Binghamton, NY","Detroit, MI",378,-18
SkyWest Airlines,"Birmingham, AL","Denver, CO",1083,-22
SkyWest Airlines,"Bismarck/Mandan, ND","Denver, CO",516,-34
SkyWest Airlines,"Bismarck/Mandan, ND","Denver, CO",516,-10
SkyWest Airlines,"Boise, ID","Los Angeles, CA",674,9
SkyWest Airlines,"Boise, ID","San Francisco, CA",522,22
SkyWest Airlines,"Boise, ID","San Francisco, CA",522,63
SkyWest Airlines,"Boise, ID","Seattle, WA",399,-30
SkyWest Airlines,"Boise, ID","Seattle, WA",399,0
SkyWest Airlines,"Bozeman, MT","Denver, CO",524,-34
SkyWest Airlines,"Bozeman, MT","Salt Lake City, UT",347,1
SkyWest Airlines,"Bozeman, MT","Seattle, WA",543,-5
SkyWest Airlines,"Bozeman, MT","Seattle, WA",543,19
SkyWest Airlines,"Brainerd, MN","Minneapolis, MN",114,-22
SkyWest Airlines,"Buffalo, NY","Detroit, MI",241,99
SkyWest Airlines,"Burbank, CA","Eugene, OR",732,-28
SkyWest Airlines,"Burbank, CA","Salt Lake City, UT",574,-29
SkyWest Airlines,"Burlington, VT","Chicago, IL",763,-2
SkyWest Airlines,"Butte, MT","Salt Lake City, UT",357,39
SkyWest Airlines,"Casper, WY","Denver, CO",230,-25
SkyWest Airlines,"Casper, WY","Denver, CO",230,-20
SkyWest Airlines,"Casper, WY","Denver, CO",230,-9
SkyWest Airlines,"Cedar Rapids/Iowa City, IA","Chicago, IL",196,17
SkyWest Airlines,"Cedar Rapids/Iowa City, IA","Denver, CO",692,-5
SkyWest Airlines,"Charlotte, NC","Kansas City, MO",808,7
SkyWest Airlines,"Charlotte, NC","Lewisburg, WV",185,-13
SkyWest Airlines,"Charlotte, NC","Lewisburg, WV",185,-11
SkyWest Airlines,"Chattanooga, TN","Houston, TX",686,3
SkyWest Airlines,"Chicago, IL","Akron, OH",344,-7
SkyWest Airlines,"Chicago, IL","Akron, OH",344,20
SkyWest Airlines,"Chicago, IL","Akron, OH",344,147
SkyWest Airlines,"Chicago, IL","Appleton, WI",160,54
SkyWest Airlines,"Chicago, IL","Appleton, WI",160,-11
SkyWest Airlines,"Chicago, IL","Boise, ID",1437,25
SkyWest Airlines,"Chicago, IL","Burlington, VT",763,-18
SkyWest Airlines,"Chicago, IL","Cedar Rapids/Iowa City, IA",196,8
SkyWest Airlines,"Chicago, IL","Cedar Rapids/Iowa City, IA",196,9
SkyWest Airlines,"Chicago, IL","Charleston/Dunbar, WV",416,12
SkyWest Airlines,"Chicago, IL","Charleston/Dunbar, WV",416,-10
SkyWest Airlines,"Chicago, IL","Cleveland, OH",316,-15
SkyWest Airlines,"Chicago, IL","Columbia, MO",315,23
SkyWest Airlines,"Chicago, IL","Des Moines, IA",299,56
SkyWest Airlines,"Chicago, IL","Detroit, MI",235,37
SkyWest Airlines,"Chicago, IL","Duluth, MN",397,2
SkyWest Airlines,"Chicago, IL","Fargo, ND",557,-23
SkyWest Airlines,"Chicago, IL","Flint, MI",223,-22
SkyWest Airlines,"Chicago, IL","Flint, MI",223,48
SkyWest Airlines,"Chicago, IL","Flint, MI",223,-13
SkyWest Airlines,"Chicago, IL","Fort Dodge, IA",324,-16
SkyWest Airlines,"Chicago, IL","Fort Dodge, IA",324,3
SkyWest Airlines,"Chicago, IL","Grand Rapids, MI",137,-27
SkyWest Airlines,"Chicago, IL","Greensboro/High Point, NC",589,-24
SkyWest Airlines,"Chicago, IL","Greensboro/High Point, NC",589,10
SkyWest Airlines,"Chicago, IL","Greer, SC",577,-31
SkyWest Airlines,"Chicago, IL","Hancock/Houghton, MI",360,-13
SkyWest Airlines,"Chicago, IL","Hancock/Houghton, MI",360,-4
SkyWest Airlines,"Chicago, IL","Kansas City, MO",403,9
SkyWest Airlines,"Chicago, IL","Kansas City, MO",403,-15
SkyWest Airlines,"Chicago, IL","Knoxville, TN",475,28
SkyWest Airlines,"Chicago, IL","Lewisburg, WV",489,-5
SkyWest Airlines,"Chicago, IL","Lincoln, NE",466,26
SkyWest Airlines,"Chicago, IL","Milwaukee, WI",67,-14
SkyWest Airlines,"Chicago, IL","Milwaukee, WI",67,-16
SkyWest Airlines,"Chicago, IL","Milwaukee, WI",67,-2
SkyWest Airlines,"Chicago, IL","Minneapolis, MN",334,173
SkyWest Airlines,"Chicago, IL","Moline, IL",139,-24
SkyWest Airlines,"Chicago, IL","Montrose/Delta, CO",1081,-20
SkyWest Airlines,"Chicago, IL","Nashville, TN",409,38
SkyWest Airlines,"Chicago, IL","Nashville, TN",409,23
SkyWest Airlines,"Chicago, IL","Oklahoma City, OK",693,3
SkyWest Airlines,"Chicago, IL","Rapid City, SD",780,-18
SkyWest Airlines,"Chicago, IL","Rapid City, SD",780,-2
SkyWest Airlines,"Chicago, IL","Richmond, VA",642,29
SkyWest Airlines,"Chicago, IL","Roanoke, VA",530,16
SkyWest Airlines,"Chicago, IL","Rochester, MN",268,45
SkyWest Airlines,"Chicago, IL","Sioux Falls, SD",462,-42
SkyWest Airlines,"Chicago, IL","South Bend, IN",84,-26
SkyWest Airlines,"Chicago, IL","South Bend, IN",84,85
SkyWest Airlines,"Chicago, IL","St. Louis, MO",258,-18
SkyWest Airlines,"Chicago, IL","Traverse City, MI",224,-12
SkyWest Airlines,"Chicago, IL","Tulsa, OK",585,-1
SkyWest Airlines,"Chicago, IL","Tulsa, OK",585,-1
SkyWest Airlines,"Chicago, IL","Wichita, KS",588,-2
SkyWest Airlines,"Chicago, IL","Wichita, KS",588,79
SkyWest Airlines,"Colorado Springs, CO","Salt Lake City, UT",411,-7
SkyWest Airlines,"Columbia, MO","Chicago, IL",315,240
SkyWest Airlines,"Corpus Christi, TX","Dallas/Fort Worth, TX",355,9
SkyWest Airlines,"Corpus Christi, TX","Houston, TX",201,23
SkyWest Airlines,"Corpus Christi, TX","Houston, TX",201,78
SkyWest Airlines,"Dallas/Fort Worth, TX","Birmingham, AL",597,-24
SkyWest Airlines,"Dallas/Fort Worth, TX","Grand Island, NE",562,-14
SkyWest Airlines,"Dallas/Fort Worth, TX","Killeen, TX",134,-12
SkyWest Airlines,"Dallas/Fort Worth, TX","Midland/Odessa, TX",309,-27
SkyWest Airlines,"Dallas/Fort Worth, TX","Midland/Odessa, TX",309,-23
SkyWest Airlines,"Dallas/Fort Worth, TX","Monroe, LA",293,-8
SkyWest Airlines,"Dallas/Fort Worth, TX","San Antonio, TX",247,-18
SkyWest Airlines,"Dallas/Fort Worth, TX","San Antonio, TX",247,28
SkyWest Airlines,"Dallas/Fort Worth, TX","Santa Fe, NM",551,-8
SkyWest Airlines,"Dallas/Fort Worth, TX","South Bend, IN",846,-9
SkyWest Airlines,"Dallas/Fort Worth, TX","Springfield, MO",364,-1
SkyWest Airlines,"Dallas/Fort Worth, TX","Stillwater, OK",225,-11
SkyWest Airlines,"Dallas/Fort Worth, TX","Tyler, TX",102,-21
SkyWest Airlines,"Dallas/Fort Worth, TX","Waco, TX",90,-13
SkyWest Airlines,"Dallas/Fort Worth, TX","Yuma, AZ",1022,-3
SkyWest Airlines,"Denver, CO","Aspen, CO",125,-21
SkyWest Airlines,"Denver, CO","Austin, TX",775,-2
SkyWest Airlines,"Denver, CO","Bakersfield, CA",845,-8
SkyWest Airlines,"Denver, CO","Billings, MT",455,-2
SkyWest Airlines,"Denver, CO","Billings, MT",455,-17
SkyWest Airlines,"Denver, CO","Bismarck/Mandan, ND",516,-26
SkyWest Airlines,"Denver, CO","Casper, WY",230,26
SkyWest Airlines,"Denver, CO","Cheyenne, WY",90,668
SkyWest Airlines,"Denver, CO","Cheyenne, WY",90,27
SkyWest Airlines,"Denver, CO","Cody, WY",391,11
SkyWest Airlines,"Denver, CO","Colorado Springs, CO",73,-27
SkyWest Airlines,"Denver, CO","Colorado Springs, CO",73,-14
SkyWest Airlines,"Denver, CO","Colorado Springs, CO",73,9
SkyWest Airlines,"Denver, CO","Colorado Springs, CO",73,15
SkyWest Airlines,"Denver, CO","Columbia, MO",671,7
SkyWest Airlines,"Denver, CO","Des Moines, IA",589,-31
SkyWest Airlines,"Denver, CO","Durango, CO",251,19
SkyWest Airlines,"Denver, CO","Gillette, WY",313,-18
SkyWest Airlines,"Denver, CO","Grand Junction, CO",212,-21
SkyWest Airlines,"Denver, CO","Gunnison, CO",152,74
SkyWest Airlines,"Denver, CO","Helena, MT",594,15
SkyWest Airlines,"Denver, CO","Helena, MT",594,8
SkyWest Airlines,"Denver, CO","Helena, MT",594,-4
SkyWest Airlines,"Denver, CO","Helena, MT",594,-16
SkyWest Airlines,"Denver, CO","Idaho Falls, ID",458,-6
SkyWest Airlines,"Denver, CO","Jamestown, ND",573,-15
SkyWest Airlines,"Denver, CO","Kearney, NE",305,1
SkyWest Airlines,"Denver, CO","Kearney, NE",305,-16
SkyWest Airlines,"Denver, CO","Laramie, WY",113,-10
SkyWest Airlines,"Denver, CO","Lincoln, NE",423,-12
SkyWest Airlines,"Denver, CO","Lincoln, NE",423,-22
SkyWest Airlines,"Denver, CO","Los Angeles, CA",862,-2
SkyWest Airlines,"Denver, CO","Midland/Odessa, TX",563,-9
SkyWest Airlines,"Denver, CO","Milwaukee, WI",896,-5
SkyWest Airlines,"Denver, CO","Oklahoma City, OK",495,42
SkyWest Airlines,"Denver, CO","Palm Springs, CA",776,83
SkyWest Airlines,"Denver, CO","Pierre, SD",385,9
SkyWest Airlines,"Denver, CO","Rapid City, SD",301,-3
SkyWest Airlines,"Denver, CO","Rapid City, SD",301,8
SkyWest Airlines,"Denver, CO","San Diego, CA",853,-37
SkyWest Airlines,"Denver, CO","Santa Fe, NM",303,-11
SkyWest Airlines,"Denver, CO","Shreveport, LA",792,157
SkyWest Airlines,"Denver, CO","Sioux Falls, SD",483,-22
SkyWest Airlines,"Denver, CO","Spokane, WA",836,-7
SkyWest Airlines,"Denver, CO","Tulsa, OK",541,-16
SkyWest Airlines,"Denver, CO","Tulsa, OK",541,42
SkyWest Airlines,"Denver, CO","Wichita, KS",420,13
SkyWest Airlines,"Denver, CO","Wichita, KS",420,-24
SkyWest Airlines,"Denver, CO","Wichita, KS",420,36
SkyWest Airlines,"Denver, CO","Wichita, KS",420,-11
SkyWest Airlines,"Denver, CO","Wichita, KS",420,7
SkyWest Airlines,"Denver, CO","Wichita, KS",420,-16
SkyWest Airlines,"Denver, CO","Williston, ND",582,33
SkyWest Airlines,"Des Moines, IA","Denver, CO",589,-16
SkyWest Airlines,"Detroit, MI","Alpena, MI",198,128
SkyWest Airlines,"Detroit, MI","Binghamton, NY",378,-21
SkyWest Airlines,"Detroit, MI","Buffalo, NY",241,-3
SkyWest Airlines,"Detroit, MI","Chicago, IL",235,-7
SkyWest Airlines,"Detroit, MI","Chicago, IL",235,12
SkyWest Airlines,"Detroit, MI","Cleveland, OH",95,-15
SkyWest Airlines,"Detroit, MI","Iron Mountain/Kingsfd, MI",344,157
SkyWest Airlines,"Detroit, MI","Memphis, TN",610,-8
SkyWest Airlines,"Detroit, MI","Memphis, TN",610,-12
SkyWest Airlines,"Detroit, MI","Omaha, NE",650,-9
SkyWest Airlines,"Detroit, MI","Pellston, MI",243,3
SkyWest Airlines,"Detroit, MI","Pellston, MI",243,2
SkyWest Airlines,"Detroit, MI","Pellston, MI",243,-17
SkyWest Airlines,"Detroit, MI","Portland, ME",668,-23
SkyWest Airlines,"Dickinson, ND","Denver, CO",488,2
SkyWest Airlines,"Duluth, MN","Minneapolis, MN",144,-17
SkyWest Airlines,"Duluth, MN","Minneapolis, MN",144,-15
SkyWest Airlines,"Durango, CO","Dallas/Fort Worth, TX",674,-11
SkyWest Airlines,"Eau Claire, WI","Chicago, IL",269,-32
SkyWest Airlines,"Eau Claire, WI","Chicago, IL",269,-3
SkyWest Airlines,"El Paso, TX","Los Angeles, CA",715,-29
SkyWest Airlines,"Eugene, OR","Salt Lake City, UT",618,-8
SkyWest Airlines,"Eugene, OR","Salt Lake City, UT",618,-5
SkyWest Airlines,"Eugene, OR","Seattle, WA",234,-14
SkyWest Airlines,"Fargo, ND","Denver, CO",627,32
SkyWest Airlines,"Fargo, ND","Minneapolis, MN",223,-14
SkyWest Airlines,"Fargo, ND","Minneapolis, MN",223,-26
SkyWest Airlines,"Farmington, NM","Denver, CO",289,-23
SkyWest Airlines,"Fayetteville, AR","Atlanta, GA",589,14
SkyWest Airlines,"Fayetteville, AR","Atlanta, GA",589,-2
SkyWest Airlines,"Fayetteville, AR","Chicago, IL",522,-2
SkyWest Airlines,"Fort Wayne, IN","Chicago, IL",157,26
SkyWest Airlines,"Fort Wayne, IN","Chicago, IL",157,126
SkyWest Airlines,"Fort Wayne, IN","Chicago, IL",157,-10
SkyWest Airlines,"Fresno, CA","Los Angeles, CA",209,-10
SkyWest Airlines,"Fresno, CA","Salt Lake City, UT",501,-15
SkyWest Airlines,"Fresno, CA","Salt Lake City, UT",501,-18
SkyWest Airlines,"Fresno, CA","San Francisco, CA",158,162
SkyWest Airlines,"Fresno, CA","San Francisco, CA",158,-23
SkyWest Airlines,"Grand Forks, ND","Minneapolis, MN",284,-29
SkyWest Airlines,"Grand Junction, CO","Denver, CO",212,-24
SkyWest Airlines,"Grand Junction, CO","Phoenix, AZ",438,-33
SkyWest Airlines,"Grand Junction, CO","Phoenix, AZ",438,0
SkyWest Airlines,"Grand Junction, CO","Phoenix, AZ",438,-10
SkyWest Airlines,"Grand Junction, CO","Salt Lake City, UT",217,-21
SkyWest Airlines,"Grand Rapids, MI","Chicago, IL",137,-25
SkyWest Airlines,"Grand Rapids, MI","Minneapolis, MN",408,-23
SkyWest Airlines,"Grand Rapids, MI","Minneapolis, MN",408,-14
SkyWest Airlines,"Grand Rapids, MI","Minneapolis, MN",408,-18
SkyWest Airlines,"Grand Rapids, MI","Minneapolis, MN",408,-31
SkyWest Airlines,"Green Bay, WI","Chicago, IL",173,40
SkyWest Airlines,"Green Bay, WI","Chicago, IL",173,81
SkyWest Airlines,"Green Bay, WI","Detroit, MI",287,-19
SkyWest Airlines,"Gunnison, CO","Denver, CO",152,-12
SkyWest Airlines,"Gunnison, CO","Denver, CO",152,-17
SkyWest Airlines,"Gunnison, CO","Denver, CO",152,346
SkyWest Airlines,"Hartford, CT","Chicago, IL",783,3
SkyWest Airlines,"Hobbs, NM","Denver, CO",501,-25
SkyWest Airlines,"Houston, TX","Abilene, TX",306,-13
SkyWest Airlines,"Houston, TX","Abilene, TX",306,-6
SkyWest Airlines,"Houston, TX","Abilene, TX",306,-30
SkyWest Airlines,"Houston, TX","Cincinnati, OH",871,-12
SkyWest Airlines,"Houston, TX","Hattiesburg/Laurel, MS",372,-8
SkyWest Airlines,"Houston, TX","Little Rock, AR",374,-25
SkyWest Airlines,"Houston, TX","Memphis, TN",468,-7
SkyWest Airlines,"Houston, TX","Memphis, TN",468,4
SkyWest Airlines,"Houston, TX","Milwaukee, WI",984,17
SkyWest Airlines,"Houston, TX","Montgomery, AL",554,126
SkyWest Airlines,"Houston, TX","Salina, KS",621,0
SkyWest Airlines,"Houston, TX","San Antonio, TX",191,-1
SkyWest Airlines,"Houston, TX","Shreveport, LA",192,10
SkyWest Airlines,"Houston, TX","Victoria, TX",123,-10
SkyWest Airlines,"Houston, TX","Victoria, TX",123,30
SkyWest Airlines,"Huntsville, AL","Denver, CO",1048,0
SkyWest Airlines,"Idaho Falls, ID","Denver, CO",458,-12
SkyWest Airlines,"Idaho Falls, ID","Seattle, WA",566,-14
SkyWest Airlines,"Indianapolis, IN","Austin, TX",919,-21
SkyWest Airlines,"Indianapolis, IN","Chicago, IL",177,19
SkyWest Airlines,"Indianapolis, IN","Detroit, MI",231,-16
SkyWest Airlines,"Indianapolis, IN","Detroit, MI",231,-17
SkyWest Airlines,"Iron Mountain/Kingsfd, MI","Detroit, MI",344,-18
SkyWest Airlines,"Joplin, MO","Chicago, IL",484,-5
SkyWest Airlines,"Kalamazoo, MI","Chicago, IL",122,-20
SkyWest Airlines,"Kansas City, MO","Chicago, IL",403,-32
SkyWest Airlines,"Kansas City, MO","Denver, CO",533,-28
SkyWest Airlines,"Knoxville, TN","Chicago, IL",475,-15
SkyWest Airlines,"Knoxville, TN","Chicago, IL",475,2
SkyWest Airlines,"Lafayette, IN","Chicago, IL",119,-20
SkyWest Airlines,"Las Vegas, NV","Boise, ID",519,-24
SkyWest Airlines,"Lewisburg, WV","Charlotte, NC",185,-16
SkyWest Airlines,"Lewisburg, WV","Chicago, IL",489,23
SkyWest Airlines,"Lexington, KY","Denver, CO",1086,2
SkyWest Airlines,"Lexington, KY","Denver, CO",1086,1
SkyWest Airlines,"Lincoln, NE","Denver, CO",423,-29
SkyWest Airlines,"Little Rock, AR","Chicago, IL",552,48
SkyWest Airlines,"Little Rock, AR","Chicago, IL",552,48
SkyWest Airlines,"Little Rock, AR","Denver, CO",771,50
SkyWest Airlines,"Little Rock, AR","Houston, TX",374,6
SkyWest Airlines,"Los Angeles, CA","Arcata/Eureka, CA",577,9
SkyWest Airlines,"Los Angeles, CA","Austin, TX",1242,-19
SkyWest Airlines,"Los Angeles, CA","Boise, ID",674,-22
SkyWest Airlines,"Los Angeles, CA","Denver, CO",862,45
SkyWest Airlines,"Los Angeles, CA","Eugene, OR",748,-22
SkyWest Airlines,"Los Angeles, CA","Jackson, WY",784,-29
SkyWest Airlines,"Los Angeles, CA","Kansas City, MO",1363,-10
SkyWest Airlines,"Los Angeles, CA","Medford, OR",630,2
SkyWest Airlines,"Los Angeles, CA","Monterey, CA",266,-6
SkyWest Airlines,"Los Angeles, CA","Oklahoma City, OK",1187,18
SkyWest Airlines,"Los Angeles, CA","Omaha, NE",1330,-32
SkyWest Airlines,"Los Angeles, CA","Omaha, NE",1330,-19
SkyWest Airlines,"Los Angeles, CA","Omaha, NE",1330,5
SkyWest Airlines,"Los Angeles, CA","Phoenix, AZ",370,-14
SkyWest Airlines,"Los Angeles, CA","Reno, NV",390,-12
SkyWest Airlines,"Los Angeles, CA","Sacramento, CA",373,-17
SkyWest Airlines,"Los Angeles, CA","Sacramento, CA",373,-21
SkyWest Airlines,"Los Angeles, CA","Sacramento, CA",373,22
SkyWest Airlines,"Los Angeles, CA","Sacramento, CA",373,-6
SkyWest Airlines,"Los Angeles, CA","San Jose, CA",308,-8
SkyWest Airlines,"Los Angeles, CA","San Luis Obispo, CA",155,-15
SkyWest Airlines,"Los Angeles, CA","Seattle, WA",954,32
SkyWest Airlines,"Los Angeles, CA","Tucson, AZ",451,-5
SkyWest Airlines,"Louisville, KY","Detroit, MI",306,-9
SkyWest Airlines,"Lynchburg, VA","Chicago, IL",564,631
SkyWest Airlines,"Madison, WI","Chicago, IL",108,39
SkyWest Airlines,"Madison, WI","Minneapolis, MN",228,-2
SkyWest Airlines,"Marquette, MI","Detroit, MI",349,-5
SkyWest Airlines,"Medford, OR","Phoenix, AZ",855,4
SkyWest Airlines,"Medford, OR","Portland, OR",222,-14
SkyWest Airlines,"Medford, OR","San Diego, CA",734,-17
SkyWest Airlines,"Medford, OR","Seattle, WA",352,-3
SkyWest Airlines,"Medford, OR","Seattle, WA",352,-8
SkyWest Airlines,"Memphis, TN","Minneapolis, MN",700,-18
SkyWest Airlines,"Midland/Odessa, TX","Dallas/Fort Worth, TX",309,-9
SkyWest Airlines,"Midland/Odessa, TX","Denver, CO",563,-5
SkyWest Airlines,"Milwaukee, WI","Chicago, IL",67,-4
SkyWest Airlines,"Milwaukee, WI","Chicago, IL",67,-13
SkyWest Airlines,"Milwaukee, WI","Chicago, IL",67,39
SkyWest Airlines,"Milwaukee, WI","Chicago, IL",67,-19
SkyWest Airlines,"Milwaukee, WI","Chicago, IL",67,109
SkyWest Airlines,"Milwaukee, WI","Detroit, MI",237,175
SkyWest Airlines,"Minneapolis, MN","Appleton, WI",236,-1
SkyWest Airlines,"Minneapolis, MN","Duluth, MN",144,-14
SkyWest Airlines,"Minneapolis, MN","Duluth, MN",144,-13
SkyWest Airlines,"Minneapolis, MN","Grand Forks, ND",284,3
SkyWest Airlines,"Minneapolis, MN","Grand Forks, ND",284,-29
SkyWest Airlines,"Minneapolis, MN","Grand Rapids, MI",408,-4
SkyWest Airlines,"Minneapolis, MN","Grand Rapids, MI",408,-5
SkyWest Airlines,"Minneapolis, MN","Green Bay, WI",252,-10
SkyWest Airlines,"Minneapolis, MN","International Falls, MN",255,-9
SkyWest Airlines,"Minneapolis, MN","Iron Mountain/Kingsfd, MI",257,-13
SkyWest Airlines,"Minneapolis, MN","Kansas City, MO",393,1
SkyWest Airlines,"Minneapolis, MN","Louisville, KY",604,-27
SkyWest Airlines,"Minneapolis, MN","Madison, WI",228,-9
SkyWest Airlines,"Minneapolis, MN","Marquette, MI",300,86
SkyWest Airlines,"Minneapolis, MN","Memphis, TN",700,57
SkyWest Airlines,"Minneapolis, MN","Memphis, TN",700,46
SkyWest Airlines,"Minneapolis, MN","Memphis, TN",700,64
SkyWest Airlines,"Minneapolis, MN","Milwaukee, WI",297,-13
SkyWest Airlines,"Minneapolis, MN","Minot, ND",449,-10
SkyWest Airlines,"Minneapolis, MN","Omaha, NE",282,-11
SkyWest Airlines,"Minneapolis, MN","Omaha, NE",282,-6
SkyWest Airlines,"Minneapolis, MN","Sioux Falls, SD",196,216
SkyWest Airlines,"Minneapolis, MN","South Bend, IN",411,5
SkyWest Airlines,"Minneapolis, MN","Watertown, SD",193,-16
SkyWest Airlines,"Minneapolis, MN","Williston, ND",553,-24
SkyWest Airlines,"Minot, ND","Denver, CO",604,161
SkyWest Airlines,"Minot, ND","Denver, CO",604,15
SkyWest Airlines,"Minot, ND","Denver, CO",604,-18
SkyWest Airlines,"Minot, ND","Minneapolis, MN",449,-18
SkyWest Airlines,"Mission/McAllen/Edinburg, TX","Austin, TX",279,-15
SkyWest Airlines,"Missoula, MT","Seattle, WA",389,-5
SkyWest Airlines,"Monroe, LA","Dallas/Fort Worth, TX",293,127
SkyWest Airlines,"Monterey, CA","San Diego, CA",375,2
SkyWest Airlines,"Monterey, CA","San Francisco, CA",77,177
SkyWest Airlines,"Monterey, CA","San Francisco, CA",77,15
SkyWest Airlines,"Monterey, CA","Seattle, WA",750,5
SkyWest Airlines,"Montgomery, AL","Houston, TX",554,-20
SkyWest Airlines,"Montrose/Delta, CO","Denver, CO",197,-14
SkyWest Airlines,"Morgantown, WV","Washington, DC",140,-15
SkyWest Airlines,"Myrtle Beach, SC","Chicago, IL",753,-4
SkyWest Airlines,"Nashville, TN","Austin, TX",756,-26
SkyWest Airlines,"Nashville, TN","Chicago, IL",409,-17
SkyWest Airlines,"Nashville, TN","Chicago, IL",409,-27
SkyWest Airlines,"Nashville, TN","Chicago, IL",409,65
SkyWest Airlines,"New Orleans, LA","Austin, TX",445,-26
SkyWest Airlines,"New Orleans, LA","Chicago, IL",837,-30
SkyWest Airlines,"North Bend/Coos Bay, OR","San Francisco, CA",412,-16
SkyWest Airlines,"North Bend/Coos Bay, OR","San Francisco, CA",412,-1
SkyWest Airlines,"North Platte, NE","Denver, CO",227,-38
SkyWest Airlines,"Oakland, CA","San Diego, CA",446,11
SkyWest Airlines,"Oakland, CA","San Diego, CA",446,-3
SkyWest Airlines,"Oklahoma City, OK","Chicago, IL",693,-19
SkyWest Airlines,"Oklahoma City, OK","Denver, CO",495,-28
SkyWest Airlines,"Oklahoma City, OK","Phoenix, AZ",833,-22
SkyWest Airlines,"Omaha, NE","Denver, CO",472,3
SkyWest Airlines,"Omaha, NE","Denver, CO",472,-23
SkyWest Airlines,"Omaha, NE","Detroit, MI",650,-18
SkyWest Airlines,"Omaha, NE","Minneapolis, MN",282,-26
SkyWest Airlines,"Omaha, NE","Salt Lake City, UT",840,4
SkyWest Airlines,"Ontario, CA","Salt Lake City, UT",558,-3
SkyWest Airlines,"Ontario, CA","Seattle, WA",956,-7
SkyWest Airlines,"Palm Springs, CA","Los Angeles, CA",110,-21
SkyWest Airlines,"Palm Springs, CA","Portland, OR",873,-36
SkyWest Airlines,"Palm Springs, CA","San Francisco, CA",421,55
SkyWest Airlines,"Palm Springs, CA","San Francisco, CA",421,65
SkyWest Airlines,"Palm Springs, CA","Seattle, WA",987,-2
SkyWest Airlines,"Pasco/Kennewick/Richland, WA","Denver, CO",853,-22
SkyWest Airlines,"Pasco/Kennewick/Richland, WA","Los Angeles, CA",851,-4
SkyWest Airlines,"Pasco/Kennewick/Richland, WA","Los Angeles, CA",851,157
SkyWest Airlines,"Pasco/Kennewick/Richland, WA","Seattle, WA",172,1
SkyWest Airlines,"Pasco/Kennewick/Richland, WA","Seattle, WA",172,-17
SkyWest Airlines,"Pellston, MI","Detroit, MI",243,-8
SkyWest Airlines,"Pensacola, FL","Houston, TX",489,-2
SkyWest Airlines,"Phoenix, AZ","Bakersfield, CA",425,0
SkyWest Airlines,"Phoenix, AZ","Bend/Redmond, OR",893,-7
SkyWest Airlines,"Phoenix, AZ","Durango, CO",352,-5
SkyWest Airlines,"Phoenix, AZ","El Paso, TX",347,-15
SkyWest Airlines,"Phoenix, AZ","Fresno, CA",493,-11
SkyWest Airlines,"Phoenix, AZ","Houston, TX",1009,7
SkyWest Airlines,"Phoenix, AZ","Kansas City, MO",1044,-8
SkyWest Airlines,"Phoenix, AZ","Los Angeles, CA",370,-18
SkyWest Airlines,"Phoenix, AZ","Los Angeles, CA",370,15
SkyWest Airlines,"Phoenix, AZ","Medford, OR",855,20
SkyWest Airlines,"Phoenix, AZ","Monterey, CA",598,-17
SkyWest Airlines,"Phoenix, AZ","Oklahoma City, OK",833,-16
SkyWest Airlines,"Phoenix, AZ","Oklahoma City, OK",833,74
SkyWest Airlines,"Phoenix, AZ","Palm Springs, CA",261,-4
SkyWest Airlines,"Phoenix, AZ","Provo, UT",468,-15
SkyWest Airlines,"Phoenix, AZ","Sacramento, CA",647,-22
SkyWest Airlines,"Phoenix, AZ","Salt Lake City, UT",507,-26
SkyWest Airlines,"Phoenix, AZ","San Francisco, CA",651,-3
SkyWest Airlines,"Phoenix, AZ","San Jose, CA",621,14
SkyWest Airlines,"Phoenix, AZ","San Luis Obispo, CA",509,-8
SkyWest Airlines,"Phoenix, AZ","Sioux Falls, SD",1081,-17
SkyWest Airlines,"Phoenix, AZ","Tucson, AZ",109,-7
SkyWest Airlines,"Phoenix, AZ","Wichita, KS",870,-21
SkyWest Airlines,"Portland, ME","Chicago, IL",900,-14
SkyWest Airlines,"Portland, ME","Detroit, MI",668,-4
SkyWest Airlines,"Portland, OR","Los Angeles, CA",833,-17
SkyWest Airlines,"Portland, OR","Medford, OR",222,8
SkyWest Airlines,"Portland, OR","Seattle, WA",129,11
SkyWest Airlines,"Portland, OR","Seattle, WA",129,-17
SkyWest Airlines,"Prescott, AZ","Denver, CO",558,-9
SkyWest Airlines,"Rapid City, SD","Denver, CO",301,-38
SkyWest Airlines,"Reno, NV","Los Angeles, CA",390,-20
SkyWest Airlines,"Rhinelander, WI","Minneapolis, MN",190,-10
SkyWest Airlines,"Richmond, VA","Chicago, IL",642,130
SkyWest Airlines,"Rochester, MN","Minneapolis, MN",76,-25
SkyWest Airlines,"Roswell, NM","Denver, CO",452,-20
SkyWest Airlines,"Sacramento, CA","Los Angeles, CA",373,1
SkyWest Airlines,"Sacramento, CA","Los Angeles, CA",373,-15
SkyWest Airlines,"Sacramento, CA","Los Angeles, CA",373,-7
SkyWest Airlines,"Sacramento, CA","Phoenix, AZ",647,31
SkyWest Airlines,"Sacramento, CA","San Francisco, CA",86,1
SkyWest Airlines,"Sacramento, CA","Seattle, WA",605,38
SkyWest Airlines,"Saginaw/Bay City/Midland, MI","Chicago, IL",222,41
SkyWest Airlines,"Saginaw/Bay City/Midland, MI","Detroit, MI",98,-12
SkyWest Airlines,"Saginaw/Bay City/Midland, MI","Detroit, MI",98,-4
SkyWest Airlines,"Salina, KS","Chicago, IL",559,-18
SkyWest Airlines,"Salina, KS","Houston, TX",621,31
SkyWest Airlines,"Salt Lake City, UT","Billings, MT",387,-16
SkyWest Airlines,"Salt Lake City, UT","Boise, ID",290,-18
SkyWest Airlines,"Salt Lake City, UT","Burbank, CA",574,-23
SkyWest Airlines,"Salt Lake City, UT","Burbank, CA",574,-12
SkyWest Airlines,"Salt Lake City, UT","Cedar City, UT",221,-11
SkyWest Airlines,"Salt Lake City, UT","Colorado Springs, CO",411,-7
SkyWest Airlines,"Salt Lake City, UT","Eugene, OR",618,-13
SkyWest Airlines,"Salt Lake City, UT","Fresno, CA",501,6
SkyWest Airlines,"Salt Lake City, UT","Kalispell, MT",532,11
SkyWest Airlines,"Salt Lake City, UT","Long Beach, CA",588,-10
SkyWest Airlines,"Salt Lake City, UT","Oakland, CA",588,-13
SkyWest Airlines,"Salt Lake City, UT","Palm Springs, CA",541,-1
SkyWest Airlines,"Salt Lake City, UT","Pasco/Kennewick/Richland, WA",521,162
SkyWest Airlines,"Salt Lake City, UT","Pocatello, ID",149,-13
SkyWest Airlines,"Salt Lake City, UT","Pocatello, ID",149,-5
SkyWest Airlines,"Salt Lake City, UT","Pocatello, ID",149,-5
SkyWest Airlines,"Salt Lake City, UT","Pocatello, ID",149,-15
SkyWest Airlines,"Salt Lake City, UT","Santa Barbara, CA",615,-11
SkyWest Airlines,"Salt Lake City, UT","Spokane, WA",546,-8
SkyWest Airlines,"Salt Lake City, UT","Spokane, WA",546,-19
SkyWest Airlines,"Salt Lake City, UT","Sun Valley/Hailey/Ketchum, ID",222,-26
SkyWest Airlines,"Salt Lake City, UT","Tucson, AZ",600,-1
SkyWest Airlines,"Salt Lake City, UT","Tulsa, OK",926,-12
SkyWest Airlines,"San Diego, CA","Austin, TX",1164,2
SkyWest Airlines,"San Diego, CA","Denver, CO",853,-8
SkyWest Airlines,"San Diego, CA","Fresno, CA",314,-24
SkyWest Airlines,"San Diego, CA","Las Vegas, NV",258,67
SkyWest Airlines,"San Diego, CA","Los Angeles, CA",109,-15
SkyWest Airlines,"San Diego, CA","Oakland, CA",446,54
SkyWest Airlines,"San Diego, CA","Sacramento, CA",480,10
SkyWest Airlines,"San Diego, CA","Sacramento, CA",480,-14
SkyWest Airlines,"San Diego, CA","San Francisco, CA",447,26
SkyWest Airlines,"San Diego, CA","San Jose, CA",417,-17
SkyWest Airlines,"San Francisco, CA","Arcata/Eureka, CA",250,-5
SkyWest Airlines,"San Francisco, CA","Boise, ID",522,35
SkyWest Airlines,"San Francisco, CA","Carlsbad, CA",422,-4
SkyWest Airlines,"San Francisco, CA","Fresno, CA",158,-5
SkyWest Airlines,"San Francisco, CA","Los Angeles, CA",337,24
SkyWest Airlines,"San Francisco, CA","Los Angeles, CA",337,1
SkyWest Airlines,"San Francisco, CA","Los Angeles, CA",337,6
SkyWest Airlines,"San Francisco, CA","Omaha, NE",1433,-14
SkyWest Airlines,"San Francisco, CA","Palm Springs, CA",421,-3
SkyWest Airlines,"San Francisco, CA","Phoenix, AZ",651,-12
SkyWest Airlines,"San Francisco, CA","Phoenix, AZ",651,33
SkyWest Airlines,"San Francisco, CA","Redding, CA",199,-14
SkyWest Airlines,"San Francisco, CA","Reno, NV",192,-15
SkyWest Airlines,"San Francisco, CA","Reno, NV",192,-22
SkyWest Airlines,"San Francisco, CA","San Diego, CA",447,49
SkyWest Airlines,"San Francisco, CA","Santa Ana, CA",372,-12
SkyWest Airlines,"San Francisco, CA","Santa Ana, CA",372,99
SkyWest Airlines,"San Francisco, CA","Santa Barbara, CA",262,20
SkyWest Airlines,"San Francisco, CA","St. Louis, MO",1735,7
SkyWest Airlines,"San Jose, CA","Portland, OR",569,-5
SkyWest Airlines,"San Jose, CA","San Diego, CA",417,-8
SkyWest Airlines,"San Jose, CA","Seattle, WA",696,-19
SkyWest Airlines,"San Jose, CA","Seattle, WA",696,-18
SkyWest Airlines,"San Jose, CA","Seattle, WA",696,-6
SkyWest Airlines,"San Jose, CA","Seattle, WA",696,-9
SkyWest Airlines,"San Luis Obispo, CA","Los Angeles, CA",155,37
SkyWest Airlines,"San Luis Obispo, CA","Portland, OR",722,11
SkyWest Airlines,"San Luis Obispo, CA","San Diego, CA",263,-3
SkyWest Airlines,"Santa Ana, CA","Las Vegas, NV",226,-8
SkyWest Airlines,"Santa Ana, CA","San Francisco, CA",372,1
SkyWest Airlines,"Santa Ana, CA","San Francisco, CA",372,27
SkyWest Airlines,"Santa Ana, CA","San Francisco, CA",372,10
SkyWest Airlines,"Santa Ana, CA","Seattle, WA",978,-16
SkyWest Airlines,"Santa Barbara, CA","Los Angeles, CA",89,-29
SkyWest Airlines,"Santa Barbara, CA","Los Angeles, CA",89,-24
SkyWest Airlines,"Santa Barbara, CA","Salt Lake City, UT",615,-18
SkyWest Airlines,"Santa Barbara, CA","San Diego, CA",192,-11
SkyWest Airlines,"Santa Barbara, CA","San Francisco, CA",262,22
SkyWest Airlines,"Santa Fe, NM","Dallas/Fort Worth, TX",551,-13
SkyWest Airlines,"Santa Fe, NM","Denver, CO",303,-10
SkyWest Airlines,"Santa Rosa, CA","Portland, OR",489,16
SkyWest Airlines,"Santa Rosa, CA","San Diego, CA",508,-19
SkyWest Airlines,"Sault Ste. Marie, MI","Minneapolis, MN",434,-15
SkyWest Airlines,"Savannah, GA","Detroit, MI",705,16
SkyWest Airlines,"Seattle, WA","Bend/Redmond, OR",228,-6
SkyWest Airlines,"Seattle, WA","Boise, ID",399,-8
SkyWest Airlines,"Seattle, WA","Boise, ID",399,-19
SkyWest Airlines,"Seattle, WA","Bozeman, MT",543,0
SkyWest Airlines,"Seattle, WA","Bozeman, MT",543,1
SkyWest Airlines,"Seattle, WA","Eugene, OR",234,-15
SkyWest Airlines,"Seattle, WA","Fresno, CA",748,0
SkyWest Airlines,"Seattle, WA","Medford, OR",352,-3
SkyWest Airlines,"Seattle, WA","Ontario, CA",956,-24
SkyWest Airlines,"Seattle, WA","Ontario, CA",956,-28
SkyWest Airlines,"Seattle, WA","Ontario, CA",956,0
SkyWest Airlines,"Seattle, WA","Pasco/Kennewick/Richland, WA",172,-26
SkyWest Airlines,"Seattle, WA","Pasco/Kennewick/Richland, WA",172,17
SkyWest Airlines,"Seattle, WA","Portland, OR",129,46
SkyWest Airlines,"Seattle, WA","Portland, OR",129,6
SkyWest Airlines,"Seattle, WA","Sacramento, CA",605,-14
SkyWest Airlines,"Seattle, WA","Sacramento, CA",605,57
SkyWest Airlines,"Seattle, WA","Sacramento, CA",605,0
SkyWest Airlines,"Seattle, WA","San Jose, CA",696,-27
SkyWest Airlines,"Seattle, WA","San Luis Obispo, CA",847,-25
SkyWest Airlines,"Seattle, WA","Santa Ana, CA",978,-20
SkyWest Airlines,"Seattle, WA","Spokane, WA",224,-24
SkyWest Airlines,"Seattle, WA","Spokane, WA",224,96
SkyWest Airlines,"Seattle, WA","Tucson, AZ",1215,37
SkyWest Airlines,"Seattle, WA","Tucson, AZ",1215,-12
SkyWest Airlines,"Sheridan, WY","Denver, CO",359,-14
SkyWest Airlines,"Shreveport, LA","Dallas/Fort Worth, TX",190,1
SkyWest Airlines,"Sioux City, IA","Denver, CO",466,-30
SkyWest Airlines,"Sioux Falls, SD","Denver, CO",483,-5
SkyWest Airlines,"Sioux Falls, SD","Denver, CO",483,-31
SkyWest Airlines,"Sioux Falls, SD","Minneapolis, MN",196,-26
SkyWest Airlines,"Sioux Falls, SD","Minneapolis, MN",196,-11
SkyWest Airlines,"South Bend, IN","Chicago, IL",84,26
SkyWest Airlines,"Spokane, WA","Boise, ID",287,-3
SkyWest Airlines,"Spokane, WA","Salt Lake City, UT",546,-26
SkyWest Airlines,"Spokane, WA","San Francisco, CA",733,63
SkyWest Airlines,"Spokane, WA","Seattle, WA",224,-8
SkyWest Airlines,"Spokane, WA","Seattle, WA",224,-12
SkyWest Airlines,"Spokane, WA","Seattle, WA",224,-18
SkyWest Airlines,"Spokane, WA","Seattle, WA",224,-28
SkyWest Airlines,"Springfield, MO","Dallas/Fort Worth, TX",364,-9
SkyWest Airlines,"Springfield, MO","Denver, CO",637,-3
SkyWest Airlines,"St. George, UT","Phoenix, AZ",262,-7
SkyWest Airlines,"St. George, UT","Phoenix, AZ",262,-5
SkyWest Airlines,"St. George, UT","Salt Lake City, UT",272,-13
SkyWest Airlines,"St. Louis, MO","San Francisco, CA",1735,-10
SkyWest Airlines,"Syracuse, NY","Chicago, IL",607,3
SkyWest Airlines,"Tucson, AZ","Denver, CO",639,-11
SkyWest Airlines,"Tucson, AZ","Los Angeles, CA",451,-4
SkyWest Airlines,"Tucson, AZ","Los Angeles, CA",451,-14
SkyWest Airlines,"Tucson, AZ","Phoenix, AZ",109,258
SkyWest Airlines,"Tucson, AZ","Phoenix, AZ",109,-25
SkyWest Airlines,"Tucson, AZ","Salt Lake City, UT",600,-7
SkyWest Airlines,"Tucson, AZ","San Francisco, CA",751,2
SkyWest Airlines,"Tulsa, OK","Dallas/Fort Worth, TX",237,-18
SkyWest Airlines,"Tulsa, OK","Denver, CO",541,-21
SkyWest Airlines,"Tulsa, OK","Houston, TX",429,23
SkyWest Airlines,"Tulsa, OK","Houston, TX",429,-15
SkyWest Airlines,"West Yellowstone, MT","Salt Lake City, UT",273,-34
SkyWest Airlines,"Wichita, KS","Chicago, IL",588,-6
SkyWest Airlines,"Wichita, KS","Denver, CO",420,-36
SkyWest Airlines,"Williston, ND","Denver, CO",582,41
SkyWest Airlines,"Williston, ND","Minneapolis, MN",553,-6
SkyWest Airlines,"Williston, ND","Minneapolis, MN",553,-6
SkyWest Airlines,"Yuma, AZ","Dallas/Fort Worth, TX",1022,-10
Southwest Airlines,"Albany, NY","Orlando, FL",1073,-11
Southwest Airlines,"Albuquerque, NM","Dallas, TX",580,-8
Southwest Airlines,"Albuquerque, NM","Las Vegas, NV",486,7
Southwest Airlines,"Albuquerque, NM","Phoenix, AZ",328,10
Southwest Airlines,"Amarillo, TX","Austin, TX",419,20
Southwest Airlines,"Amarillo, TX","Las Vegas, NV",759,-24
Southwest Airlines,"Atlanta, GA","Baltimore, MD",577,-4
Southwest Airlines,"Atlanta, GA","Baltimore, MD",577,-12
Southwest Airlines,"Atlanta, GA","Baltimore, MD",577,22
Southwest Airlines,"Atlanta, GA","Baltimore, MD",577,80
Southwest Airlines,"Atlanta, GA","Chicago, IL",591,-8
Southwest Airlines,"Atlanta, GA","Houston, TX",696,8
Southwest Airlines,"Atlanta, GA","Indianapolis, IN",432,7
Southwest Airlines,"Atlanta, GA","Las Vegas, NV",1747,241
Southwest Airlines,"Atlanta, GA","St. Louis, MO",484,-20
Southwest Airlines,"Atlanta, GA","Washington, DC",547,122
Southwest Airlines,"Atlanta, GA","Washington, DC",547,75
Southwest Airlines,"Austin, TX","Charleston, SC",1055,52
Southwest Airlines,"Austin, TX","Chicago, IL",972,-4
Southwest Airlines,"Austin, TX","Dallas, TX",189,4
Southwest Airlines,"Austin, TX","Dallas, TX",189,106
Southwest Airlines,"Austin, TX","Dallas, TX",189,3
Southwest Airlines,"Austin, TX","Denver, CO",775,35
Southwest Airlines,"Austin, TX","Denver, CO",775,42
Southwest Airlines,"Austin, TX","Harlingen/San Benito, TX",273,-10
Southwest Airlines,"Austin, TX","Houston, TX",148,-2
Southwest Airlines,"Austin, TX","Las Vegas, NV",1090,-2
Southwest Airlines,"Austin, TX","Long Beach, CA",1226,0
Southwest Airlines,"Austin, TX","Milwaukee, WI",1032,-9
Southwest Airlines,"Austin, TX","Nashville, TN",756,-8
Southwest Airlines,"Austin, TX","Nashville, TN",756,113
Southwest Airlines,"Austin, TX","Nashville, TN",756,-5
Southwest Airlines,"Austin, TX","New Orleans, LA",445,3
Southwest Airlines,"Austin, TX","New Orleans, LA",445,-17
Southwest Airlines,"Austin, TX","Phoenix, AZ",872,-9
Southwest Airlines,"Austin, TX","Phoenix, AZ",872,31
Southwest Airlines,"Austin, TX","Phoenix, AZ",872,10
Southwest Airlines,"Austin, TX","Pittsburgh, PA",1210,-4
Southwest Airlines,"Austin, TX","Sacramento, CA",1481,-26
Southwest Airlines,"Austin, TX","Salt Lake City, UT",1086,15
Southwest Airlines,"Austin, TX","San Diego, CA",1164,-18
Southwest Airlines,"Austin, TX","Tampa, FL",928,84
Southwest Airlines,"Austin, TX","Washington, DC",1315,32
Southwest Airlines,"Baltimore, MD","Albany, NY",288,-30
Southwest Airlines,"Baltimore, MD","Albany, NY",288,-11
Southwest Airlines,"Baltimore, MD","Atlanta, GA",577,-6
Southwest Airlines,"Baltimore, MD","Atlanta, GA",577,3
Southwest Airlines,"Baltimore, MD","Boston, MA",369,83
Southwest Airlines,"Baltimore, MD","Buffalo, NY",281,10
Southwest Airlines,"Baltimore, MD","Charleston, SC",472,-21
Southwest Airlines,"Baltimore, MD","Charlotte, NC",361,-16
Southwest Airlines,"Baltimore, MD","Charlotte, NC",361,-9
Southwest Airlines,"Baltimore, MD","Chicago, IL",611,7
Southwest Airlines,"Baltimore, MD","Chicago, IL",611,0
Southwest Airlines,"Baltimore, MD","Cincinnati, OH",430,16
Southwest Airlines,"Baltimore, MD","Cleveland, OH",314,-11
Southwest Airlines,"Baltimore, MD","Cleveland, OH",314,-13
Southwest Airlines,"Baltimore, MD","Dallas, TX",1209,-18
Southwest Airlines,"Baltimore, MD","Fort Lauderdale, FL",925,-21
Southwest Airlines,"Baltimore, MD","Fort Myers, FL",919,-2
Southwest Airlines,"Baltimore, MD","Fort Myers, FL",919,-4
Southwest Airlines,"Baltimore, MD","Fort Myers, FL",919,11
Southwest Airlines,"Baltimore, MD","Fort Myers, FL",919,-15
Southwest Airlines,"Baltimore, MD","Greer, SC",426,-16
Southwest Airlines,"Baltimore, MD","Islip, NY",220,18
Southwest Airlines,"Baltimore, MD","Islip, NY",220,81
Southwest Airlines,"Baltimore, MD","Jacksonville, FL",663,11
Southwest Airlines,"Baltimore, MD","Kansas City, MO",966,-18
Southwest Airlines,"Baltimore, MD","Louisville, KY",495,11
Southwest Airlines,"Baltimore, MD","Manchester, NH",377,-3
Southwest Airlines,"Baltimore, MD","Memphis, TN",787,10
Southwest Airlines,"Baltimore, MD","Memphis, TN",787,-23
Southwest Airlines,"Baltimore, MD","Milwaukee, WI",641,-15
Southwest Airlines,"Baltimore, MD","Milwaukee, WI",641,11
Southwest Airlines,"Baltimore, MD","Minneapolis, MN",936,-4
Southwest Airlines,"Baltimore, MD","Myrtle Beach, SC",399,-12
Southwest Airlines,"Baltimore, MD","Nashville, TN",587,-21
Southwest Airlines,"Baltimore, MD","Norfolk, VA",159,5
Southwest Airlines,"Baltimore, MD","Norfolk, VA",159,-21
Southwest Airlines,"Baltimore, MD","Orlando, FL",787,-11
Southwest Airlines,"Baltimore, MD","Orlando, FL",787,-32
Southwest Airlines,"Baltimore, MD","Phoenix, AZ",1999,1
Southwest Airlines,"Baltimore, MD","Phoenix, AZ",1999,38
Southwest Airlines,"Baltimore, MD","Phoenix, AZ",1999,0
Southwest Airlines,"Baltimore, MD","Pittsburgh, PA",210,19
Southwest Airlines,"Baltimore, MD","Pittsburgh, PA",210,3
Southwest Airlines,"Baltimore, MD","Portland, ME",452,-5
Southwest Airlines,"Baltimore, MD","Portland, ME",452,40
Southwest Airlines,"Baltimore, MD","Providence, RI",327,-14
Southwest Airlines,"Baltimore, MD","Providence, RI",327,26
Southwest Airlines,"Baltimore, MD","Raleigh/Durham, NC",256,1
Southwest Airlines,"Baltimore, MD","San Antonio, TX",1407,43
Southwest Airlines,"Baltimore, MD","Sarasota/Bradenton, FL",880,5
Southwest Airlines,"Baltimore, MD","Tampa, FL",842,51
Southwest Airlines,"Baltimore, MD","Tampa, FL",842,4
Southwest Airlines,"Baltimore, MD","Tampa, FL",842,25
Southwest Airlines,"Baltimore, MD","Tampa, FL",842,-8
Southwest Airlines,"Baltimore, MD","West Palm Beach/Palm Beach, FL",883,-22
Southwest Airlines,"Baltimore, MD","West Palm Beach/Palm Beach, FL",883,-3
Southwest Airlines,"Birmingham, AL","Chicago, IL",570,-12
Southwest Airlines,"Birmingham, AL","Houston, TX",570,1
Southwest Airlines,"Birmingham, AL","Nashville, TN",177,-10
Southwest Airlines,"Birmingham, AL","Orlando, FL",479,-8
Southwest Airlines,"Boston, MA","Baltimore, MD",369,-27
Southwest Airlines,"Boston, MA","Baltimore, MD",369,19
Southwest Airlines,"Boston, MA","Chicago, IL",861,-17
Southwest Airlines,"Boston, MA","Dallas, TX",1554,2
Southwest Airlines,"Boston, MA","Denver, CO",1754,33
Southwest Airlines,"Boston, MA","Nashville, TN",942,1
Southwest Airlines,"Boston, MA","Nashville, TN",942,3
Southwest Airlines,"Boston, MA","Nashville, TN",942,39
Southwest Airlines,"Boston, MA","Nashville, TN",942,21
Southwest Airlines,"Boston, MA","Nashville, TN",942,43
Southwest Airlines,"Boston, MA","St. Louis, MO",1047,21
Southwest Airlines,"Boston, MA","St. Louis, MO",1047,-21
Southwest Airlines,"Bozeman, MT","Las Vegas, NV",701,-5
Southwest Airlines,"Buffalo, NY","Baltimore, MD",281,-9
Southwest Airlines,"Buffalo, NY","Phoenix, AZ",1912,2
Southwest Airlines,"Buffalo, NY","Tampa, FL",1053,7
Southwest Airlines,"Burbank, CA","Dallas, TX",1243,-13
Southwest Airlines,"Burbank, CA","Las Vegas, NV",223,21
Southwest Airlines,"Burbank, CA","Oakland, CA",325,-15
Southwest Airlines,"Burbank, CA","Phoenix, AZ",369,-22
Southwest Airlines,"Burbank, CA","Phoenix, AZ",369,44
Southwest Airlines,"Burbank, CA","Reno, NV",374,-13
Southwest Airlines,"Burbank, CA","Sacramento, CA",358,-22
Southwest Airlines,"Burbank, CA","Sacramento, CA",358,-21
Southwest Airlines,"Burbank, CA","Sacramento, CA",358,-13
Southwest Airlines,"Charleston, SC","Chicago, IL",745,-13
Southwest Airlines,"Charleston, SC","Houston, TX",928,-3
Southwest Airlines,"Charlotte, NC","Baltimore, MD",361,0
Southwest Airlines,"Chicago, IL","Austin, TX",972,21
Southwest Airlines,"Chicago, IL","Baltimore, MD",611,3
Southwest Airlines,"Chicago, IL","Baltimore, MD",611,16
Southwest Airlines,"Chicago, IL","Birmingham, AL",570,0
Southwest Airlines,"Chicago, IL","Boston, MA",861,-12
Southwest Airlines,"Chicago, IL","Buffalo, NY",468,11
Southwest Airlines,"Chicago, IL","Burbank, CA",1740,-18
Southwest Airlines,"Chicago, IL","Burbank, CA",1740,-6
Southwest Airlines,"Chicago, IL","Charlotte, NC",584,18
Southwest Airlines,"Chicago, IL","Charlotte, NC",584,23
Southwest Airlines,"Chicago, IL","Columbus, OH",283,24
Southwest Airlines,"Chicago, IL","Dallas, TX",793,14
Southwest Airlines,"Chicago, IL","Dallas, TX",793,23
Southwest Airlines,"Chicago, IL","Dallas, TX",793,15
Southwest Airlines,"Chicago, IL","Denver, CO",895,-10
Southwest Airlines,"Chicago, IL","Fort Lauderdale, FL",1167,-19
Southwest Airlines,"Chicago, IL","Houston, TX",937,30
Southwest Airlines,"Chicago, IL","Indianapolis, IN",162,112
Southwest Airlines,"Chicago, IL","Jacksonville, FL",848,69
Southwest Airlines,"Chicago, IL","Las Vegas, NV",1521,-22
Southwest Airlines,"Chicago, IL","Memphis, TN",480,-16
Southwest Airlines,"Chicago, IL","Minneapolis, MN",349,-18
Southwest Airlines,"Chicago, IL","Minneapolis, MN",349,9
Southwest Airlines,"Chicago, IL","Nashville, TN",395,-4
Southwest Airlines,"Chicago, IL","Nashville, TN",395,-15
Southwest Airlines,"Chicago, IL","Nashville, TN",395,-1
Southwest Airlines,"Chicago, IL","New York, NY",725,-8
Southwest Airlines,"Chicago, IL","Orlando, FL",990,-4
Southwest Airlines,"Chicago, IL","Orlando, FL",990,38
Southwest Airlines,"Chicago, IL","Orlando, FL",990,4
Southwest Airlines,"Chicago, IL","Orlando, FL",990,-17
Southwest Airlines,"Chicago, IL","Orlando, FL",990,-17
Southwest Airlines,"Chicago, IL","Philadelphia, PA",668,15
Southwest Airlines,"Chicago, IL","Portland, OR",1751,459
Southwest Airlines,"Chicago, IL","Providence, RI",842,-14
Southwest Airlines,"Chicago, IL","Sacramento, CA",1790,99
Southwest Airlines,"Chicago, IL","Sacramento, CA",1790,4
Southwest Airlines,"Chicago, IL","San Diego, CA",1728,-12
Southwest Airlines,"Chicago, IL","San Diego, CA",1728,22
Southwest Airlines,"Chicago, IL","Sarasota/Bradenton, FL",1035,56
Southwest Airlines,"Chicago, IL","Seattle, WA",1733,15
Southwest Airlines,"Chicago, IL","St. Louis, MO",251,-13
Southwest Airlines,"Chicago, IL","Tampa, FL",997,-8
Southwest Airlines,"Chicago, IL","Tucson, AZ",1440,-9
Southwest Airlines,"Chicago, IL","Washington, DC",601,11
Southwest Airlines,"Chicago, IL","Washington, DC",601,122
Southwest Airlines,"Chicago, IL","Washington, DC",601,-5
Southwest Airlines,"Chicago, IL","Washington, DC",601,-16
Southwest Airlines,"Cleveland, OH","Chicago, IL",307,3
Southwest Airlines,"Cleveland, OH","Nashville, TN",448,-2
Southwest Airlines,"Colorado Springs, CO","Dallas, TX",602,-13
Southwest Airlines,"Colorado Springs, CO","Dallas, TX",602,-25
Southwest Airlines,"Colorado Springs, CO","Denver, CO",73,139
Southwest Airlines,"Colorado Springs, CO","Denver, CO",73,-21
Southwest Airlines,"Colorado Springs, CO","Las Vegas, NV",604,-13
Southwest Airlines,"Colorado Springs, CO","Las Vegas, NV",604,-24
Southwest Airlines,"Colorado Springs, CO","Phoenix, AZ",551,-14
Southwest Airlines,"Columbus, OH","Chicago, IL",283,1
Southwest Airlines,"Columbus, OH","Denver, CO",1154,84
Southwest Airlines,"Columbus, OH","Fort Myers, FL",930,-23
Southwest Airlines,"Columbus, OH","Fort Myers, FL",930,22
Southwest Airlines,"Columbus, OH","Houston, TX",1000,-8
Southwest Airlines,"Columbus, OH","Orlando, FL",802,-7
Southwest Airlines,"Columbus, OH","Phoenix, AZ",1670,12
Southwest Airlines,"Columbus, OH","Phoenix, AZ",1670,-28
Southwest Airlines,"Columbus, OH","Tampa, FL",829,-15
Southwest Airlines,"Columbus, OH","Washington, DC",323,-1
Southwest Airlines,"Dallas, TX","Atlanta, GA",721,95
Southwest Airlines,"Dallas, TX","Austin, TX",189,-20
Southwest Airlines,"Dallas, TX","Charlotte, NC",926,1
Southwest Airlines,"Dallas, TX","Chicago, IL",793,16
Southwest Airlines,"Dallas, TX","Colorado Springs, CO",602,-11
Southwest Airlines,"Dallas, TX","Colorado Springs, CO",602,72
Southwest Airlines,"Dallas, TX","Columbus, OH",919,-6
Southwest Airlines,"Dallas, TX","Columbus, OH",919,4
Southwest Airlines,"Dallas, TX","Denver, CO",651,-12
Southwest Airlines,"Dallas, TX","Denver, CO",651,-19
Southwest Airlines,"Dallas, TX","Denver, CO",651,-4
Southwest Airlines,"Dallas, TX","Denver, CO",651,6
Southwest Airlines,"Dallas, TX","El Paso, TX",562,21
Southwest Airlines,"Dallas, TX","Fort Lauderdale, FL",1108,-9
Southwest Airlines,"Dallas, TX","Houston, TX",239,3
Southwest Airlines,"Dallas, TX","Houston, TX",239,-18
Southwest Airlines,"Dallas, TX","Houston, TX",239,25
Southwest Airlines,"Dallas, TX","Houston, TX",239,-5
Southwest Airlines,"Dallas, TX","Kansas City, MO",461,0
Southwest Airlines,"Dallas, TX","Kansas City, MO",461,-14
Southwest Airlines,"Dallas, TX","Las Vegas, NV",1067,14
Southwest Airlines,"Dallas, TX","Las Vegas, NV",1067,-17
Southwest Airlines,"Dallas, TX","Las Vegas, NV",1067,-1
Southwest Airlines,"Dallas, TX","Little Rock, AR",296,-4
Southwest Airlines,"Dallas, TX","Little Rock, AR",296,3
Southwest Airlines,"Dallas, TX","Los Angeles, CA",1246,-10
Southwest Airlines,"Dallas, TX","Lubbock, TX",293,-11
Southwest Airlines,"Dallas, TX","Midland/Odessa, TX",319,16
Southwest Airlines,"Dallas, TX","Nashville, TN",623,21
Southwest Airlines,"Dallas, TX","New Orleans, LA",437,-16
Southwest Airlines,"Dallas, TX","New York, NY",1381,-1
Southwest Airlines,"Dallas, TX","Oakland, CA",1468,-12
Southwest Airlines,"Dallas, TX","Oklahoma City, OK",181,123
Southwest Airlines,"Dallas, TX","Omaha, NE",586,-5
Southwest Airlines,"Dallas, TX","Omaha, NE",586,-13
Southwest Airlines,"Dallas, TX","Panama City, FL",674,-18
Southwest Airlines,"Dallas, TX","Pensacola, FL",592,-10
Southwest Airlines,"Dallas, TX","Pensacola, FL",592,-11
Southwest Airlines,"Dallas, TX","Philadelphia, PA",1295,-13
Southwest Airlines,"Dallas, TX","Phoenix, AZ",879,-14
Southwest Airlines,"Dallas, TX","Phoenix, AZ",879,-5
Southwest Airlines,"Dallas, TX","Phoenix, AZ",879,-14
Southwest Airlines,"Dallas, TX","Phoenix, AZ",879,-10
Southwest Airlines,"Dallas, TX","Portland, OR",1626,13
Southwest Airlines,"Dallas, TX","Sacramento, CA",1442,-14
Southwest Airlines,"Dallas, TX","Sacramento, CA",1442,-15
Southwest Airlines,"Dallas, TX","Salt Lake City, UT",999,-4
Southwest Airlines,"Dallas, TX","San Diego, CA",1182,62
Southwest Airlines,"Dallas, TX","San Diego, CA",1182,22
Southwest Airlines,"Dallas, TX","San Diego, CA",1182,-9
Southwest Airlines,"Dallas, TX","Savannah, GA",915,2
Southwest Airlines,"Dallas, TX","Tampa, FL",917,9
Southwest Airlines,"Dallas, TX","Tampa, FL",917,21
Southwest Airlines,"Denver, CO","Albuquerque, NM",349,-7
Southwest Airlines,"Denver, CO","Albuquerque, NM",349,-7
Southwest Airlines,"Denver, CO","Albuquerque, NM",349,-10
Southwest Airlines,"Denver, CO","Anchorage, AK",2405,5
Southwest Airlines,"Denver, CO","Atlanta, GA",1199,9
Southwest Airlines,"Denver, CO","Austin, TX",775,-3
Southwest Airlines,"Denver, CO","Austin, TX",775,87
Southwest Airlines,"Denver, CO","Boston, MA",1754,5
Southwest Airlines,"Denver, CO","Boston, MA",1754,16
Southwest Airlines,"Denver, CO","Bozeman, MT",524,-10
Southwest Airlines,"Denver, CO","Burbank, CA",850,1
Southwest Airlines,"Denver, CO","Cleveland, OH",1201,-24
Southwest Airlines,"Denver, CO","Colorado Springs, CO",73,40
Southwest Airlines,"Denver, CO","Des Moines, IA",589,23
Southwest Airlines,"Denver, CO","Des Moines, IA",589,-4
Southwest Airlines,"Denver, CO","Eugene, OR",996,-13
Southwest Airlines,"Denver, CO","Eugene, OR",996,41
Southwest Airlines,"Denver, CO","Eugene, OR",996,-18
Southwest Airlines,"Denver, CO","Fort Myers, FL",1607,-9
Southwest Airlines,"Denver, CO","Fresno, CA",844,25
Southwest Airlines,"Denver, CO","Grand Rapids, MI",1015,0
Southwest Airlines,"Denver, CO","Kansas City, MO",533,34
Southwest Airlines,"Denver, CO","Las Vegas, NV",628,-12
Southwest Airlines,"Denver, CO","Las Vegas, NV",628,-8
Southwest Airlines,"Denver, CO","Las Vegas, NV",628,303
Southwest Airlines,"Denver, CO","Little Rock, AR",771,5
Southwest Airlines,"Denver, CO","Los Angeles, CA",862,-12
Southwest Airlines,"Denver, CO","Los Angeles, CA",862,-1
Southwest Airlines,"Denver, CO","Los Angeles, CA",862,35
Southwest Airlines,"Denver, CO","Minneapolis, MN",680,7
Southwest Airlines,"Denver, CO","Nashville, TN",1013,6
Southwest Airlines,"Denver, CO","Nashville, TN",1013,87
Southwest Airlines,"Denver, CO","New Orleans, LA",1062,26
Southwest Airlines,"Denver, CO","New Orleans, LA",1062,56
Southwest Airlines,"Denver, CO","New Orleans, LA",1062,27
Southwest Airlines,"Denver, CO","New Orleans, LA",1062,-20
Southwest Airlines,"Denver, CO","New York, NY",1620,39
Southwest Airlines,"Denver, CO","New York, NY",1620,-4
Southwest Airlines,"Denver, CO","New York, NY",1620,-17
Southwest Airlines,"Denver, CO","Oklahoma City, OK",495,19
Southwest Airlines,"Denver, CO","Omaha, NE",472,151
Southwest Airlines,"Denver, CO","Ontario, CA",819,61
Southwest Airlines,"Denver, CO","Orlando, FL",1547,18
Southwest Airlines,"Denver, CO","Palm Springs, CA",776,-18
Southwest Airlines,"Denver, CO","Panama City, FL",1250,19
Southwest Airlines,"Denver, CO","Panama City, FL",1250,29
Southwest Airlines,"Denver, CO","Philadelphia, PA",1558,1
Southwest Airlines,"Denver, CO","Philadelphia, PA",1558,-31
Southwest Airlines,"Denver, CO","Phoenix, AZ",602,33
Southwest Airlines,"Denver, CO","Phoenix, AZ",602,3
Southwest Airlines,"Denver, CO","Phoenix, AZ",602,-15
Southwest Airlines,"Denver, CO","Phoenix, AZ",602,-5
Southwest Airlines,"Denver, CO","Salt Lake City, UT",391,-6
Southwest Airlines,"Denver, CO","Salt Lake City, UT",391,49
Southwest Airlines,"Denver, CO","San Antonio, TX",794,80
Southwest Airlines,"Denver, CO","San Diego, CA",853,-24
Southwest Airlines,"Denver, CO","San Francisco, CA",967,-5
Southwest Airlines,"Denver, CO","Santa Ana, CA",846,15
Southwest Airlines,"Denver, CO","Santa Ana, CA",846,-11
Southwest Airlines,"Denver, CO","Seattle, WA",1024,20
Southwest Airlines,"Denver, CO","Spokane, WA",836,28
Southwest Airlines,"Denver, CO","Spokane, WA",836,17
Southwest Airlines,"Denver, CO","Spokane, WA",836,80
Southwest Airlines,"Denver, CO","St. Louis, MO",770,47
Southwest Airlines,"Denver, CO","St. Louis, MO",770,2
Southwest Airlines,"Denver, CO","St. Louis, MO",770,-15
Southwest Airlines,"Denver, CO","St. Louis, MO",770,-22
Southwest Airlines,"Des Moines, IA","Las Vegas, NV",1216,281
Southwest Airlines,"Des Moines, IA","Phoenix, AZ",1149,14
Southwest Airlines,"Detroit, MI","Baltimore, MD",409,-19
Southwest Airlines,"Detroit, MI","Chicago, IL",228,10
Southwest Airlines,"Detroit, MI","Chicago, IL",228,20
Southwest Airlines,"El Paso, TX","Austin, TX",528,50
Southwest Airlines,"El Paso, TX","Dallas, TX",562,-15
Southwest Airlines,"El Paso, TX","Dallas, TX",562,-9
Southwest Airlines,"El Paso, TX","Denver, CO",563,32
Southwest Airlines,"El Paso, TX","Denver, CO",563,-5
Southwest Airlines,"El Paso, TX","Phoenix, AZ",347,-25
Southwest Airlines,"Eugene, OR","Las Vegas, NV",700,-11
Southwest Airlines,"Fort Lauderdale, FL","Baltimore, MD",925,35
Southwest Airlines,"Fort Lauderdale, FL","Baltimore, MD",925,23
Southwest Airlines,"Fort Lauderdale, FL","Chicago, IL",1167,45
Southwest Airlines,"Fort Lauderdale, FL","Denver, CO",1703,17
Southwest Airlines,"Fort Lauderdale, FL","Houston, TX",957,3
Southwest Airlines,"Fort Lauderdale, FL","Nashville, TN",793,-10
Southwest Airlines,"Fort Myers, FL","Chicago, IL",1105,-27
Southwest Airlines,"Fort Myers, FL","Denver, CO",1607,-19
Southwest Airlines,"Fort Myers, FL","Nashville, TN",722,79
Southwest Airlines,"Fort Myers, FL","Pittsburgh, PA",966,5
Southwest Airlines,"Fort Myers, FL","St. Louis, MO",979,-18
Southwest Airlines,"Fresno, CA","Las Vegas, NV",259,-5
Southwest Airlines,"Hartford, CT","Baltimore, MD",283,-18
Southwest Airlines,"Hartford, CT","Chicago, IL",776,-15
Southwest Airlines,"Hartford, CT","Tampa, FL",1111,-10
Southwest Airlines,"Hilo, HI","Honolulu, HI",216,-14
Southwest Airlines,"Honolulu, HI","Hilo, HI",216,-3
Southwest Airlines,"Honolulu, HI","Kahului, HI",101,-4
Southwest Airlines,"Honolulu, HI","Las Vegas, NV",2762,-18
Southwest Airlines,"Honolulu, HI","Las Vegas, NV",2762,2
Southwest Airlines,"Honolulu, HI","Las Vegas, NV",2762,-7
Southwest Airlines,"Honolulu, HI","Long Beach, CA",2569,-6
Southwest Airlines,"Honolulu, HI","Los Angeles, CA",2556,-8
Southwest Airlines,"Honolulu, HI","Los Angeles, CA",2556,-15
Southwest Airlines,"Houston, TX","Atlanta, GA",696,-12
Southwest Airlines,"Houston, TX","Austin, TX",148,13
Southwest Airlines,"Houston, TX","Baltimore, MD",1246,-7
Southwest Airlines,"Houston, TX","Charleston, SC",928,11
Southwest Airlines,"Houston, TX","Chicago, IL",937,-5
Southwest Airlines,"Houston, TX","Corpus Christi, TX",187,-4
Southwest Airlines,"Houston, TX","Corpus Christi, TX",187,-16
Southwest Airlines,"Houston, TX","Dallas, TX",239,-21
Southwest Airlines,"Houston, TX","Denver, CO",883,-17
Southwest Airlines,"Houston, TX","Denver, CO",883,-20
Southwest Airlines,"Houston, TX","El Paso, TX",677,19
Southwest Airlines,"Houston, TX","Fort Lauderdale, FL",957,6
Southwest Airlines,"Houston, TX","Harlingen/San Benito, TX",277,26
Southwest Airlines,"Houston, TX","Harlingen/San Benito, TX",277,-9
Southwest Airlines,"Houston, TX","Kansas City, MO",666,51
Southwest Airlines,"Houston, TX","Las Vegas, NV",1235,1
Southwest Airlines,"Houston, TX","Las Vegas, NV",1235,-21
Southwest Airlines,"Houston, TX","Los Angeles, CA",1390,69
Southwest Airlines,"Houston, TX","Los Angeles, CA",1390,28
Southwest Airlines,"Houston, TX","Louisville, KY",803,4
Southwest Airlines,"Houston, TX","Memphis, TN",484,-12
Southwest Airlines,"Houston, TX","Midland/Odessa, TX",441,4
Southwest Airlines,"Houston, TX","Nashville, TN",670,19
Southwest Airlines,"Houston, TX","Nashville, TN",670,3
Southwest Airlines,"Houston, TX","New Orleans, LA",303,122
Southwest Airlines,"Houston, TX","New York, NY",1428,44
Southwest Airlines,"Houston, TX","Oklahoma City, OK",419,28
Southwest Airlines,"Houston, TX","Oklahoma City, OK",419,3
Southwest Airlines,"Houston, TX","Pensacola, FL",488,10
Southwest Airlines,"Houston, TX","Pensacola, FL",488,-8
Southwest Airlines,"Houston, TX","Phoenix, AZ",1020,-9
Southwest Airlines,"Houston, TX","San Diego, CA",1313,3
Southwest Airlines,"Houston, TX","San Juan, PR",1997,10
Southwest Airlines,"Houston, TX","Washington, DC",1218,3
Southwest Airlines,"Indianapolis, IN","Fort Myers, FL",945,-11
Southwest Airlines,"Indianapolis, IN","Fort Myers, FL",945,8
Southwest Airlines,"Indianapolis, IN","Las Vegas, NV",1590,-16
Southwest Airlines,"Indianapolis, IN","Orlando, FL",829,-11
Southwest Airlines,"Islip, NY","Orlando, FL",971,-10
Southwest Airlines,"Islip, NY","Orlando, FL",971,35
Southwest Airlines,"Islip, NY","West Palm Beach/Palm Beach, FL",1052,11
Southwest Airlines,"Jackson/Vicksburg, MS","Houston, TX",359,-13
Southwest Airlines,"Jackson/Vicksburg, MS","Nashville, TN",327,29
Southwest Airlines,"Jacksonville, FL","Baltimore, MD",663,-6
Southwest Airlines,"Jacksonville, FL","Nashville, TN",483,43
Southwest Airlines,"Kahului, HI","Honolulu, HI",101,-6
Southwest Airlines,"Kahului, HI","Honolulu, HI",101,-10
Southwest Airlines,"Kahului, HI","San Diego, CA",2540,-23
Southwest Airlines,"Kansas City, MO","Austin, TX",650,-24
Southwest Airlines,"Kansas City, MO","Chicago, IL",404,29
Southwest Airlines,"Kansas City, MO","Dallas, TX",461,18
Southwest Airlines,"Kansas City, MO","Dallas, TX",461,-25
Southwest Airlines,"Kansas City, MO","Denver, CO",533,76
Southwest Airlines,"Kansas City, MO","Houston, TX",666,-18
Southwest Airlines,"Kansas City, MO","Las Vegas, NV",1139,9
Southwest Airlines,"Kansas City, MO","Nashville, TN",491,-17
Southwest Airlines,"Kansas City, MO","New York, NY",1107,-2
Southwest Airlines,"Kansas City, MO","New York, NY",1107,-28
Southwest Airlines,"Kansas City, MO","San Antonio, TX",706,-23
Southwest Airlines,"Kansas City, MO","San Antonio, TX",706,-10
Southwest Airlines,"Kansas City, MO","Washington, DC",949,8
Southwest Airlines,"Kansas City, MO","Washington, DC",949,26
Southwest Airlines,"Knoxville, TN","Baltimore, MD",464,-27
Southwest Airlines,"Knoxville, TN","Orlando, FL",532,248
Southwest Airlines,"Kona, HI","Honolulu, HI",163,0
Southwest Airlines,"Kona, HI","Honolulu, HI",163,-13
Southwest Airlines,"Las Vegas, NV","Albuquerque, NM",486,19
Southwest Airlines,"Las Vegas, NV","Albuquerque, NM",486,8
Southwest Airlines,"Las Vegas, NV","Atlanta, GA",1747,-8
Southwest Airlines,"Las Vegas, NV","Boise, ID",519,144
Southwest Airlines,"Las Vegas, NV","Boise, ID",519,-15
Southwest Airlines,"Las Vegas, NV","Buffalo, NY",1986,17
Southwest Airlines,"Las Vegas, NV","Burbank, CA",223,-3
Southwest Airlines,"Las Vegas, NV","Burbank, CA",223,12
Southwest Airlines,"Las Vegas, NV","Chicago, IL",1514,24
Southwest Airlines,"Las Vegas, NV","Chicago, IL",1521,-1
Southwest Airlines,"Las Vegas, NV","Colorado Springs, CO",604,-9
Southwest Airlines,"Las Vegas, NV","Columbus, OH",1771,7
Southwest Airlines,"Las Vegas, NV","Columbus, OH",1771,135
Southwest Airlines,"Las Vegas, NV","Dallas, TX",1067,-1
Southwest Airlines,"Las Vegas, NV","Des Moines, IA",1216,9
Southwest Airlines,"Las Vegas, NV","El Paso, TX",584,18
Southwest Airlines,"Las Vegas, NV","Fresno, CA",259,-18
Southwest Airlines,"Las Vegas, NV","Houston, TX",1235,71
Southwest Airlines,"Las Vegas, NV","Houston, TX",1235,12
Southwest Airlines,"Las Vegas, NV","Long Beach, CA",231,1
Southwest Airlines,"Las Vegas, NV","Los Angeles, CA",236,26
Southwest Airlines,"Las Vegas, NV","Los Angeles, CA",236,-19
Southwest Airlines,"Las Vegas, NV","Louisville, KY",1624,-3
Southwest Airlines,"Las Vegas, NV","Nashville, TN",1587,-22
Southwest Airlines,"Las Vegas, NV","Oakland, CA",407,-5
Southwest Airlines,"Las Vegas, NV","Oklahoma City, OK",986,-2
Southwest Airlines,"Las Vegas, NV","Ontario, CA",197,-12
Southwest Airlines,"Las Vegas, NV","Ontario, CA",197,2
Southwest Airlines,"Las Vegas, NV","Palm Springs, CA",173,12
Southwest Airlines,"Las Vegas, NV","Pittsburgh, PA",1910,-13
Southwest Airlines,"Las Vegas, NV","Portland, OR",763,3
Southwest Airlines,"Las Vegas, NV","Reno, NV",345,-23
Southwest Airlines,"Las Vegas, NV","Reno, NV",345,34
Southwest Airlines,"Las Vegas, NV","Reno, NV",345,-15
Southwest Airlines,"Las Vegas, NV","Sacramento, CA",397,1
Southwest Airlines,"Las Vegas, NV","Sacramento, CA",397,52
Southwest Airlines,"Las Vegas, NV","Sacramento, CA",397,100
Southwest Airlines,"Las Vegas, NV","Salt Lake City, UT",368,-15
Southwest Airlines,"Las Vegas, NV","Salt Lake City, UT",368,9
Southwest Airlines,"Las Vegas, NV","Salt Lake City, UT",368,-5
Southwest Airlines,"Las Vegas, NV","Salt Lake City, UT",368,-9
Southwest Airlines,"Las Vegas, NV","Salt Lake City, UT",368,25
Southwest Airlines,"Las Vegas, NV","San Diego, CA",258,74
Southwest Airlines,"Las Vegas, NV","San Francisco, CA",414,19
Southwest Airlines,"Las Vegas, NV","San Francisco, CA",414,-4
Southwest Airlines,"Las Vegas, NV","San Jose, CA",386,-12
Southwest Airlines,"Las Vegas, NV","Seattle, WA",867,-15
Southwest Airlines,"Las Vegas, NV","Seattle, WA",867,29
Southwest Airlines,"Las Vegas, NV","St. Louis, MO",1371,-8
Southwest Airlines,"Las Vegas, NV","St. Louis, MO",1371,47
Southwest Airlines,"Las Vegas, NV","Tampa, FL",1984,-4
Southwest Airlines,"Las Vegas, NV","Tulsa, OK",1076,76
Southwest Airlines,"Las Vegas, NV","Tulsa, OK",1076,16
Southwest Airlines,"Lihue, HI","Honolulu, HI",102,-7
Southwest Airlines,"Lihue, HI","Honolulu, HI",102,-17
Southwest Airlines,"Lihue, HI","Las Vegas, NV",2817,-24
Southwest Airlines,"Lihue, HI","Las Vegas, NV",2817,-23
Southwest Airlines,"Lihue, HI","Oakland, CA",2456,-13
Southwest Airlines,"Long Beach, CA","Denver, CO",854,-21
Southwest Airlines,"Long Beach, CA","Denver, CO",854,0
Southwest Airlines,"Long Beach, CA","Houston, TX",1374,-18
Southwest Airlines,"Long Beach, CA","Nashville, TN",1785,-6
Southwest Airlines,"Long Beach, CA","Oakland, CA",353,-12
Southwest Airlines,"Long Beach, CA","Reno, NV",402,-12
Southwest Airlines,"Long Beach, CA","Reno, NV",402,-14
Southwest Airlines,"Long Beach, CA","Sacramento, CA",387,-9
Southwest Airlines,"Long Beach, CA","San Jose, CA",324,-15
Southwest Airlines,"Long Beach, CA","San Jose, CA",324,-4
Southwest Airlines,"Long Beach, CA","San Jose, CA",324,-14
Southwest Airlines,"Los Angeles, CA","Albuquerque, NM",677,-6
Southwest Airlines,"Los Angeles, CA","Albuquerque, NM",677,30
Southwest Airlines,"Los Angeles, CA","Austin, TX",1242,13
Southwest Airlines,"Los Angeles, CA","Baltimore, MD",2329,8
Southwest Airlines,"Los Angeles, CA","Chicago, IL",1751,22
Southwest Airlines,"Los Angeles, CA","Dallas, TX",1246,19
Southwest Airlines,"Los Angeles, CA","Denver, CO",862,-21
Southwest Airlines,"Los Angeles, CA","Denver, CO",862,5
Southwest Airlines,"Los Angeles, CA","Denver, CO",862,22
Southwest Airlines,"Los Angeles, CA","Houston, TX",1390,37
Southwest Airlines,"Los Angeles, CA","Las Vegas, NV",236,37
Southwest Airlines,"Los Angeles, CA","Las Vegas, NV",236,16
Southwest Airlines,"Los Angeles, CA","New Orleans, LA",1671,6
Southwest Airlines,"Los Angeles, CA","Oakland, CA",337,-10
Southwest Airlines,"Los Angeles, CA","Oakland, CA",337,81
Southwest Airlines,"Los Angeles, CA","Phoenix, AZ",370,23
Southwest Airlines,"Los Angeles, CA","Sacramento, CA",373,101
Southwest Airlines,"Los Angeles, CA","San Francisco, CA",337,4
Southwest Airlines,"Los Angeles, CA","San Francisco, CA",337,-2
Southwest Airlines,"Los Angeles, CA","San Jose, CA",308,-20
Southwest Airlines,"Louisville, KY","Chicago, IL",271,5
Southwest Airlines,"Louisville, KY","Denver, CO",1024,-20
Southwest Airlines,"Manchester, NH","Baltimore, MD",377,-22
Southwest Airlines,"Manchester, NH","Baltimore, MD",377,20
Southwest Airlines,"Manchester, NH","Baltimore, MD",377,-14
Southwest Airlines,"Memphis, TN","Baltimore, MD",787,-3
Southwest Airlines,"Memphis, TN","Houston, TX",484,233
Southwest Airlines,"Memphis, TN","Houston, TX",484,-4
Southwest Airlines,"Memphis, TN","Nashville, TN",200,17
Southwest Airlines,"Memphis, TN","Nashville, TN",200,-4
Southwest Airlines,"Memphis, TN","Orlando, FL",684,-5
Southwest Airlines,"Memphis, TN","Orlando, FL",684,-6
Southwest Airlines,"Miami, FL","Austin, TX",1103,47
Southwest Airlines,"Miami, FL","Austin, TX",1103,14
Southwest Airlines,"Miami, FL","Baltimore, MD",946,10
Southwest Airlines,"Miami, FL","Baltimore, MD",946,4
Southwest Airlines,"Miami, FL","Denver, CO",1709,13
Southwest Airlines,"Miami, FL","Nashville, TN",806,32
Southwest Airlines,"Midland/Odessa, TX","Austin, TX",294,18
Southwest Airlines,"Midland/Odessa, TX","Dallas, TX",319,-14
Southwest Airlines,"Midland/Odessa, TX","Las Vegas, NV",795,-8
Southwest Airlines,"Milwaukee, WI","Denver, CO",896,-18
Southwest Airlines,"Milwaukee, WI","Las Vegas, NV",1524,2
Southwest Airlines,"Milwaukee, WI","Nashville, TN",475,-21
Southwest Airlines,"Milwaukee, WI","Phoenix, AZ",1460,12
Southwest Airlines,"Milwaukee, WI","Phoenix, AZ",1460,-17
Southwest Airlines,"Milwaukee, WI","Washington, DC",634,-15
Southwest Airlines,"Minneapolis, MN","Austin, TX",1042,-9
Southwest Airlines,"Minneapolis, MN","Denver, CO",680,42
Southwest Airlines,"Montrose/Delta, CO","Denver, CO",197,-11
Southwest Airlines,"Myrtle Beach, SC","Baltimore, MD",399,6
Southwest Airlines,"Nashville, TN","Atlanta, GA",214,131
Southwest Airlines,"Nashville, TN","Austin, TX",756,-27
Southwest Airlines,"Nashville, TN","Austin, TX",756,-26
Southwest Airlines,"Nashville, TN","Baltimore, MD",587,-17
Southwest Airlines,"Nashville, TN","Baltimore, MD",587,31
Southwest Airlines,"Nashville, TN","Baltimore, MD",587,-11
Southwest Airlines,"Nashville, TN","Baltimore, MD",587,3
Southwest Airlines,"Nashville, TN","Boston, MA",942,7
Southwest Airlines,"Nashville, TN","Boston, MA",942,6
Southwest Airlines,"Nashville, TN","Charleston, SC",439,76
Southwest Airlines,"Nashville, TN","Charleston, SC",439,-3
Southwest Airlines,"Nashville, TN","Charleston, SC",439,41
Southwest Airlines,"Nashville, TN","Chicago, IL",395,32
Southwest Airlines,"Nashville, TN","Cleveland, OH",448,9
Southwest Airlines,"Nashville, TN","Dallas, TX",623,16
Southwest Airlines,"Nashville, TN","Dallas, TX",623,30
Southwest Airlines,"Nashville, TN","Dallas, TX",623,6
Southwest Airlines,"Nashville, TN","Denver, CO",1013,2
Southwest Airlines,"Nashville, TN","Denver, CO",1013,61
Southwest Airlines,"Nashville, TN","Detroit, MI",456,-11
Southwest Airlines,"Nashville, TN","Detroit, MI",456,46
Southwest Airlines,"Nashville, TN","Detroit, MI",456,76
Southwest Airlines,"Nashville, TN","Fort Lauderdale, FL",793,-1
Southwest Airlines,"Nashville, TN","Fort Lauderdale, FL",793,-12
Southwest Airlines,"Nashville, TN","Fort Lauderdale, FL",793,90
Southwest Airlines,"Nashville, TN","Greer, SC",265,95
Southwest Airlines,"Nashville, TN","Houston, TX",670,65
Southwest Airlines,"Nashville, TN","Houston, TX",670,-5
Southwest Airlines,"Nashville, TN","Kansas City, MO",491,-3
Southwest Airlines,"Nashville, TN","Kansas City, MO",491,-23
Southwest Airlines,"Nashville, TN","Knoxville, TN",152,-11
Southwest Airlines,"Nashville, TN","Las Vegas, NV",1587,31
Southwest Airlines,"Nashville, TN","Las Vegas, NV",1587,-10
Southwest Airlines,"Nashville, TN","Miami, FL",806,8
Southwest Airlines,"Nashville, TN","New York, NY",764,-17
Southwest Airlines,"Nashville, TN","Oklahoma City, OK",616,-23
Southwest Airlines,"Nashville, TN","Omaha, NE",612,6
Southwest Airlines,"Nashville, TN","Orlando, FL",616,-13
Southwest Airlines,"Nashville, TN","Panama City, FL",401,-6
Southwest Airlines,"Nashville, TN","Panama City, FL",401,42
Southwest Airlines,"Nashville, TN","Raleigh/Durham, NC",442,10
Southwest Airlines,"Nashville, TN","Richmond, VA",527,11
Southwest Airlines,"Nashville, TN","Sacramento, CA",1917,-29
Southwest Airlines,"Nashville, TN","Sacramento, CA",1917,-11
Southwest Airlines,"Nashville, TN","San Antonio, TX",822,-5
Southwest Airlines,"Nashville, TN","San Antonio, TX",822,-18
Southwest Airlines,"Nashville, TN","Savannah, GA",417,0
Southwest Airlines,"Nashville, TN","Savannah, GA",417,-6
Southwest Airlines,"Nashville, TN","St. Louis, MO",272,22
Southwest Airlines,"Nashville, TN","Tampa, FL",612,-1
Southwest Airlines,"Nashville, TN","Tulsa, OK",515,-8
Southwest Airlines,"Nashville, TN","Valparaiso, FL",389,59
Southwest Airlines,"Nashville, TN","Washington, DC",562,33
Southwest Airlines,"New Orleans, LA","Austin, TX",445,6
Southwest Airlines,"New Orleans, LA","Baltimore, MD",998,21
Southwest Airlines,"New Orleans, LA","Houston, TX",303,11
Southwest Airlines,"New Orleans, LA","Houston, TX",303,-16
Southwest Airlines,"New Orleans, LA","Nashville, TN",471,-13
Southwest Airlines,"New Orleans, LA","Nashville, TN",471,91
Southwest Airlines,"New Orleans, LA","New York, NY",1183,-9
Southwest Airlines,"New Orleans, LA","New York, NY",1183,31
Southwest Airlines,"New Orleans, LA","Orlando, FL",551,124
Southwest Airlines,"New Orleans, LA","Orlando, FL",551,-3
Southwest Airlines,"New Orleans, LA","Phoenix, AZ",1301,-11
Southwest Airlines,"New Orleans, LA","Raleigh/Durham, NC",779,54
Southwest Airlines,"New Orleans, LA","Tampa, FL",487,-12
Southwest Airlines,"New York, NY","Chicago, IL",725,8
Southwest Airlines,"New York, NY","Houston, TX",1428,-2
Southwest Airlines,"New York, NY","Houston, TX",1428,-25
Southwest Airlines,"New York, NY","Houston, TX",1428,49
Southwest Airlines,"New York, NY","Houston, TX",1428,-9
Southwest Airlines,"New York, NY","Kansas City, MO",1107,-17
Southwest Airlines,"New York, NY","Nashville, TN",764,22
Southwest Airlines,"New York, NY","Nashville, TN",764,32
Southwest Airlines,"New York, NY","St. Louis, MO",888,7
Southwest Airlines,"Norfolk, VA","Baltimore, MD",159,-6
Southwest Airlines,"Norfolk, VA","Baltimore, MD",159,22
Southwest Airlines,"Norfolk, VA","Baltimore, MD",159,-10
Southwest Airlines,"Oakland, CA","Burbank, CA",325,9
Southwest Airlines,"Oakland, CA","Denver, CO",957,2
Southwest Airlines,"Oakland, CA","Houston, TX",1642,12
Southwest Airlines,"Oakland, CA","Las Vegas, NV",407,-19
Southwest Airlines,"Oakland, CA","Las Vegas, NV",407,-16
Southwest Airlines,"Oakland, CA","Los Angeles, CA",337,-24
Southwest Airlines,"Oakland, CA","Ontario, CA",362,-14
Southwest Airlines,"Oakland, CA","Palm Springs, CA",418,-6
Southwest Airlines,"Oakland, CA","Palm Springs, CA",418,43
Southwest Airlines,"Oakland, CA","Phoenix, AZ",646,27
Southwest Airlines,"Oakland, CA","Phoenix, AZ",646,184
Southwest Airlines,"Oakland, CA","Salt Lake City, UT",588,-5
Southwest Airlines,"Oakland, CA","San Diego, CA",446,47
Southwest Airlines,"Oakland, CA","San Diego, CA",446,42
Southwest Airlines,"Oakland, CA","San Diego, CA",446,7
Southwest Airlines,"Oakland, CA","Santa Ana, CA",371,-8
Southwest Airlines,"Oakland, CA","Santa Ana, CA",371,-11
Southwest Airlines,"Oakland, CA","Santa Ana, CA",371,3
Southwest Airlines,"Oakland, CA","Santa Ana, CA",371,-4
Southwest Airlines,"Oakland, CA","Santa Ana, CA",371,-16
Southwest Airlines,"Oklahoma City, OK","Austin, TX",358,-11
Southwest Airlines,"Oklahoma City, OK","Dallas, TX",181,-16
Southwest Airlines,"Oklahoma City, OK","Denver, CO",495,-16
Southwest Airlines,"Oklahoma City, OK","Denver, CO",495,7
Southwest Airlines,"Oklahoma City, OK","Denver, CO",495,58
Southwest Airlines,"Oklahoma City, OK","Denver, CO",495,-10
Southwest Airlines,"Oklahoma City, OK","Houston, TX",419,-22
Southwest Airlines,"Oklahoma City, OK","Las Vegas, NV",986,-19
Southwest Airlines,"Oklahoma City, OK","Las Vegas, NV",986,-14
Southwest Airlines,"Oklahoma City, OK","Washington, DC",1158,0
Southwest Airlines,"Omaha, NE","Chicago, IL",423,-12
Southwest Airlines,"Omaha, NE","Denver, CO",472,-6
Southwest Airlines,"Omaha, NE","Houston, TX",804,13
Southwest Airlines,"Omaha, NE","Las Vegas, NV",1099,-17
Southwest Airlines,"Omaha, NE","New York, NY",1148,74
Southwest Airlines,"Ontario, CA","Austin, TX",1196,-22
Southwest Airlines,"Ontario, CA","Houston, TX",1345,16
Southwest Airlines,"Ontario, CA","Las Vegas, NV",197,141
Southwest Airlines,"Ontario, CA","Las Vegas, NV",197,-4
Southwest Airlines,"Ontario, CA","Oakland, CA",362,25
Southwest Airlines,"Ontario, CA","Oakland, CA",362,-13
Southwest Airlines,"Ontario, CA","Phoenix, AZ",325,5
Southwest Airlines,"Ontario, CA","Sacramento, CA",390,-19
Southwest Airlines,"Ontario, CA","Sacramento, CA",390,-16
Southwest Airlines,"Ontario, CA","Sacramento, CA",390,5
Southwest Airlines,"Ontario, CA","San Jose, CA",333,12
Southwest Airlines,"Orlando, FL","Austin, TX",994,25
Southwest Airlines,"Orlando, FL","Austin, TX",994,0
Southwest Airlines,"Orlando, FL","Baltimore, MD",787,17
Southwest Airlines,"Orlando, FL","Baltimore, MD",787,238
Southwest Airlines,"Orlando, FL","Baltimore, MD",787,-11
Southwest Airlines,"Orlando, FL","Birmingham, AL",479,-12
Southwest Airlines,"Orlando, FL","Buffalo, NY",1011,22
Southwest Airlines,"Orlando, FL","Charlotte Amalie, VI",1246,-2
Southwest Airlines,"Orlando, FL","Chicago, IL",1005,40
Southwest Airlines,"Orlando, FL","Chicago, IL",1005,4
Southwest Airlines,"Orlando, FL","Columbus, OH",802,-4
Southwest Airlines,"Orlando, FL","Columbus, OH",802,-15
Southwest Airlines,"Orlando, FL","Dallas, TX",973,19
Southwest Airlines,"Orlando, FL","Dallas, TX",973,13
Southwest Airlines,"Orlando, FL","Fort Myers, FL",133,-6
Southwest Airlines,"Orlando, FL","Houston, TX",849,5
Southwest Airlines,"Orlando, FL","Houston, TX",849,-4
Southwest Airlines,"Orlando, FL","Houston, TX",849,-6
Southwest Airlines,"Orlando, FL","Indianapolis, IN",829,180
Southwest Airlines,"Orlando, FL","Indianapolis, IN",829,-44
Southwest Airlines,"Orlando, FL","Kansas City, MO",1072,-30
Southwest Airlines,"Orlando, FL","Kansas City, MO",1072,-18
Southwest Airlines,"Orlando, FL","Las Vegas, NV",2039,53
Southwest Airlines,"Orlando, FL","Milwaukee, WI",1066,-15
Southwest Airlines,"Orlando, FL","Milwaukee, WI",1066,-15
Southwest Airlines,"Orlando, FL","Nashville, TN",616,-29
Southwest Airlines,"Orlando, FL","Philadelphia, PA",862,123
Southwest Airlines,"Orlando, FL","Pittsburgh, PA",834,-20
Southwest Airlines,"Orlando, FL","Richmond, VA",667,-4
Southwest Airlines,"Orlando, FL","San Juan, PR",1188,65
Southwest Airlines,"Orlando, FL","San Juan, PR",1188,79
Southwest Airlines,"Orlando, FL","St. Louis, MO",882,-16
Southwest Airlines,"Orlando, FL","Washington, DC",759,6
Southwest Airlines,"Palm Springs, CA","Oakland, CA",418,-21
Southwest Airlines,"Palm Springs, CA","Oakland, CA",418,-18
Southwest Airlines,"Panama City, FL","Austin, TX",710,-14
Southwest Airlines,"Panama City, FL","Austin, TX",710,353
Southwest Airlines,"Panama City, FL","Dallas, TX",674,29
Southwest Airlines,"Panama City, FL","Denver, CO",1250,-15
Southwest Airlines,"Panama City, FL","Houston, TX",570,-11
Southwest Airlines,"Panama City, FL","Nashville, TN",401,-1
Southwest Airlines,"Panama City, FL","St. Louis, MO",634,0
Southwest Airlines,"Pensacola, FL","Kansas City, MO",743,-19
Southwest Airlines,"Philadelphia, PA","Denver, CO",1558,47
Southwest Airlines,"Philadelphia, PA","Denver, CO",1558,4
Southwest Airlines,"Philadelphia, PA","Denver, CO",1558,4
Southwest Airlines,"Philadelphia, PA","Nashville, TN",675,18
Southwest Airlines,"Philadelphia, PA","Nashville, TN",675,17
Southwest Airlines,"Philadelphia, PA","Nashville, TN",675,-12
Southwest Airlines,"Philadelphia, PA","Orlando, FL",862,-17
Southwest Airlines,"Philadelphia, PA","St. Louis, MO",814,7
Southwest Airlines,"Phoenix, AZ","Austin, TX",872,-7
Southwest Airlines,"Phoenix, AZ","Austin, TX",872,8
Southwest Airlines,"Phoenix, AZ","Austin, TX",872,-30
Southwest Airlines,"Phoenix, AZ","Burbank, CA",369,-17
Southwest Airlines,"Phoenix, AZ","Chicago, IL",1440,7
Southwest Airlines,"Phoenix, AZ","Chicago, IL",1444,-6
Southwest Airlines,"Phoenix, AZ","Columbus, OH",1670,29
Southwest Airlines,"Phoenix, AZ","Dallas, TX",879,23
Southwest Airlines,"Phoenix, AZ","Dallas, TX",879,18
Southwest Airlines,"Phoenix, AZ","Dallas, TX",879,-23
Southwest Airlines,"Phoenix, AZ","Denver, CO",602,22
Southwest Airlines,"Phoenix, AZ","Denver, CO",602,3
Southwest Airlines,"Phoenix, AZ","Denver, CO",602,29
Southwest Airlines,"Phoenix, AZ","Indianapolis, IN",1489,-12
Southwest Airlines,"Phoenix, AZ","Kahului, HI",2844,21
Southwest Airlines,"Phoenix, AZ","Kansas City, MO",1044,1
Southwest Airlines,"Phoenix, AZ","Las Vegas, NV",255,-8
Southwest Airlines,"Phoenix, AZ","Las Vegas, NV",255,21
Southwest Airlines,"Phoenix, AZ","Las Vegas, NV",255,-15
Southwest Airlines,"Phoenix, AZ","Las Vegas, NV",255,21
Southwest Airlines,"Phoenix, AZ","Long Beach, CA",355,-24
Southwest Airlines,"Phoenix, AZ","Long Beach, CA",355,-5
Southwest Airlines,"Phoenix, AZ","Milwaukee, WI",1460,-4
Southwest Airlines,"Phoenix, AZ","New Orleans, LA",1301,8
Southwest Airlines,"Phoenix, AZ","Oklahoma City, OK",833,26
Southwest Airlines,"Phoenix, AZ","Omaha, NE",1037,86
Southwest Airlines,"Phoenix, AZ","Ontario, CA",325,50
Southwest Airlines,"Phoenix, AZ","Ontario, CA",325,-12
Southwest Airlines,"Phoenix, AZ","Ontario, CA",325,17
Southwest Airlines,"Phoenix, AZ","Ontario, CA",325,-16
Southwest Airlines,"Phoenix, AZ","Pittsburgh, PA",1814,5
Southwest Airlines,"Phoenix, AZ","Pittsburgh, PA",1814,-1
Southwest Airlines,"Phoenix, AZ","Portland, OR",1010,-5
Southwest Airlines,"Phoenix, AZ","Reno, NV",601,-6
Southwest Airlines,"Phoenix, AZ","Reno, NV",601,-5
Southwest Airlines,"Phoenix, AZ","Sacramento, CA",647,6
Southwest Airlines,"Phoenix, AZ","San Diego, CA",304,42
Southwest Airlines,"Phoenix, AZ","San Francisco, CA",651,-3
Southwest Airlines,"Phoenix, AZ","San Francisco, CA",651,17
Southwest Airlines,"Phoenix, AZ","San Jose, CA",621,7
Southwest Airlines,"Phoenix, AZ","Santa Ana, CA",338,-21
Southwest Airlines,"Phoenix, AZ","Santa Ana, CA",338,48
Southwest Airlines,"Phoenix, AZ","Seattle, WA",1107,39
Southwest Airlines,"Phoenix, AZ","Seattle, WA",1107,-8
Southwest Airlines,"Phoenix, AZ","St. Louis, MO",1262,-3
Southwest Airlines,"Phoenix, AZ","Tampa, FL",1788,11
Southwest Airlines,"Phoenix, AZ","Tulsa, OK",935,12
Southwest Airlines,"Phoenix, AZ","Tulsa, OK",935,29
Southwest Airlines,"Pittsburgh, PA","Baltimore, MD",210,-23
Southwest Airlines,"Pittsburgh, PA","Chicago, IL",402,4
Southwest Airlines,"Pittsburgh, PA","Denver, CO",1290,38
Southwest Airlines,"Pittsburgh, PA","Orlando, FL",834,-7
Southwest Airlines,"Pittsburgh, PA","Phoenix, AZ",1814,67
Southwest Airlines,"Pittsburgh, PA","St. Louis, MO",554,-8
Southwest Airlines,"Portland, ME","Baltimore, MD",452,-12
Southwest Airlines,"Portland, OR","Las Vegas, NV",763,-5
Southwest Airlines,"Portland, OR","Phoenix, AZ",1010,6
Southwest Airlines,"Portland, OR","Phoenix, AZ",1010,-8
Southwest Airlines,"Portland, OR","Sacramento, CA",479,-13
Southwest Airlines,"Portland, OR","Sacramento, CA",479,-12
Southwest Airlines,"Portland, OR","San Jose, CA",569,-18
Southwest Airlines,"Providence, RI","Baltimore, MD",327,-18
Southwest Airlines,"Providence, RI","Baltimore, MD",327,-9
Southwest Airlines,"Providence, RI","Baltimore, MD",327,0
Southwest Airlines,"Providence, RI","Fort Lauderdale, FL",1188,89
Southwest Airlines,"Providence, RI","Orlando, FL",1072,-6
Southwest Airlines,"Raleigh/Durham, NC","Baltimore, MD",256,-2
Southwest Airlines,"Raleigh/Durham, NC","Nashville, TN",442,-3
Southwest Airlines,"Raleigh/Durham, NC","New Orleans, LA",779,5
Southwest Airlines,"Raleigh/Durham, NC","Phoenix, AZ",1891,-17
Southwest Airlines,"Raleigh/Durham, NC","Phoenix, AZ",1891,-4
Southwest Airlines,"Reno, NV","Las Vegas, NV",345,0
Southwest Airlines,"Reno, NV","Las Vegas, NV",345,-28
Southwest Airlines,"Richmond, VA","Denver, CO",1481,18
Southwest Airlines,"Richmond, VA","Nashville, TN",527,-4
Southwest Airlines,"Rochester, NY","Tampa, FL",1079,56
Southwest Airlines,"Sacramento, CA","Austin, TX",1481,5
Southwest Airlines,"Sacramento, CA","Boise, ID",437,10
Southwest Airlines,"Sacramento, CA","Chicago, IL",1790,-2
Southwest Airlines,"Sacramento, CA","Honolulu, HI",2462,6
Southwest Airlines,"Sacramento, CA","Honolulu, HI",2462,-16
Southwest Airlines,"Sacramento, CA","Las Vegas, NV",397,22
Southwest Airlines,"Sacramento, CA","Las Vegas, NV",397,120
Southwest Airlines,"Sacramento, CA","Long Beach, CA",387,101
Southwest Airlines,"Sacramento, CA","Ontario, CA",390,-13
Southwest Airlines,"Sacramento, CA","Ontario, CA",390,-11
Southwest Airlines,"Sacramento, CA","Ontario, CA",390,111
Southwest Airlines,"Sacramento, CA","Ontario, CA",390,119
Southwest Airlines,"Sacramento, CA","Phoenix, AZ",647,-11
Southwest Airlines,"Sacramento, CA","Phoenix, AZ",647,-15
Southwest Airlines,"Sacramento, CA","Portland, OR",479,50
Southwest Airlines,"Sacramento, CA","San Diego, CA",480,11
Southwest Airlines,"Sacramento, CA","San Diego, CA",480,14
Southwest Airlines,"Sacramento, CA","San Diego, CA",480,17
Southwest Airlines,"Sacramento, CA","San Diego, CA",480,-12
Southwest Airlines,"Sacramento, CA","Santa Ana, CA",404,74
Southwest Airlines,"Sacramento, CA","Santa Ana, CA",404,21
Southwest Airlines,"Sacramento, CA","Seattle, WA",605,-1
Southwest Airlines,"Salt Lake City, UT","Austin, TX",1086,-9
Southwest Airlines,"Salt Lake City, UT","Dallas, TX",999,-4
Southwest Airlines,"Salt Lake City, UT","Denver, CO",391,0
Southwest Airlines,"Salt Lake City, UT","Denver, CO",391,-11
Southwest Airlines,"Salt Lake City, UT","Las Vegas, NV",368,-11
Southwest Airlines,"Salt Lake City, UT","Long Beach, CA",588,-19
Southwest Airlines,"Salt Lake City, UT","Long Beach, CA",588,38
Southwest Airlines,"Salt Lake City, UT","Long Beach, CA",588,-11
Southwest Airlines,"Salt Lake City, UT","Phoenix, AZ",507,-24
Southwest Airlines,"Salt Lake City, UT","Phoenix, AZ",507,-24
Southwest Airlines,"Salt Lake City, UT","Phoenix, AZ",507,24
Southwest Airlines,"Salt Lake City, UT","Phoenix, AZ",507,-13
Southwest Airlines,"San Antonio, TX","Las Vegas, NV",1069,109
Southwest Airlines,"San Antonio, TX","Nashville, TN",822,39
Southwest Airlines,"San Antonio, TX","New Orleans, LA",495,-29
Southwest Airlines,"San Antonio, TX","Orlando, FL",1041,4
Southwest Airlines,"San Antonio, TX","Orlando, FL",1041,10
Southwest Airlines,"San Antonio, TX","Orlando, FL",1041,13
Southwest Airlines,"San Antonio, TX","Phoenix, AZ",843,6
Southwest Airlines,"San Diego, CA","Albuquerque, NM",628,-10
Southwest Airlines,"San Diego, CA","Austin, TX",1164,18
Southwest Airlines,"San Diego, CA","Austin, TX",1164,22
Southwest Airlines,"San Diego, CA","Dallas, TX",1182,56
Southwest Airlines,"San Diego, CA","Dallas, TX",1182,-4
Southwest Airlines,"San Diego, CA","Denver, CO",853,11
Southwest Airlines,"San Diego, CA","Denver, CO",853,-7
Southwest Airlines,"San Diego, CA","Denver, CO",853,28
Southwest Airlines,"San Diego, CA","Honolulu, HI",2614,23
Southwest Airlines,"San Diego, CA","Las Vegas, NV",258,34
Southwest Airlines,"San Diego, CA","Las Vegas, NV",258,-18
Southwest Airlines,"San Diego, CA","Las Vegas, NV",258,26
Southwest Airlines,"San Diego, CA","Nashville, TN",1751,-16
Southwest Airlines,"San Diego, CA","Oakland, CA",446,13
Southwest Airlines,"San Diego, CA","Phoenix, AZ",304,4
Southwest Airlines,"San Diego, CA","Phoenix, AZ",304,-20
Southwest Airlines,"San Diego, CA","Phoenix, AZ",304,-8
Southwest Airlines,"San Diego, CA","Reno, NV",488,17
Southwest Airlines,"San Diego, CA","Sacramento, CA",480,18
Southwest Airlines,"San Diego, CA","San Francisco, CA",447,-1
Southwest Airlines,"San Diego, CA","Tampa, FL",2087,-8
Southwest Airlines,"San Diego, CA","Tampa, FL",2087,-4
Southwest Airlines,"San Diego, CA","Tucson, AZ",367,70
Southwest Airlines,"San Diego, CA","Tucson, AZ",367,41
Southwest Airlines,"San Francisco, CA","Burbank, CA",326,58
Southwest Airlines,"San Francisco, CA","Burbank, CA",326,-3
Southwest Airlines,"San Francisco, CA","Las Vegas, NV",414,69
Southwest Airlines,"San Francisco, CA","Las Vegas, NV",414,35
Southwest Airlines,"San Francisco, CA","Phoenix, AZ",651,-18
Southwest Airlines,"San Jose, CA","Austin, TX",1476,19
Southwest Airlines,"San Jose, CA","Burbank, CA",296,-16
Southwest Airlines,"San Jose, CA","Denver, CO",948,18
Southwest Airlines,"San Jose, CA","Los Angeles, CA",308,7
Southwest Airlines,"San Jose, CA","Phoenix, AZ",621,26
Southwest Airlines,"San Jose, CA","Phoenix, AZ",621,-12
Southwest Airlines,"San Jose, CA","Phoenix, AZ",621,-12
Southwest Airlines,"San Jose, CA","Portland, OR",569,3
Southwest Airlines,"San Jose, CA","San Diego, CA",417,20
Southwest Airlines,"San Jose, CA","San Diego, CA",417,-2
Southwest Airlines,"San Jose, CA","Santa Ana, CA",342,-19
Southwest Airlines,"San Jose, CA","Santa Ana, CA",342,-20
Southwest Airlines,"San Jose, CA","Santa Ana, CA",342,-16
Southwest Airlines,"Santa Ana, CA","Denver, CO",846,28
Southwest Airlines,"Santa Ana, CA","Las Vegas, NV",226,82
Southwest Airlines,"Santa Ana, CA","Las Vegas, NV",226,-10
Southwest Airlines,"Santa Ana, CA","Oakland, CA",371,-10
Southwest Airlines,"Santa Ana, CA","Oakland, CA",371,-8
Southwest Airlines,"Santa Ana, CA","Phoenix, AZ",338,-3
Southwest Airlines,"Santa Ana, CA","Sacramento, CA",404,-18
Southwest Airlines,"Santa Ana, CA","San Jose, CA",342,-13
Southwest Airlines,"Santa Ana, CA","San Jose, CA",342,-2
Southwest Airlines,"Santa Ana, CA","San Jose, CA",342,89
Southwest Airlines,"Santa Barbara, CA","Las Vegas, NV",289,-13
Southwest Airlines,"Santa Rosa, CA","Las Vegas, NV",454,-17
Southwest Airlines,"Sarasota/Bradenton, FL","St. Louis, MO",903,100
Southwest Airlines,"Savannah, GA","Nashville, TN",417,58
Southwest Airlines,"Savannah, GA","St. Louis, MO",689,5
Southwest Airlines,"Seattle, WA","Sacramento, CA",605,-29
Southwest Airlines,"Spokane, WA","Las Vegas, NV",806,-10
Southwest Airlines,"Spokane, WA","Oakland, CA",723,-21
Southwest Airlines,"Spokane, WA","San Diego, CA",1027,-11
Southwest Airlines,"St. Louis, MO","Atlanta, GA",484,24
Southwest Airlines,"St. Louis, MO","Atlanta, GA",484,14
Southwest Airlines,"St. Louis, MO","Baltimore, MD",738,-13
Southwest Airlines,"St. Louis, MO","Baltimore, MD",738,-6
Southwest Airlines,"St. Louis, MO","Chicago, IL",251,79
Southwest Airlines,"St. Louis, MO","Cleveland, OH",487,22
Southwest Airlines,"St. Louis, MO","Dallas, TX",546,91
Southwest Airlines,"St. Louis, MO","Dallas, TX",546,39
Southwest Airlines,"St. Louis, MO","Dallas, TX",546,-14
Southwest Airlines,"St. Louis, MO","Denver, CO",770,3
Southwest Airlines,"St. Louis, MO","Denver, CO",770,35
Southwest Airlines,"St. Louis, MO","Las Vegas, NV",1371,63
Southwest Airlines,"St. Louis, MO","Las Vegas, NV",1371,118
Southwest Airlines,"St. Louis, MO","Miami, FL",1068,12
Southwest Airlines,"St. Louis, MO","Minneapolis, MN",448,15
Southwest Airlines,"St. Louis, MO","Nashville, TN",272,-5
Southwest Airlines,"St. Louis, MO","Nashville, TN",272,-17
Southwest Airlines,"St. Louis, MO","New York, NY",888,-10
Southwest Airlines,"St. Louis, MO","Orlando, FL",882,-11
Southwest Airlines,"St. Louis, MO","Phoenix, AZ",1262,25
Southwest Airlines,"St. Louis, MO","Phoenix, AZ",1262,-21
Southwest Airlines,"St. Louis, MO","San Antonio, TX",786,-23
Southwest Airlines,"St. Louis, MO","San Antonio, TX",786,-12
Southwest Airlines,"St. Louis, MO","San Diego, CA",1557,-14
Southwest Airlines,"St. Louis, MO","Washington, DC",719,-1
Southwest Airlines,"St. Louis, MO","Washington, DC",719,-23
Southwest Airlines,"Tampa, FL","Austin, TX",928,-15
Southwest Airlines,"Tampa, FL","Baltimore, MD",842,293
Southwest Airlines,"Tampa, FL","Baltimore, MD",842,-7
Southwest Airlines,"Tampa, FL","Baltimore, MD",842,116
Southwest Airlines,"Tampa, FL","Buffalo, NY",1053,12
Southwest Airlines,"Tampa, FL","Buffalo, NY",1053,-11
Southwest Airlines,"Tampa, FL","Chicago, IL",997,-8
Southwest Airlines,"Tampa, FL","Chicago, IL",997,34
Southwest Airlines,"Tampa, FL","Columbus, OH",829,8
Southwest Airlines,"Tampa, FL","Dallas, TX",917,23
Southwest Airlines,"Tampa, FL","Denver, CO",1506,-10
Southwest Airlines,"Tampa, FL","Denver, CO",1506,-15
Southwest Airlines,"Tampa, FL","Fort Lauderdale, FL",197,-8
Southwest Airlines,"Tampa, FL","Indianapolis, IN",837,-19
Southwest Airlines,"Tampa, FL","Indianapolis, IN",837,-27
Southwest Airlines,"Tampa, FL","Kansas City, MO",1048,-5
Southwest Airlines,"Tampa, FL","Las Vegas, NV",1984,17
Southwest Airlines,"Tampa, FL","Nashville, TN",612,20
Southwest Airlines,"Tampa, FL","New Orleans, LA",487,2
Southwest Airlines,"Tampa, FL","New Orleans, LA",487,44
Southwest Airlines,"Tampa, FL","San Diego, CA",2087,36
Southwest Airlines,"Tampa, FL","St. Louis, MO",869,-24
Southwest Airlines,"Tampa, FL","St. Louis, MO",869,0
Southwest Airlines,"Tucson, AZ","Los Angeles, CA",451,-12
Southwest Airlines,"Tulsa, OK","Chicago, IL",583,3
Southwest Airlines,"Tulsa, OK","Denver, CO",541,-2
Southwest Airlines,"Tulsa, OK","Phoenix, AZ",935,-2
Southwest Airlines,"Tulsa, OK","Phoenix, AZ",935,13
Southwest Airlines,"Valparaiso, FL","Nashville, TN",389,-11
Southwest Airlines,"Valparaiso, FL","Nashville, TN",389,12
Southwest Airlines,"Washington, DC","Atlanta, GA",547,-24
Southwest Airlines,"Washington, DC","Atlanta, GA",547,36
Southwest Airlines,"Washington, DC","Kansas City, MO",949,130
Southwest Airlines,"Washington, DC","Nashville, TN",562,-14
Southwest Airlines,"Washington, DC","St. Louis, MO",719,38
Southwest Airlines,"Washington, DC","St. Louis, MO",719,-1
Southwest Airlines,"West Palm Beach/Palm Beach, FL","Baltimore, MD",883,-9
Southwest Airlines,"West Palm Beach/Palm Beach, FL","Baltimore, MD",883,-6
Southwest Airlines,"Wichita, KS","Chicago, IL",589,-17
Spirit Airlines,"Atlanta, GA","Orlando, FL",404,25
United Airlines,"Albuquerque, NM","Denver, CO",349,91
United Airlines,"Albuquerque, NM","Denver, CO",349,3
United Airlines,"Albuquerque, NM","Denver, CO",349,-7
United Airlines,"Anchorage, AK","Chicago, IL",2846,-2
United Airlines,"Atlanta, GA","Denver, CO",1199,-16
United Airlines,"Atlanta, GA","Houston, TX",689,39
United Airlines,"Atlanta, GA","San Francisco, CA",2139,7
United Airlines,"Atlanta, GA","Washington, DC",534,-5
United Airlines,"Austin, TX","Denver, CO",775,20
United Airlines,"Austin, TX","Houston, TX",140,29
United Airlines,"Austin, TX","Houston, TX",140,10
United Airlines,"Austin, TX","Houston, TX",140,4
United Airlines,"Austin, TX","Newark, NJ",1504,-2
United Airlines,"Austin, TX","Newark, NJ",1504,-13
United Airlines,"Baltimore, MD","Chicago, IL",622,-9
United Airlines,"Baltimore, MD","Los Angeles, CA",2329,-10
United Airlines,"Baltimore, MD","San Francisco, CA",2457,50
United Airlines,"Baltimore, MD","San Francisco, CA",2457,-13
United Airlines,"Bend/Redmond, OR","Denver, CO",898,-12
United Airlines,"Bend/Redmond, OR","San Francisco, CA",462,290
United Airlines,"Billings, MT","Denver, CO",455,-15
United Airlines,"Boise, ID","Chicago, IL",1437,4
United Airlines,"Boston, MA","Chicago, IL",867,67
United Airlines,"Boston, MA","Chicago, IL",867,-18
United Airlines,"Boston, MA","Denver, CO",1754,-29
United Airlines,"Boston, MA","Houston, TX",1597,92
United Airlines,"Boston, MA","San Francisco, CA",2704,-40
United Airlines,"Boston, MA","San Francisco, CA",2704,38
United Airlines,"Boston, MA","San Francisco, CA",2704,72
United Airlines,"Boston, MA","San Francisco, CA",2704,4
United Airlines,"Boston, MA","Washington, DC",412,-12
United Airlines,"Boston, MA","Washington, DC",412,0
United Airlines,"Bozeman, MT","Chicago, IL",1185,-40
United Airlines,"Bozeman, MT","Los Angeles, CA",902,7
United Airlines,"Bozeman, MT","Los Angeles, CA",902,-34
United Airlines,"Buffalo, NY","Chicago, IL",474,-14
United Airlines,"Buffalo, NY","Chicago, IL",474,-7
United Airlines,"Buffalo, NY","Denver, CO",1359,-8
United Airlines,"Buffalo, NY","Denver, CO",1359,-17
United Airlines,"Burbank, CA","San Francisco, CA",326,-7
United Airlines,"Burbank, CA","San Francisco, CA",326,-4
United Airlines,"Burbank, CA","San Francisco, CA",326,-34
United Airlines,"Burbank, CA","San Francisco, CA",326,56
United Airlines,"Burlington, VT","Chicago, IL",763,-17
United Airlines,"Cedar Rapids/Iowa City, IA","Denver, CO",692,-14
United Airlines,"Cedar Rapids/Iowa City, IA","Denver, CO",692,-21
United Airlines,"Charleston, SC","Chicago, IL",760,-2
United Airlines,"Charleston, SC","Denver, CO",1449,15
United Airlines,"Charleston, SC","Denver, CO",1449,-29
United Airlines,"Charleston, SC","Washington, DC",442,-6
United Airlines,"Charlotte, NC","Newark, NJ",529,-21
United Airlines,"Chicago, IL","Albany, NY",723,-26
United Airlines,"Chicago, IL","Anchorage, AK",2846,-28
United Airlines,"Chicago, IL","Atlanta, GA",606,1
United Airlines,"Chicago, IL","Atlanta, GA",606,0
United Airlines,"Chicago, IL","Austin, TX",977,-25
United Airlines,"Chicago, IL","Austin, TX",977,-5
United Airlines,"Chicago, IL","Baltimore, MD",622,-10
United Airlines,"Chicago, IL","Boston, MA",867,-6
United Airlines,"Chicago, IL","Boston, MA",867,-23
United Airlines,"Chicago, IL","Bozeman, MT",1185,-6
United Airlines,"Chicago, IL","Buffalo, NY",474,30
United Airlines,"Chicago, IL","Burlington, VT",763,8
United Airlines,"Chicago, IL","Burlington, VT",763,13
United Airlines,"Chicago, IL","Cleveland, OH",316,-2
United Airlines,"Chicago, IL","Cleveland, OH",316,-3
United Airlines,"Chicago, IL","Cleveland, OH",316,82
United Airlines,"Chicago, IL","Columbus, OH",296,3
United Airlines,"Chicago, IL","Dallas/Fort Worth, TX",802,96
United Airlines,"Chicago, IL","Detroit, MI",235,34
United Airlines,"Chicago, IL","Fort Lauderdale, FL",1182,3
United Airlines,"Chicago, IL","Fort Lauderdale, FL",1182,29
United Airlines,"Chicago, IL","Grand Rapids, MI",137,49
United Airlines,"Chicago, IL","Harrisburg, PA",594,-17
United Airlines,"Chicago, IL","Las Vegas, NV",1514,-11
United Airlines,"Chicago, IL","Las Vegas, NV",1514,4
United Airlines,"Chicago, IL","Las Vegas, NV",1514,-28
United Airlines,"Chicago, IL","Los Angeles, CA",1744,61
United Airlines,"Chicago, IL","Madison, WI",108,36
United Airlines,"Chicago, IL","Madison, WI",108,40
United Airlines,"Chicago, IL","Miami, FL",1197,2
United Airlines,"Chicago, IL","Miami, FL",1197,29
United Airlines,"Chicago, IL","Minneapolis, MN",334,-22
United Airlines,"Chicago, IL","Minneapolis, MN",334,24
United Airlines,"Chicago, IL","Minneapolis, MN",334,-12
United Airlines,"Chicago, IL","Minneapolis, MN",334,14
United Airlines,"Chicago, IL","Nashville, TN",409,265
United Airlines,"Chicago, IL","New York, NY",733,76
United Airlines,"Chicago, IL","Newark, NJ",719,-7
United Airlines,"Chicago, IL","Newark, NJ",719,86
United Airlines,"Chicago, IL","Omaha, NE",416,-4
United Airlines,"Chicago, IL","Omaha, NE",416,28
United Airlines,"Chicago, IL","Philadelphia, PA",678,119
United Airlines,"Chicago, IL","Philadelphia, PA",678,15
United Airlines,"Chicago, IL","Philadelphia, PA",678,-2
United Airlines,"Chicago, IL","Phoenix, AZ",1440,-10
United Airlines,"Chicago, IL","Portland, ME",900,-23
United Airlines,"Chicago, IL","Portland, ME",900,36
United Airlines,"Chicago, IL","Raleigh/Durham, NC",646,48
United Airlines,"Chicago, IL","Raleigh/Durham, NC",646,6
United Airlines,"Chicago, IL","Salt Lake City, UT",1250,1
United Airlines,"Chicago, IL","San Francisco, CA",1846,-4
United Airlines,"Chicago, IL","San Francisco, CA",1846,430
United Airlines,"Chicago, IL","San Francisco, CA",1846,30
United Airlines,"Chicago, IL","San Francisco, CA",1846,8
United Airlines,"Chicago, IL","San Francisco, CA",1846,95
United Airlines,"Chicago, IL","San Juan, PR",2072,-14
United Airlines,"Chicago, IL","Sarasota/Bradenton, FL",1050,47
United Airlines,"Chicago, IL","Washington, DC",588,-9
United Airlines,"Chicago, IL","Washington, DC",588,-16
United Airlines,"Chicago, IL","Washington, DC",588,17
United Airlines,"Chicago, IL","Washington, DC",588,21
United Airlines,"Chicago, IL","Washington, DC",612,75
United Airlines,"Chicago, IL","Washington, DC",612,-14
United Airlines,"Chicago, IL","West Palm Beach/Palm Beach, FL",1144,20
United Airlines,"Chicago, IL","Wichita, KS",588,-18
United Airlines,"Cincinnati, OH","Chicago, IL",264,0
United Airlines,"Cincinnati, OH","Houston, TX",871,-12
United Airlines,"Cincinnati, OH","Houston, TX",871,-14
United Airlines,"Cleveland, OH","Chicago, IL",316,2
United Airlines,"Cleveland, OH","Chicago, IL",316,-11
United Airlines,"Cleveland, OH","Chicago, IL",316,-16
United Airlines,"Cleveland, OH","Fort Lauderdale, FL",1062,-25
United Airlines,"Cleveland, OH","Fort Lauderdale, FL",1062,-24
United Airlines,"Cleveland, OH","Los Angeles, CA",2052,3
United Airlines,"Columbus, OH","Chicago, IL",296,14
United Airlines,"Dallas/Fort Worth, TX","Denver, CO",641,14
United Airlines,"Dallas/Fort Worth, TX","Houston, TX",224,-13
United Airlines,"Dallas/Fort Worth, TX","Houston, TX",224,-11
United Airlines,"Dallas/Fort Worth, TX","Newark, NJ",1372,4
United Airlines,"Dallas/Fort Worth, TX","San Francisco, CA",1464,-24
United Airlines,"Denver, CO","Albuquerque, NM",349,8
United Airlines,"Denver, CO","Albuquerque, NM",349,-12
United Airlines,"Denver, CO","Anchorage, AK",2405,-23
United Airlines,"Denver, CO","Atlanta, GA",1199,4
United Airlines,"Denver, CO","Austin, TX",775,-5
United Airlines,"Denver, CO","Billings, MT",455,-18
United Airlines,"Denver, CO","Boise, ID",649,18
United Airlines,"Denver, CO","Boise, ID",649,3
United Airlines,"Denver, CO","Boston, MA",1754,-34
United Airlines,"Denver, CO","Cedar Rapids/Iowa City, IA",692,6
United Airlines,"Denver, CO","Charleston, SC",1449,4
United Airlines,"Denver, CO","Charlotte, NC",1337,11
United Airlines,"Denver, CO","Charlotte, NC",1337,-13
United Airlines,"Denver, CO","Chicago, IL",888,3
United Airlines,"Denver, CO","Chicago, IL",888,-3
United Airlines,"Denver, CO","Chicago, IL",888,36
United Airlines,"Denver, CO","Cincinnati, OH",1069,-16
United Airlines,"Denver, CO","Cleveland, OH",1201,87
United Airlines,"Denver, CO","Colorado Springs, CO",73,22
United Airlines,"Denver, CO","Columbus, OH",1154,-13
United Airlines,"Denver, CO","Dallas/Fort Worth, TX",641,-11
United Airlines,"Denver, CO","Dallas/Fort Worth, TX",641,5
United Airlines,"Denver, CO","Dayton, OH",1085,-9
United Airlines,"Denver, CO","Des Moines, IA",589,27
United Airlines,"Denver, CO","Des Moines, IA",589,0
United Airlines,"Denver, CO","Grand Junction, CO",212,-2
United Airlines,"Denver, CO","Grand Junction, CO",212,49
United Airlines,"Denver, CO","Grand Rapids, MI",1015,-4
United Airlines,"Denver, CO","Honolulu, HI",3365,-3
United Airlines,"Denver, CO","Houston, TX",861,-20
United Airlines,"Denver, CO","Houston, TX",861,-8
United Airlines,"Denver, CO","Houston, TX",861,-2
United Airlines,"Denver, CO","Indianapolis, IN",976,-24
United Airlines,"Denver, CO","Indianapolis, IN",976,-15
United Airlines,"Denver, CO","Jackson, WY",406,-20
United Airlines,"Denver, CO","Kahului, HI",3302,-15
United Airlines,"Denver, CO","Kalispell, MT",752,37
United Airlines,"Denver, CO","Kalispell, MT",752,-1
United Airlines,"Denver, CO","Las Vegas, NV",628,-25
United Airlines,"Denver, CO","Las Vegas, NV",628,56
United Airlines,"Denver, CO","Lihue, HI",3414,-3
United Airlines,"Denver, CO","Los Angeles, CA",862,-8
United Airlines,"Denver, CO","Los Angeles, CA",862,-7
United Airlines,"Denver, CO","Los Angeles, CA",862,9
United Airlines,"Denver, CO","Louisville, KY",1024,-4
United Airlines,"Denver, CO","Louisville, KY",1024,-3
United Airlines,"Denver, CO","Memphis, TN",872,-13
United Airlines,"Denver, CO","Miami, FL",1709,-26
United Airlines,"Denver, CO","New York, NY",1620,-12
United Airlines,"Denver, CO","New York, NY",1620,-15
United Airlines,"Denver, CO","Newark, NJ",1605,-31
United Airlines,"Denver, CO","Newark, NJ",1605,-10
United Airlines,"Denver, CO","Newark, NJ",1605,33
United Airlines,"Denver, CO","Omaha, NE",472,-19
United Airlines,"Denver, CO","Orlando, FL",1547,-5
United Airlines,"Denver, CO","Palm Springs, CA",776,12
United Airlines,"Denver, CO","Pasco/Kennewick/Richland, WA",853,-16
United Airlines,"Denver, CO","Pensacola, FL",1179,9
United Airlines,"Denver, CO","Philadelphia, PA",1558,-16
United Airlines,"Denver, CO","Philadelphia, PA",1558,-20
United Airlines,"Denver, CO","Phoenix, AZ",602,6
United Airlines,"Denver, CO","Phoenix, AZ",602,-17
United Airlines,"Denver, CO","Portland, OR",991,-9
United Airlines,"Denver, CO","Raleigh/Durham, NC",1436,-5
United Airlines,"Denver, CO","Rapid City, SD",301,9
United Airlines,"Denver, CO","Reno, NV",804,1
United Airlines,"Denver, CO","Richmond, VA",1481,-8
United Airlines,"Denver, CO","San Diego, CA",853,-10
United Airlines,"Denver, CO","San Diego, CA",853,8
United Airlines,"Denver, CO","San Francisco, CA",967,-4
United Airlines,"Denver, CO","San Francisco, CA",967,2
United Airlines,"Denver, CO","San Francisco, CA",967,119
United Airlines,"Denver, CO","San Francisco, CA",967,17
United Airlines,"Denver, CO","San Jose, CA",948,-4
United Airlines,"Denver, CO","San Jose, CA",948,0
United Airlines,"Denver, CO","San Luis Obispo, CA",931,-5
United Airlines,"Denver, CO","Santa Ana, CA",846,-2
United Airlines,"Denver, CO","Santa Ana, CA",846,9
United Airlines,"Denver, CO","Santa Ana, CA",846,-3
United Airlines,"Denver, CO","Santa Ana, CA",846,-15
United Airlines,"Denver, CO","Santa Ana, CA",846,-21
United Airlines,"Denver, CO","Seattle, WA",1024,-22
United Airlines,"Denver, CO","St. Louis, MO",770,-1
United Airlines,"Denver, CO","St. Louis, MO",770,-17
United Airlines,"Denver, CO","Tampa, FL",1506,-11
United Airlines,"Denver, CO","Traverse City, MI",1032,-11
United Airlines,"Denver, CO","Traverse City, MI",1032,-6
United Airlines,"Denver, CO","Tulsa, OK",541,22
United Airlines,"Denver, CO","Washington, DC",1452,-4
United Airlines,"Denver, CO","Washington, DC",1452,9
United Airlines,"Durango, CO","Houston, TX",869,-5
United Airlines,"Eagle, CO","Denver, CO",120,-10
United Airlines,"El Paso, TX","Denver, CO",563,-14
United Airlines,"Eugene, OR","Chicago, IL",1780,17
United Airlines,"Eugene, OR","Denver, CO",996,4
United Airlines,"Fort Lauderdale, FL","Chicago, IL",1182,12
United Airlines,"Fort Lauderdale, FL","Denver, CO",1703,-6
United Airlines,"Fort Lauderdale, FL","Houston, TX",966,-28
United Airlines,"Fort Myers, FL","Chicago, IL",1120,-12
United Airlines,"Fort Myers, FL","Newark, NJ",1068,-19
United Airlines,"Fort Myers, FL","Newark, NJ",1068,-19
United Airlines,"Fresno, CA","Los Angeles, CA",209,5
United Airlines,"Grand Junction, CO","Denver, CO",212,-18
United Airlines,"Great Falls, MT","Denver, CO",623,-23
United Airlines,"Hartford, CT","Chicago, IL",783,-16
United Airlines,"Hayden, CO","Denver, CO",141,14
United Airlines,"Honolulu, HI","Chicago, IL",4243,2
United Airlines,"Honolulu, HI","Chicago, IL",4243,-4
United Airlines,"Honolulu, HI","Los Angeles, CA",2556,-9
United Airlines,"Houston, TX","Albuquerque, NM",744,68
United Airlines,"Houston, TX","Atlanta, GA",689,-5
United Airlines,"Houston, TX","Austin, TX",140,-19
United Airlines,"Houston, TX","Austin, TX",140,-14
United Airlines,"Houston, TX","Austin, TX",140,-13
United Airlines,"Houston, TX","Austin, TX",140,-21
United Airlines,"Houston, TX","Boston, MA",1597,5
United Airlines,"Houston, TX","Charleston, SC",925,-20
United Airlines,"Houston, TX","Chicago, IL",925,-9
United Airlines,"Houston, TX","Dallas/Fort Worth, TX",224,-8
United Airlines,"Houston, TX","Dallas/Fort Worth, TX",224,30
United Airlines,"Houston, TX","Dallas/Fort Worth, TX",224,-10
United Airlines,"Houston, TX","Denver, CO",861,-16
United Airlines,"Houston, TX","Denver, CO",861,-27
United Airlines,"Houston, TX","Fort Myers, FL",861,11
United Airlines,"Houston, TX","Jacksonville, FL",816,19
United Airlines,"Houston, TX","Las Vegas, NV",1222,-12
United Airlines,"Houston, TX","Las Vegas, NV",1222,-7
United Airlines,"Houston, TX","Las Vegas, NV",1222,143
United Airlines,"Houston, TX","Las Vegas, NV",1222,-13
United Airlines,"Houston, TX","Los Angeles, CA",1379,-7
United Airlines,"Houston, TX","Memphis, TN",468,35
United Airlines,"Houston, TX","Miami, FL",964,-2
United Airlines,"Houston, TX","New Orleans, LA",305,49
United Airlines,"Houston, TX","New Orleans, LA",305,-20
United Airlines,"Houston, TX","New York, NY",1416,-1
United Airlines,"Houston, TX","Omaha, NE",781,122
United Airlines,"Houston, TX","Orlando, FL",854,-26
United Airlines,"Houston, TX","Orlando, FL",854,-10
United Airlines,"Houston, TX","Pensacola, FL",489,115
United Airlines,"Houston, TX","Philadelphia, PA",1325,-5
United Airlines,"Houston, TX","Philadelphia, PA",1325,-14
United Airlines,"Houston, TX","Philadelphia, PA",1325,-19
United Airlines,"Houston, TX","Phoenix, AZ",1009,-28
United Airlines,"Houston, TX","Raleigh/Durham, NC",1042,22
United Airlines,"Houston, TX","Sacramento, CA",1609,46
United Airlines,"Houston, TX","San Antonio, TX",191,-6
United Airlines,"Houston, TX","San Francisco, CA",1635,9
United Airlines,"Houston, TX","San Francisco, CA",1635,30
United Airlines,"Houston, TX","San Francisco, CA",1635,-16
United Airlines,"Houston, TX","Seattle, WA",1874,7
United Airlines,"Houston, TX","Seattle, WA",1874,-22
United Airlines,"Houston, TX","Seattle, WA",1874,-26
United Airlines,"Houston, TX","Seattle, WA",1874,6
United Airlines,"Houston, TX","Tampa, FL",787,-10
United Airlines,"Houston, TX","Washington, DC",1190,-13
United Airlines,"Houston, TX","Washington, DC",1190,-14
United Airlines,"Houston, TX","Washington, DC",1208,-9
United Airlines,"Houston, TX","Washington, DC",1208,3
United Airlines,"Houston, TX","Washington, DC",1208,-24
United Airlines,"Houston, TX","Washington, DC",1208,-15
United Airlines,"Idaho Falls, ID","Denver, CO",458,14
United Airlines,"Indianapolis, IN","Chicago, IL",177,10
United Airlines,"Indianapolis, IN","Denver, CO",976,-32
United Airlines,"Indianapolis, IN","San Francisco, CA",1943,-16
United Airlines,"Jacksonville, FL","Newark, NJ",820,-18
United Airlines,"Jacksonville, FL","Washington, DC",631,-23
United Airlines,"Kalispell, MT","Denver, CO",752,-19
United Airlines,"Kansas City, MO","Denver, CO",533,-7
United Airlines,"Kansas City, MO","Houston, TX",643,21
United Airlines,"Kansas City, MO","Houston, TX",643,-19
United Airlines,"Key West, FL","Newark, NJ",1196,-1
United Airlines,"Knoxville, TN","Chicago, IL",475,281
United Airlines,"Kona, HI","San Francisco, CA",2368,-22
United Airlines,"Las Vegas, NV","Chicago, IL",1514,-29
United Airlines,"Las Vegas, NV","Chicago, IL",1514,-9
United Airlines,"Las Vegas, NV","Chicago, IL",1514,-3
United Airlines,"Las Vegas, NV","Chicago, IL",1514,29
United Airlines,"Las Vegas, NV","Chicago, IL",1514,16
United Airlines,"Las Vegas, NV","Denver, CO",628,-23
United Airlines,"Las Vegas, NV","Denver, CO",628,-10
United Airlines,"Las Vegas, NV","Houston, TX",1222,-20
United Airlines,"Las Vegas, NV","Houston, TX",1222,6
United Airlines,"Las Vegas, NV","Los Angeles, CA",236,-19
United Airlines,"Las Vegas, NV","Newark, NJ",2227,-34
United Airlines,"Las Vegas, NV","San Francisco, CA",414,30
United Airlines,"Los Angeles, CA","Baltimore, MD",2329,-7
United Airlines,"Los Angeles, CA","Chicago, IL",1744,-23
United Airlines,"Los Angeles, CA","Chicago, IL",1744,-7
United Airlines,"Los Angeles, CA","Chicago, IL",1744,-13
United Airlines,"Los Angeles, CA","Chicago, IL",1744,3
United Airlines,"Los Angeles, CA","Honolulu, HI",2556,-11
United Airlines,"Los Angeles, CA","Honolulu, HI",2556,21
United Airlines,"Los Angeles, CA","Houston, TX",1379,-14
United Airlines,"Los Angeles, CA","Houston, TX",1379,95
United Airlines,"Los Angeles, CA","Houston, TX",1379,-28
United Airlines,"Los Angeles, CA","Las Vegas, NV",236,-16
United Airlines,"Los Angeles, CA","Lihue, HI",2615,-31
United Airlines,"Los Angeles, CA","Newark, NJ",2454,-24
United Airlines,"Los Angeles, CA","Orlando, FL",2218,21
United Airlines,"Los Angeles, CA","Orlando, FL",2218,-9
United Airlines,"Los Angeles, CA","Sacramento, CA",373,26
United Airlines,"Los Angeles, CA","San Francisco, CA",337,-27
United Airlines,"Los Angeles, CA","San Francisco, CA",337,-6
United Airlines,"Los Angeles, CA","San Francisco, CA",337,-1
United Airlines,"Los Angeles, CA","San Francisco, CA",337,59
United Airlines,"Los Angeles, CA","Washington, DC",2288,2
United Airlines,"Los Angeles, CA","Washington, DC",2288,-5
United Airlines,"Los Angeles, CA","Washington, DC",2288,-32
United Airlines,"Los Angeles, CA","Washington, DC",2288,-12
United Airlines,"Los Angeles, CA","Washington, DC",2288,-28
United Airlines,"Louisville, KY","Denver, CO",1024,3
United Airlines,"Memphis, TN","Denver, CO",872,-19
United Airlines,"Miami, FL","Houston, TX",964,28
United Airlines,"Miami, FL","San Francisco, CA",2585,-16
United Airlines,"Miami, FL","San Francisco, CA",2585,27
United Airlines,"Minneapolis, MN","Chicago, IL",334,-11
United Airlines,"Minneapolis, MN","Chicago, IL",334,-9
United Airlines,"Minneapolis, MN","Houston, TX",1034,-1
United Airlines,"Minneapolis, MN","Houston, TX",1034,-17
United Airlines,"Minneapolis, MN","Newark, NJ",1008,-26
United Airlines,"Missoula, MT","Denver, CO",679,-11
United Airlines,"Montrose/Delta, CO","Denver, CO",197,111
United Airlines,"Myrtle Beach, SC","Chicago, IL",753,12
United Airlines,"Nashville, TN","Denver, CO",1013,-21
United Airlines,"Nashville, TN","Houston, TX",657,-38
United Airlines,"Nashville, TN","Newark, NJ",748,-3
United Airlines,"Nashville, TN","Newark, NJ",748,-19
United Airlines,"Nashville, TN","Newark, NJ",748,7
United Airlines,"Nashville, TN","Newark, NJ",748,223
United Airlines,"Nashville, TN","Washington, DC",542,-28
United Airlines,"New Orleans, LA","Houston, TX",305,25
United Airlines,"New Orleans, LA","Houston, TX",305,1
United Airlines,"New Orleans, LA","Houston, TX",305,162
United Airlines,"New Orleans, LA","Houston, TX",305,47
United Airlines,"New Orleans, LA","Newark, NJ",1167,-4
United Airlines,"New Orleans, LA","San Francisco, CA",1911,-6
United Airlines,"New York, NY","Chicago, IL",733,-18
United Airlines,"New York, NY","Chicago, IL",733,17
United Airlines,"New York, NY","Chicago, IL",733,57
United Airlines,"New York, NY","Chicago, IL",733,-4
United Airlines,"New York, NY","Chicago, IL",733,22
United Airlines,"New York, NY","Chicago, IL",733,-13
United Airlines,"New York, NY","Chicago, IL",733,-6
United Airlines,"New York, NY","Denver, CO",1620,67
United Airlines,"New York, NY","Denver, CO",1620,5
United Airlines,"New York, NY","Denver, CO",1620,1
United Airlines,"New York, NY","Houston, TX",1416,-4
United Airlines,"New York, NY","Houston, TX",1416,-23
United Airlines,"Newark, NJ","Boston, MA",200,-12
United Airlines,"Newark, NJ","Charleston, SC",628,68
United Airlines,"Newark, NJ","Charleston, SC",628,-15
United Airlines,"Newark, NJ","Chicago, IL",719,-20
United Airlines,"Newark, NJ","Chicago, IL",719,104
United Airlines,"Newark, NJ","Denver, CO",1605,41
United Airlines,"Newark, NJ","Denver, CO",1605,59
United Airlines,"Newark, NJ","Fort Lauderdale, FL",1065,-31
United Airlines,"Newark, NJ","Fort Lauderdale, FL",1065,-3
United Airlines,"Newark, NJ","Fort Myers, FL",1068,-3
United Airlines,"Newark, NJ","Houston, TX",1400,-7
United Airlines,"Newark, NJ","Las Vegas, NV",2227,-43
United Airlines,"Newark, NJ","Los Angeles, CA",2454,-6
United Airlines,"Newark, NJ","Los Angeles, CA",2454,23
United Airlines,"Newark, NJ","Miami, FL",1085,-15
United Airlines,"Newark, NJ","Nashville, TN",748,17
United Airlines,"Newark, NJ","Nashville, TN",748,-1
United Airlines,"Newark, NJ","Nashville, TN",748,-9
United Airlines,"Newark, NJ","New Orleans, LA",1167,-27
United Airlines,"Newark, NJ","Orlando, FL",937,25
United Airlines,"Newark, NJ","Orlando, FL",937,-34
United Airlines,"Newark, NJ","Orlando, FL",937,-21
United Airlines,"Newark, NJ","Raleigh/Durham, NC",416,4
United Airlines,"Newark, NJ","Raleigh/Durham, NC",416,-12
United Airlines,"Newark, NJ","Sacramento, CA",2500,47
United Airlines,"Newark, NJ","Sacramento, CA",2500,-8
United Airlines,"Newark, NJ","San Diego, CA",2425,63
United Airlines,"Newark, NJ","San Francisco, CA",2565,25
United Airlines,"Newark, NJ","San Francisco, CA",2565,9
United Airlines,"Newark, NJ","San Francisco, CA",2565,-21
United Airlines,"Newark, NJ","San Juan, PR",1608,-20
United Airlines,"Newark, NJ","Sarasota/Bradenton, FL",1034,27
United Airlines,"Newark, NJ","Tampa, FL",997,-34
United Airlines,"Newark, NJ","Tampa, FL",997,-27
United Airlines,"Newark, NJ","Washington, DC",212,-19
United Airlines,"Newark, NJ","Washington, DC",212,-13
United Airlines,"Newark, NJ","Washington, DC",212,3
United Airlines,"Newark, NJ","West Palm Beach/Palm Beach, FL",1024,-14
United Airlines,"Norfolk, VA","Washington, DC",158,-19
United Airlines,"Oklahoma City, OK","Denver, CO",495,22
United Airlines,"Omaha, NE","Chicago, IL",416,-12
United Airlines,"Ontario, CA","Chicago, IL",1700,-3
United Airlines,"Ontario, CA","Denver, CO",819,28
United Airlines,"Orlando, FL","Chicago, IL",1005,-35
United Airlines,"Orlando, FL","Chicago, IL",1005,-1
United Airlines,"Orlando, FL","Cleveland, OH",895,-17
United Airlines,"Orlando, FL","Houston, TX",854,-16
United Airlines,"Orlando, FL","Los Angeles, CA",2218,37
United Airlines,"Orlando, FL","Los Angeles, CA",2218,23
United Airlines,"Orlando, FL","Los Angeles, CA",2218,5
United Airlines,"Orlando, FL","San Francisco, CA",2446,-12
United Airlines,"Orlando, FL","Washington, DC",758,-26
United Airlines,"Orlando, FL","Washington, DC",758,-2
United Airlines,"Palm Springs, CA","San Francisco, CA",421,84
United Airlines,"Philadelphia, PA","Houston, TX",1325,32
United Airlines,"Philadelphia, PA","Houston, TX",1325,-6
United Airlines,"Philadelphia, PA","San Francisco, CA",2522,113
United Airlines,"Phoenix, AZ","Chicago, IL",1440,-17
United Airlines,"Phoenix, AZ","Chicago, IL",1440,39
United Airlines,"Phoenix, AZ","Newark, NJ",2133,-4
United Airlines,"Phoenix, AZ","San Francisco, CA",651,12
United Airlines,"Pittsburgh, PA","Chicago, IL",413,-17
United Airlines,"Pittsburgh, PA","Denver, CO",1290,-8
United Airlines,"Pittsburgh, PA","Houston, TX",1117,2
United Airlines,"Pittsburgh, PA","Newark, NJ",319,-20
United Airlines,"Pittsburgh, PA","San Francisco, CA",2254,13
United Airlines,"Portland, OR","Houston, TX",1825,-17
United Airlines,"Portland, OR","Houston, TX",1825,9
United Airlines,"Raleigh/Durham, NC","Houston, TX",1042,-18
United Airlines,"Raleigh/Durham, NC","Newark, NJ",416,-14
United Airlines,"Raleigh/Durham, NC","San Francisco, CA",2400,26
United Airlines,"Raleigh/Durham, NC","Washington, DC",225,-22
United Airlines,"Reno, NV","Chicago, IL",1671,-14
United Airlines,"Reno, NV","San Francisco, CA",192,-1
United Airlines,"Sacramento, CA","Denver, CO",909,-3
United Airlines,"Sacramento, CA","Washington, DC",2357,-29
United Airlines,"Salt Lake City, UT","Chicago, IL",1250,-21
United Airlines,"Salt Lake City, UT","Chicago, IL",1250,-18
United Airlines,"San Antonio, TX","Denver, CO",794,-18
United Airlines,"San Antonio, TX","Houston, TX",191,-11
United Airlines,"San Antonio, TX","Washington, DC",1362,-28
United Airlines,"San Diego, CA","Chicago, IL",1723,-6
United Airlines,"San Diego, CA","Chicago, IL",1723,-24
United Airlines,"San Diego, CA","Denver, CO",853,-14
United Airlines,"San Diego, CA","Denver, CO",853,-28
United Airlines,"San Diego, CA","Denver, CO",853,-32
United Airlines,"San Diego, CA","Houston, TX",1303,-13
United Airlines,"San Diego, CA","Newark, NJ",2425,3
United Airlines,"San Diego, CA","Newark, NJ",2425,-24
United Airlines,"San Diego, CA","San Francisco, CA",447,77
United Airlines,"San Diego, CA","San Francisco, CA",447,14
United Airlines,"San Francisco, CA","Atlanta, GA",2139,-31
United Airlines,"San Francisco, CA","Austin, TX",1504,-2
United Airlines,"San Francisco, CA","Austin, TX",1504,22
United Airlines,"San Francisco, CA","Austin, TX",1504,-1
United Airlines,"San Francisco, CA","Austin, TX",1504,9
United Airlines,"San Francisco, CA","Boston, MA",2704,-24
United Airlines,"San Francisco, CA","Burbank, CA",326,6
United Airlines,"San Francisco, CA","Chicago, IL",1846,38
United Airlines,"San Francisco, CA","Chicago, IL",1846,-5
United Airlines,"San Francisco, CA","Chicago, IL",1846,-22
United Airlines,"San Francisco, CA","Chicago, IL",1846,-2
United Airlines,"San Francisco, CA","Chicago, IL",1846,-11
United Airlines,"San Francisco, CA","Chicago, IL",1846,-33
United Airlines,"San Francisco, CA","Chicago, IL",1846,-23
United Airlines,"San Francisco, CA","Cleveland, OH",2161,-4
United Airlines,"San Francisco, CA","Cleveland, OH",2161,-29
United Airlines,"San Francisco, CA","Dallas/Fort Worth, TX",1464,12
United Airlines,"San Francisco, CA","Denver, CO",967,-8
United Airlines,"San Francisco, CA","Denver, CO",967,0
United Airlines,"San Francisco, CA","Denver, CO",967,-7
United Airlines,"San Francisco, CA","Fort Lauderdale, FL",2584,-13
United Airlines,"San Francisco, CA","Honolulu, HI",2398,-30
United Airlines,"San Francisco, CA","Honolulu, HI",2398,-35
United Airlines,"San Francisco, CA","Houston, TX",1635,-33
United Airlines,"San Francisco, CA","Houston, TX",1635,-3
United Airlines,"San Francisco, CA","Houston, TX",1635,26
United Airlines,"San Francisco, CA","Kahului, HI",2338,-11
United Airlines,"San Francisco, CA","Kahului, HI",2338,-7
United Airlines,"San Francisco, CA","Medford, OR",329,11
United Airlines,"San Francisco, CA","Minneapolis, MN",1589,-14
United Airlines,"San Francisco, CA","Newark, NJ",2565,0
United Airlines,"San Francisco, CA","Newark, NJ",2565,-13
United Airlines,"San Francisco, CA","Newark, NJ",2565,-9
United Airlines,"San Francisco, CA","Ontario, CA",363,7
United Airlines,"San Francisco, CA","Orlando, FL",2446,-14
United Airlines,"San Francisco, CA","Phoenix, AZ",651,-15
United Airlines,"San Francisco, CA","Pittsburgh, PA",2254,3
United Airlines,"San Francisco, CA","Portland, OR",550,14
United Airlines,"San Francisco, CA","Reno, NV",192,3
United Airlines,"San Francisco, CA","San Diego, CA",447,-11
United Airlines,"San Francisco, CA","Santa Ana, CA",372,6
United Airlines,"San Francisco, CA","Santa Barbara, CA",262,-5
United Airlines,"San Francisco, CA","Santa Barbara, CA",262,-2
United Airlines,"San Francisco, CA","Santa Barbara, CA",262,-22
United Airlines,"San Francisco, CA","Seattle, WA",679,-20
United Airlines,"San Francisco, CA","Seattle, WA",679,25
United Airlines,"San Francisco, CA","Tampa, FL",2393,73
United Airlines,"San Francisco, CA","Washington, DC",2418,32
United Airlines,"San Francisco, CA","Washington, DC",2418,-3
United Airlines,"San Francisco, CA","Washington, DC",2418,-4
United Airlines,"San Francisco, CA","Washington, DC",2418,-18
United Airlines,"San Jose, CA","Denver, CO",948,-18
United Airlines,"San Juan, PR","Denver, CO",2733,4
United Airlines,"San Juan, PR","Houston, TX",2007,-18
United Airlines,"San Juan, PR","Newark, NJ",1608,251
United Airlines,"San Juan, PR","Newark, NJ",1608,-29
United Airlines,"San Juan, PR","Washington, DC",1572,9
United Airlines,"San Luis Obispo, CA","San Francisco, CA",191,22
United Airlines,"Santa Ana, CA","Chicago, IL",1726,-14
United Airlines,"Santa Ana, CA","Denver, CO",846,-8
United Airlines,"Santa Ana, CA","Denver, CO",846,-23
United Airlines,"Santa Ana, CA","Houston, TX",1346,112
United Airlines,"Santa Ana, CA","Newark, NJ",2433,0
United Airlines,"Santa Barbara, CA","Chicago, IL",1803,-23
United Airlines,"Savannah, GA","Newark, NJ",708,-14
United Airlines,"Seattle, WA","Chicago, IL",1721,32
United Airlines,"Seattle, WA","Chicago, IL",1721,-33
United Airlines,"Seattle, WA","Denver, CO",1024,43
United Airlines,"Seattle, WA","Denver, CO",1024,-19
United Airlines,"Seattle, WA","Denver, CO",1024,-8
United Airlines,"Seattle, WA","Houston, TX",1874,-4
United Airlines,"Seattle, WA","San Francisco, CA",679,31
United Airlines,"St. Louis, MO","Chicago, IL",258,34
United Airlines,"St. Louis, MO","Denver, CO",770,4
United Airlines,"St. Louis, MO","Denver, CO",770,9
United Airlines,"St. Louis, MO","Newark, NJ",872,-20
United Airlines,"Syracuse, NY","Washington, DC",295,-12
United Airlines,"Tampa, FL","Denver, CO",1506,-19
United Airlines,"Tampa, FL","Houston, TX",787,-21
United Airlines,"Tampa, FL","Los Angeles, CA",2158,-3
United Airlines,"Tampa, FL","Newark, NJ",997,-1
United Airlines,"Traverse City, MI","Chicago, IL",224,6
United Airlines,"Tucson, AZ","Denver, CO",639,-7
United Airlines,"Washington, DC","Atlanta, GA",534,4
United Airlines,"Washington, DC","Boston, MA",412,-28
United Airlines,"Washington, DC","Boston, MA",412,-24
United Airlines,"Washington, DC","Chicago, IL",588,-1
United Airlines,"Washington, DC","Chicago, IL",588,3
United Airlines,"Washington, DC","Chicago, IL",588,33
United Airlines,"Washington, DC","Chicago, IL",588,20
United Airlines,"Washington, DC","Cleveland, OH",287,-12
United Airlines,"Washington, DC","Denver, CO",1452,-6
United Airlines,"Washington, DC","Houston, TX",1190,36
United Airlines,"Washington, DC","Houston, TX",1190,-6
United Airlines,"Washington, DC","Houston, TX",1190,-27
United Airlines,"Washington, DC","Houston, TX",1190,13
United Airlines,"Washington, DC","Houston, TX",1208,-1
United Airlines,"Washington, DC","Houston, TX",1208,-32
United Airlines,"Washington, DC","Jacksonville, FL",631,-19
United Airlines,"Washington, DC","Las Vegas, NV",2065,-4
United Airlines,"Washington, DC","Los Angeles, CA",2288,-26
United Airlines,"Washington, DC","New Orleans, LA",955,-19
United Airlines,"Washington, DC","Newark, NJ",212,1
United Airlines,"Washington, DC","Orlando, FL",758,-25
United Airlines,"Washington, DC","Orlando, FL",758,26
United Airlines,"Washington, DC","Orlando, FL",758,2
United Airlines,"Washington, DC","San Francisco, CA",2418,-24
United Airlines,"Washington, DC","San Francisco, CA",2418,-21
United Airlines,"Washington, DC","San Francisco, CA",2418,2
United Airlines,"Washington, DC","Seattle, WA",2305,-37
United Airlines,"Washington, DC","Tampa, FL",811,-4
United Airlines,"West Palm Beach/Palm Beach, FL","Chicago, IL",1144,0
United Airlines,"West Palm Beach/Palm Beach, FL","Houston, TX",956,-22
United Airlines,"West Palm Beach/Palm Beach, FL","Houston, TX",956,-29
United Airlines,"West Palm Beach/Palm Beach, FL","Newark, NJ",1024,-26
United Airlines,"West Palm Beach/Palm Beach, FL","Newark, NJ",1024,7
